time,temperature_2m_mean,temperature_2m_max,temperature_2m_min,wind_speed_10m_max,wind_gusts_10m_max,shortwave_radiation_sum,date
2016-08-09 00:00:00+00:00,22.581167221069336,26.70199966430664,19.402000427246094,21.252199172973633,44.279998779296875,17.1299991607666,2016-08-09
2016-08-10 00:00:00+00:00,22.595754623413086,26.402000427246094,19.152000427246094,22.346113204956055,46.439998626708984,16.989999771118164,2016-08-10
2016-08-11 00:00:00+00:00,22.637414932250977,26.402000427246094,19.25200080871582,19.813087463378906,41.39999771118164,16.479999542236328,2016-08-11
2016-08-12 00:00:00+00:00,22.78741455078125,26.95199966430664,19.70199966430664,18.37411117553711,41.03999710083008,16.389999389648438,2016-08-12
2016-08-13 00:00:00+00:00,22.79158592224121,27.402000427246094,19.75200080871582,20.17606544494629,45.71999740600586,16.860000610351562,2016-08-13
2016-08-14 00:00:00+00:00,22.591585159301758,26.601999282836914,19.101999282836914,22.36640167236328,46.439998626708984,17.420000076293945,2016-08-14
2016-08-15 00:00:00+00:00,22.583253860473633,26.302000045776367,19.402000427246094,25.153671264648438,49.68000030517578,15.989999771118164,2016-08-15
2016-08-16 00:00:00+00:00,22.893667221069336,26.25200080871582,20.552000045776367,29.01742935180664,59.03999710083008,15.850000381469727,2016-08-16
2016-08-17 00:00:00+00:00,22.602005004882812,26.00200080871582,20.402000427246094,26.302181243896484,52.560001373291016,16.43000030517578,2016-08-17
2016-08-18 00:00:00+00:00,22.75825309753418,26.351999282836914,20.152000427246094,20.969804763793945,43.560001373291016,16.56999969482422,2016-08-18
2016-08-19 00:00:00+00:00,22.7415828704834,26.902000427246094,19.351999282836914,21.077686309814453,42.47999954223633,17.3799991607666,2016-08-19
2016-08-20 00:00:00+00:00,22.97075080871582,27.101999282836914,19.152000427246094,14.264361381530762,34.91999816894531,19.239999771118164,2016-08-20
2016-08-21 00:00:00+00:00,23.185331344604492,27.302000045776367,18.50200080871582,15.141413688659668,31.68000030517578,21.030000686645508,2016-08-21
2016-08-22 00:00:00+00:00,23.170747756958008,26.75200080871582,19.902000427246094,16.78156089782715,34.20000076293945,14.420000076293945,2016-08-22
2016-08-23 00:00:00+00:00,23.341585159301758,27.601999282836914,20.00200080871582,17.283748626708984,37.79999923706055,19.059999465942383,2016-08-23
2016-08-24 00:00:00+00:00,23.164499282836914,27.75200080871582,20.351999282836914,19.06300926208496,40.31999969482422,17.040000915527344,2016-08-24
2016-08-25 00:00:00+00:00,22.520751953125,27.00200080871582,20.052000045776367,18.003599166870117,36.0,15.5,2016-08-25
2016-08-26 00:00:00+00:00,22.260332107543945,26.20199966430664,19.95199966430664,17.102840423583984,36.71999740600586,15.289999961853027,2016-08-26
2016-08-27 00:00:00+00:00,21.893667221069336,26.351999282836914,19.652000427246094,18.161277770996094,36.0,11.65999984741211,2016-08-27
2016-08-28 00:00:00+00:00,22.393667221069336,25.552000045776367,19.652000427246094,19.523155212402344,39.599998474121094,11.430000305175781,2016-08-28
2016-08-29 00:00:00+00:00,22.791582107543945,26.851999282836914,19.851999282836914,17.227418899536133,38.519996643066406,17.200000762939453,2016-08-29
2016-08-30 00:00:00+00:00,22.058252334594727,26.45199966430664,19.75200080871582,18.792551040649414,39.599998474121094,13.579999923706055,2016-08-30
2016-08-31 00:00:00+00:00,21.612417221069336,24.802000045776367,19.70199966430664,16.05535316467285,33.839996337890625,11.729999542236328,2016-08-31
2016-09-01 00:00:00+00:00,22.045753479003906,25.351999282836914,19.351999282836914,17.163354873657227,38.880001068115234,15.539999961853027,2016-09-01
2016-09-02 00:00:00+00:00,22.11241912841797,25.802000045776367,19.25200080871582,16.93531036376953,36.71999740600586,16.139999389648438,2016-09-02
2016-09-03 00:00:00+00:00,22.012414932250977,25.45199966430664,19.052000045776367,19.08339500427246,36.71999740600586,12.0600004196167,2016-09-03
2016-09-04 00:00:00+00:00,22.291582107543945,26.101999282836914,18.50200080871582,18.289274215698242,37.439998626708984,14.949999809265137,2016-09-04
2016-09-05 00:00:00+00:00,21.91033363342285,25.601999282836914,18.152000427246094,20.393293380737305,41.39999771118164,17.40999984741211,2016-09-05
2016-09-06 00:00:00+00:00,21.724916458129883,25.601999282836914,17.95199966430664,19.242326736450195,42.47999954223633,16.690000534057617,2016-09-06
2016-09-07 00:00:00+00:00,21.508249282836914,25.802000045776367,17.302000045776367,18.35999870300293,42.47999954223633,18.280000686645508,2016-09-07
2016-09-08 00:00:00+00:00,21.904083251953125,26.20199966430664,16.802000045776367,15.294703483581543,36.71999740600586,19.969999313354492,2016-09-08
2016-09-09 00:00:00+00:00,22.512418746948242,26.75200080871582,18.351999282836914,15.408671379089355,31.319997787475586,20.969999313354492,2016-09-09
2016-09-10 00:00:00+00:00,22.78742027282715,27.302000045776367,18.45199966430664,16.13587188720703,34.560001373291016,21.649999618530273,2016-09-10
2016-09-11 00:00:00+00:00,22.493667602539062,26.851999282836914,18.652000427246094,19.513195037841797,40.31999969482422,17.420000076293945,2016-09-11
2016-09-12 00:00:00+00:00,22.38533592224121,26.052000045776367,18.601999282836914,18.875125885009766,38.519996643066406,17.5,2016-09-12
2016-09-13 00:00:00+00:00,22.429086685180664,26.302000045776367,19.45199966430664,18.21827507019043,37.07999801635742,14.260000228881836,2016-09-13
2016-09-14 00:00:00+00:00,22.65616798400879,26.50200080871582,19.802000045776367,20.456745147705078,42.839996337890625,14.239999771118164,2016-09-14
2016-09-15 00:00:00+00:00,22.70616912841797,26.402000427246094,19.652000427246094,20.08270835876465,48.23999786376953,18.100000381469727,2016-09-15
2016-09-16 00:00:00+00:00,22.62700080871582,26.802000045776367,19.351999282836914,22.319997787475586,45.71999740600586,15.529999732971191,2016-09-16
2016-09-17 00:00:00+00:00,22.66242027282715,27.351999282836914,18.302000045776367,22.782625198364258,47.880001068115234,17.260000228881836,2016-09-17
2016-09-18 00:00:00+00:00,22.549917221069336,26.652000427246094,18.302000045776367,20.88310432434082,43.91999816894531,18.270000457763672,2016-09-18
2016-09-19 00:00:00+00:00,22.81658363342285,27.00200080871582,19.20199966430664,20.523157119750977,42.119998931884766,17.280000686645508,2016-09-19
2016-09-20 00:00:00+00:00,22.552001953125,26.152000427246094,19.25200080871582,21.27353286743164,43.19999694824219,15.170000076293945,2016-09-20
2016-09-21 00:00:00+00:00,21.193666458129883,24.20199966430664,19.052000045776367,22.702844619750977,45.0,11.720000267028809,2016-09-21
2016-09-22 00:00:00+00:00,21.97075080871582,25.45199966430664,19.25200080871582,26.613229751586914,52.91999816894531,15.420000076293945,2016-09-22
2016-09-23 00:00:00+00:00,22.433252334594727,26.00200080871582,19.101999282836914,25.567604064941406,51.47999954223633,14.4399995803833,2016-09-23
2016-09-24 00:00:00+00:00,22.170753479003906,25.402000427246094,19.95199966430664,25.63088607788086,51.839996337890625,11.779999732971191,2016-09-24
2016-09-25 00:00:00+00:00,22.766584396362305,26.152000427246094,20.351999282836914,24.923337936401367,49.31999969482422,13.539999961853027,2016-09-25
2016-09-26 00:00:00+00:00,23.12700080871582,26.75200080871582,20.402000427246094,20.05687713623047,37.439998626708984,14.039999961853027,2016-09-26
2016-09-27 00:00:00+00:00,22.65616798400879,26.902000427246094,20.351999282836914,15.79083251953125,32.39999771118164,15.229999542236328,2016-09-27
2016-09-28 00:00:00+00:00,22.28533363342285,25.95199966430664,20.351999282836914,13.830748558044434,30.23999786376953,12.1899995803833,2016-09-28
2016-09-29 00:00:00+00:00,23.022836685180664,27.45199966430664,20.20199966430664,15.807238578796387,33.47999954223633,18.3700008392334,2016-09-29
2016-09-30 00:00:00+00:00,22.606168746948242,26.601999282836914,19.25200080871582,17.068706512451172,36.0,19.899999618530273,2016-09-30
2016-10-01 00:00:00+00:00,21.92491912841797,26.25200080871582,18.052000045776367,14.264361381530762,31.68000030517578,14.609999656677246,2016-10-01
2016-10-02 00:00:00+00:00,22.31867027282715,27.302000045776367,17.75200080871582,11.01388168334961,26.639999389648438,22.15999984741211,2016-10-02
2016-10-03 00:00:00+00:00,23.181169509887695,28.101999282836914,17.552000045776367,7.9932966232299805,20.15999984741211,22.399999618530273,2016-10-03
2016-10-04 00:00:00+00:00,22.943666458129883,27.101999282836914,18.652000427246094,11.525623321533203,27.0,20.479999542236328,2016-10-04
2016-10-05 00:00:00+00:00,22.887418746948242,27.652000427246094,18.00200080871582,13.854154586791992,30.96000099182129,22.860000610351562,2016-10-05
2016-10-06 00:00:00+00:00,22.841585159301758,27.95199966430664,18.00200080871582,12.64107608795166,30.23999786376953,20.459999084472656,2016-10-06
2016-10-07 00:00:00+00:00,22.770750045776367,28.152000427246094,17.302000045776367,12.261157989501953,29.51999855041504,23.170000076293945,2016-10-07
2016-10-08 00:00:00+00:00,23.133249282836914,28.302000045776367,18.00200080871582,14.494192123413086,31.319997787475586,22.489999771118164,2016-10-08
2016-10-09 00:00:00+00:00,22.845748901367188,27.302000045776367,18.50200080871582,19.82943344116211,41.39999771118164,19.5,2016-10-09
2016-10-10 00:00:00+00:00,22.86658477783203,26.902000427246094,19.351999282836914,19.41665267944336,38.880001068115234,14.020000457763672,2016-10-10
2016-10-11 00:00:00+00:00,23.0853328704834,28.152000427246094,19.052000045776367,13.202726364135742,31.319997787475586,19.920000076293945,2016-10-11
2016-10-12 00:00:00+00:00,22.3353328704834,27.50200080871582,19.851999282836914,7.172948837280273,23.03999900817871,14.050000190734863,2016-10-12
2016-10-13 00:00:00+00:00,23.237417221069336,26.95199966430664,19.45199966430664,7.903619289398193,29.15999984741211,15.779999732971191,2016-10-13
2016-10-14 00:00:00+00:00,23.33533477783203,28.402000427246094,18.552000045776367,12.0693998336792,25.559999465942383,21.459999084472656,2016-10-14
2016-10-15 00:00:00+00:00,22.358247756958008,28.20199966430664,16.652000427246094,11.592894554138184,23.759998321533203,22.760000228881836,2016-10-15
2016-10-16 00:00:00+00:00,22.37491798400879,28.20199966430664,16.50200080871582,9.931041717529297,21.959999084472656,23.440000534057617,2016-10-16
2016-10-17 00:00:00+00:00,23.139501571655273,28.402000427246094,16.75200080871582,12.522619247436523,23.759998321533203,23.399999618530273,2016-10-17
2016-10-18 00:00:00+00:00,23.654083251953125,29.00200080871582,17.902000427246094,10.086426734924316,27.719999313354492,22.600000381469727,2016-10-18
2016-10-19 00:00:00+00:00,23.764501571655273,29.052000045776367,18.00200080871582,10.239453315734863,25.559999465942383,23.760000228881836,2016-10-19
2016-10-20 00:00:00+00:00,23.737417221069336,29.20199966430664,18.70199966430664,9.178235054016113,24.84000015258789,23.219999313354492,2016-10-20
2016-10-21 00:00:00+00:00,23.454084396362305,28.851999282836914,17.302000045776367,9.931041717529297,26.639999389648438,22.860000610351562,2016-10-21
2016-10-22 00:00:00+00:00,23.520750045776367,29.00200080871582,16.902000427246094,10.041354179382324,28.079999923706055,23.389999389648438,2016-10-22
2016-10-23 00:00:00+00:00,23.508249282836914,28.851999282836914,17.351999282836914,9.44957160949707,25.919998168945312,22.479999542236328,2016-10-23
2016-10-24 00:00:00+00:00,23.189498901367188,29.351999282836914,16.302000045776367,10.99032211303711,25.19999885559082,22.309999465942383,2016-10-24
2016-10-25 00:00:00+00:00,22.97700309753418,28.601999282836914,16.902000427246094,10.086426734924316,26.639999389648438,22.190000534057617,2016-10-25
2016-10-26 00:00:00+00:00,23.614501953125,29.402000427246094,16.851999282836914,8.89134407043457,24.479999542236328,22.40999984741211,2016-10-26
2016-10-27 00:00:00+00:00,23.743669509887695,28.152000427246094,17.601999282836914,10.390226364135742,27.719999313354492,18.81999969482422,2016-10-27
2016-10-28 00:00:00+00:00,24.512420654296875,29.052000045776367,19.25200080871582,10.383987426757812,25.19999885559082,19.690000534057617,2016-10-28
2016-10-29 00:00:00+00:00,24.560331344604492,30.302000045776367,18.20199966430664,13.217443466186523,28.799999237060547,21.06999969482422,2016-10-29
2016-10-30 00:00:00+00:00,23.84366798400879,29.851999282836914,20.052000045776367,13.905508995056152,31.319997787475586,17.979999542236328,2016-10-30
2016-10-31 00:00:00+00:00,23.764501571655273,28.152000427246094,20.052000045776367,13.339445114135742,32.76000213623047,16.6200008392334,2016-10-31
2016-11-01 00:00:00+00:00,22.854082107543945,27.95199966430664,18.902000427246094,15.379205703735352,36.36000061035156,14.989999771118164,2016-11-01
2016-11-02 00:00:00+00:00,22.912416458129883,27.95199966430664,18.45199966430664,16.904672622680664,37.439998626708984,17.18000030517578,2016-11-02
2016-11-03 00:00:00+00:00,24.010332107543945,29.601999282836914,18.95199966430664,14.058449745178223,36.36000061035156,19.639999389648438,2016-11-03
2016-11-04 00:00:00+00:00,23.883249282836914,29.802000045776367,18.50200080871582,13.896186828613281,32.39999771118164,21.149999618530273,2016-11-04
2016-11-05 00:00:00+00:00,23.435335159301758,29.601999282836914,18.00200080871582,13.3637113571167,32.03999710083008,21.84000015258789,2016-11-05
2016-11-06 00:00:00+00:00,23.245752334594727,29.00200080871582,16.45199966430664,8.707237243652344,27.0,22.709999084472656,2016-11-06
2016-11-07 00:00:00+00:00,23.662416458129883,28.402000427246094,17.70199966430664,10.948972702026367,25.559999465942383,19.43000030517578,2016-11-07
2016-11-08 00:00:00+00:00,22.70408058166504,28.652000427246094,16.902000427246094,12.074766159057617,28.440000534057617,22.739999771118164,2016-11-08
2016-11-09 00:00:00+00:00,21.699918746948242,28.00200080871582,15.70199966430664,10.799999237060547,25.559999465942383,22.850000381469727,2016-11-09
2016-11-10 00:00:00+00:00,22.014497756958008,28.45199966430664,14.751999855041504,11.726277351379395,24.119998931884766,22.65999984741211,2016-11-10
2016-11-11 00:00:00+00:00,22.677001953125,28.50200080871582,15.85200023651123,12.924952507019043,23.399999618530273,22.1299991607666,2016-11-11
2016-11-12 00:00:00+00:00,23.63117027282715,29.00200080871582,16.851999282836914,11.72075080871582,23.399999618530273,18.459999084472656,2016-11-12
2016-11-13 00:00:00+00:00,23.520751953125,29.25200080871582,18.601999282836914,14.081478118896484,30.23999786376953,18.040000915527344,2016-11-13
2016-11-14 00:00:00+00:00,23.462419509887695,28.652000427246094,20.20199966430664,13.319999694824219,29.51999855041504,17.219999313354492,2016-11-14
2016-11-15 00:00:00+00:00,23.897836685180664,29.601999282836914,18.45199966430664,13.722564697265625,31.68000030517578,18.610000610351562,2016-11-15
2016-11-16 00:00:00+00:00,23.568666458129883,28.802000045776367,18.20199966430664,17.46278190612793,41.03999710083008,18.209999084472656,2016-11-16
2016-11-17 00:00:00+00:00,23.106170654296875,28.45199966430664,17.75200080871582,18.94708251953125,41.39999771118164,15.470000267028809,2016-11-17
2016-11-18 00:00:00+00:00,22.718666076660156,29.152000427246094,16.851999282836914,17.102840423583984,39.599998474121094,21.600000381469727,2016-11-18
2016-11-19 00:00:00+00:00,22.964502334594727,29.20199966430664,16.601999282836914,13.708391189575195,33.47999954223633,20.81999969482422,2016-11-19
2016-11-20 00:00:00+00:00,22.79158592224121,29.50200080871582,16.802000045776367,10.538843154907227,31.319997787475586,21.1200008392334,2016-11-20
2016-11-21 00:00:00+00:00,22.06450080871582,29.302000045776367,15.251999855041504,14.40899658203125,33.47999954223633,21.420000076293945,2016-11-21
2016-11-22 00:00:00+00:00,21.99991798400879,29.351999282836914,14.35200023651123,11.298495292663574,29.8799991607666,20.670000076293945,2016-11-22
2016-11-23 00:00:00+00:00,22.149917602539062,29.75200080871582,15.302000045776367,13.339445114135742,32.76000213623047,21.790000915527344,2016-11-23
2016-11-24 00:00:00+00:00,21.66450309753418,29.351999282836914,14.85200023651123,12.959999084472656,30.23999786376953,22.229999542236328,2016-11-24
2016-11-25 00:00:00+00:00,21.81866455078125,29.802000045776367,14.652000427246094,15.6837739944458,36.36000061035156,22.6200008392334,2016-11-25
2016-11-26 00:00:00+00:00,21.620750427246094,29.802000045776367,13.85200023651123,11.966954231262207,33.47999954223633,22.229999542236328,2016-11-26
2016-11-27 00:00:00+00:00,22.177001953125,30.45199966430664,13.70199966430664,11.18320083618164,30.599998474121094,21.899999618530273,2016-11-27
2016-11-28 00:00:00+00:00,22.818666458129883,31.20199966430664,14.751999855041504,12.475960731506348,29.15999984741211,21.700000762939453,2016-11-28
2016-11-29 00:00:00+00:00,22.164505004882812,29.902000427246094,14.45199966430664,11.298495292663574,27.719999313354492,20.100000381469727,2016-11-29
2016-11-30 00:00:00+00:00,21.962419509887695,29.101999282836914,15.60200023651123,14.843179702758789,32.39999771118164,17.989999771118164,2016-11-30
2016-12-01 00:00:00+00:00,21.358253479003906,26.802000045776367,16.402000427246094,19.31962776184082,49.68000030517578,15.149999618530273,2016-12-01
2016-12-02 00:00:00+00:00,20.974916458129883,25.00200080871582,19.052000045776367,19.336389541625977,39.23999786376953,10.180000305175781,2016-12-02
2016-12-03 00:00:00+00:00,21.029083251953125,23.75200080871582,19.152000427246094,20.523157119750977,43.91999816894531,10.899999618530273,2016-12-03
2016-12-04 00:00:00+00:00,22.093666076660156,27.25200080871582,18.75200080871582,14.812589645385742,33.47999954223633,14.75,2016-12-04
2016-12-05 00:00:00+00:00,21.87491798400879,26.601999282836914,18.152000427246094,14.277982711791992,32.39999771118164,16.25,2016-12-05
2016-12-06 00:00:00+00:00,20.558252334594727,26.25200080871582,14.802000045776367,14.00302791595459,32.03999710083008,19.139999389648438,2016-12-06
2016-12-07 00:00:00+00:00,20.827001571655273,27.20199966430664,13.902000427246094,15.124283790588379,33.839996337890625,20.100000381469727,2016-12-07
2016-12-08 00:00:00+00:00,21.94575309753418,27.152000427246094,16.402000427246094,9.693296432495117,25.919998168945312,15.579999923706055,2016-12-08
2016-12-09 00:00:00+00:00,21.41242027282715,28.20199966430664,15.052000045776367,12.397806167602539,28.079999923706055,21.200000762939453,2016-12-09
2016-12-10 00:00:00+00:00,21.10408592224121,27.851999282836914,15.10200023651123,14.264361381530762,32.39999771118164,20.93000030517578,2016-12-10
2016-12-11 00:00:00+00:00,22.11658477783203,27.601999282836914,15.052000045776367,12.574259757995605,27.35999870300293,20.809999465942383,2016-12-11
2016-12-12 00:00:00+00:00,21.285335540771484,26.20199966430664,18.25200080871582,28.483257293701172,56.15999984741211,12.779999732971191,2016-12-12
2016-12-13 00:00:00+00:00,18.45616912841797,19.402000427246094,17.70199966430664,23.762725830078125,52.19999694824219,1.9500000476837158,2016-12-13
2016-12-14 00:00:00+00:00,20.59783363342285,24.152000427246094,18.101999282836914,17.727943420410156,36.0,11.550000190734863,2016-12-14
2016-12-15 00:00:00+00:00,20.902002334594727,25.70199966430664,17.851999282836914,12.979984283447266,30.23999786376953,17.979999542236328,2016-12-15
2016-12-16 00:00:00+00:00,20.56241798400879,24.802000045776367,17.25200080871582,15.745627403259277,33.47999954223633,14.460000038146973,2016-12-16
2016-12-17 00:00:00+00:00,20.64366912841797,25.95199966430664,16.25200080871582,13.392773628234863,32.03999710083008,16.81999969482422,2016-12-17
2016-12-18 00:00:00+00:00,20.156169891357422,26.351999282836914,14.902000427246094,13.60876178741455,31.319997787475586,20.1200008392334,2016-12-18
2016-12-19 00:00:00+00:00,19.46241569519043,26.45199966430664,13.552000045776367,14.764389991760254,33.47999954223633,20.989999771118164,2016-12-19
2016-12-20 00:00:00+00:00,20.137418746948242,26.851999282836914,13.501999855041504,13.138765335083008,30.599998474121094,20.899999618530273,2016-12-20
2016-12-21 00:00:00+00:00,20.49783706665039,26.902000427246094,15.001999855041504,8.647496223449707,21.959999084472656,20.559999465942383,2016-12-21
2016-12-22 00:00:00+00:00,20.07283592224121,27.402000427246094,14.152000427246094,10.464797973632812,26.280000686645508,21.549999237060547,2016-12-22
2016-12-23 00:00:00+00:00,19.720752716064453,27.152000427246094,12.85200023651123,10.144082069396973,25.919998168945312,21.65999984741211,2016-12-23
2016-12-24 00:00:00+00:00,19.59575080871582,27.25200080871582,12.402000427246094,10.895576477050781,25.919998168945312,21.6299991607666,2016-12-24
2016-12-25 00:00:00+00:00,19.166582107543945,27.101999282836914,12.251999855041504,9.178235054016113,19.079999923706055,21.31999969482422,2016-12-25
2016-12-26 00:00:00+00:00,19.547834396362305,27.95199966430664,11.60200023651123,12.496718406677246,31.319997787475586,21.600000381469727,2016-12-26
2016-12-27 00:00:00+00:00,20.14783477783203,27.75200080871582,12.95199966430664,15.716793060302734,37.79999923706055,21.799999237060547,2016-12-27
2016-12-28 00:00:00+00:00,20.3040828704834,27.302000045776367,14.20199966430664,14.44044303894043,33.839996337890625,21.06999969482422,2016-12-28
2016-12-29 00:00:00+00:00,19.460336685180664,26.70199966430664,13.751999855041504,12.429126739501953,30.599998474121094,21.739999771118164,2016-12-29
2016-12-30 00:00:00+00:00,19.45200538635254,26.402000427246094,13.35200023651123,13.009902954101562,32.39999771118164,21.68000030517578,2016-12-30
2016-12-31 00:00:00+00:00,19.54783058166504,26.902000427246094,13.251999855041504,12.101570129394531,33.119998931884766,21.850000381469727,2016-12-31
2017-01-01 00:00:00+00:00,20.484333038330078,27.325998306274414,13.72599983215332,15.038350105285645,32.76000213623047,21.40999984741211,2017-01-01
2017-01-02 00:00:00+00:00,21.00099754333496,27.125999450683594,15.425999641418457,12.324414253234863,24.84000015258789,20.43000030517578,2017-01-02
2017-01-03 00:00:00+00:00,21.165584564208984,28.125999450683594,15.37600040435791,13.797911643981934,31.68000030517578,21.68000030517578,2017-01-03
2017-01-04 00:00:00+00:00,21.02182960510254,27.625999450683594,15.076000213623047,14.512063980102539,24.84000015258789,21.420000076293945,2017-01-04
2017-01-05 00:00:00+00:00,20.846834182739258,27.775999069213867,14.826000213623047,16.243940353393555,28.079999923706055,21.799999237060547,2017-01-05
2017-01-06 00:00:00+00:00,20.715585708618164,27.375999450683594,15.62600040435791,16.51690101623535,28.079999923706055,21.59000015258789,2017-01-06
2017-01-07 00:00:00+00:00,20.98225212097168,27.375999450683594,14.776000022888184,16.454008102416992,28.440000534057617,21.469999313354492,2017-01-07
2017-01-08 00:00:00+00:00,20.619749069213867,27.375999450683594,14.425999641418457,20.545246124267578,35.279998779296875,21.479999542236328,2017-01-08
2017-01-09 00:00:00+00:00,20.861417770385742,27.325998306274414,14.62600040435791,15.815435409545898,27.719999313354492,21.760000228881836,2017-01-09
2017-01-10 00:00:00+00:00,21.161415100097656,27.125999450683594,14.62600040435791,14.471820831298828,24.479999542236328,17.940000534057617,2017-01-10
2017-01-11 00:00:00+00:00,21.378082275390625,26.47599983215332,15.37600040435791,16.039201736450195,28.079999923706055,16.43000030517578,2017-01-11
2017-01-12 00:00:00+00:00,21.317668914794922,25.42599868774414,15.576000213623047,14.88241958618164,26.639999389648438,12.989999771118164,2017-01-12
2017-01-13 00:00:00+00:00,20.79683494567871,26.125999450683594,16.575998306274414,20.774213790893555,36.36000061035156,14.270000457763672,2017-01-13
2017-01-14 00:00:00+00:00,19.98433494567871,24.72599983215332,15.026000022888184,18.250259399414062,35.279998779296875,15.260000228881836,2017-01-14
2017-01-15 00:00:00+00:00,20.171833038330078,26.325998306274414,14.47599983215332,17.731597900390625,37.07999801635742,21.520000457763672,2017-01-15
2017-01-16 00:00:00+00:00,20.338499069213867,26.325998306274414,14.675999641418457,12.819234848022461,30.96000099182129,21.93000030517578,2017-01-16
2017-01-17 00:00:00+00:00,20.182249069213867,26.97599983215332,14.326000213623047,17.283748626708984,34.20000076293945,22.549999237060547,2017-01-17
2017-01-18 00:00:00+00:00,19.4947509765625,26.72599983215332,13.37600040435791,17.518356323242188,36.36000061035156,23.110000610351562,2017-01-18
2017-01-19 00:00:00+00:00,19.388500213623047,25.575998306274414,14.175999641418457,20.188907623291016,38.15999984741211,21.170000076293945,2017-01-19
2017-01-20 00:00:00+00:00,21.115583419799805,28.375999450683594,13.925999641418457,25.153671264648438,48.23999786376953,21.329999923706055,2017-01-20
2017-01-21 00:00:00+00:00,21.37183380126953,26.325998306274414,16.775999069213867,24.482646942138672,46.79999923706055,13.079999923706055,2017-01-21
2017-01-22 00:00:00+00:00,21.659334182739258,28.22599983215332,15.72599983215332,21.252199172973633,42.47999954223633,20.1200008392334,2017-01-22
2017-01-23 00:00:00+00:00,21.463502883911133,27.775999069213867,15.675999641418457,23.584808349609375,46.79999923706055,21.670000076293945,2017-01-23
2017-01-24 00:00:00+00:00,21.709333419799805,28.275999069213867,16.075998306274414,22.2647705078125,44.279998779296875,22.18000030517578,2017-01-24
2017-01-25 00:00:00+00:00,21.26558494567871,27.47599983215332,15.47599983215332,19.523155212402344,40.31999969482422,19.290000915527344,2017-01-25
2017-01-26 00:00:00+00:00,19.396833419799805,21.875999450683594,16.47599983215332,17.015474319458008,30.599998474121094,6.429999828338623,2017-01-26
2017-01-27 00:00:00+00:00,20.928083419799805,25.075998306274414,18.575998306274414,14.5610990524292,30.23999786376953,12.279999732971191,2017-01-27
2017-01-28 00:00:00+00:00,21.77391815185547,26.17599868774414,18.17599868774414,18.17554473876953,35.279998779296875,13.819999694824219,2017-01-28
2017-01-29 00:00:00+00:00,22.25933074951172,27.525999069213867,18.025999069213867,16.981164932250977,35.279998779296875,18.600000381469727,2017-01-29
2017-01-30 00:00:00+00:00,21.90308380126953,27.72599983215332,16.825998306274414,16.7661075592041,34.560001373291016,22.8799991607666,2017-01-30
2017-01-31 00:00:00+00:00,21.39682960510254,28.375999450683594,15.776000022888184,16.559999465942383,28.440000534057617,23.139999389648438,2017-01-31
2017-02-01 00:00:00+00:00,20.796833038330078,27.825998306274414,15.076000213623047,15.328560829162598,27.35999870300293,23.950000762939453,2017-02-01
2017-02-02 00:00:00+00:00,20.98849868774414,28.125999450683594,14.62600040435791,17.462783813476562,34.91999816894531,24.200000762939453,2017-02-02
2017-02-03 00:00:00+00:00,20.851001739501953,27.575998306274414,15.22599983215332,15.294703483581543,33.839996337890625,23.690000534057617,2017-02-03
2017-02-04 00:00:00+00:00,20.38433265686035,27.075998306274414,14.62600040435791,13.905508995056152,31.68000030517578,23.739999771118164,2017-02-04
2017-02-05 00:00:00+00:00,20.463499069213867,27.775999069213867,13.826000213623047,14.685175895690918,27.35999870300293,24.299999237060547,2017-02-05
2017-02-06 00:00:00+00:00,21.334333419799805,28.42599868774414,13.826000213623047,10.93120288848877,23.03999900817871,23.989999771118164,2017-02-06
2017-02-07 00:00:00+00:00,21.950998306274414,29.42599868774414,14.12600040435791,18.05750846862793,31.319997787475586,24.170000076293945,2017-02-07
2017-02-08 00:00:00+00:00,22.128084182739258,29.825998306274414,15.675999641418457,15.646544456481934,29.15999984741211,24.510000228881836,2017-02-08
2017-02-09 00:00:00+00:00,21.88016700744629,29.67599868774414,14.97599983215332,17.731597900390625,30.599998474121094,24.530000686645508,2017-02-09
2017-02-10 00:00:00+00:00,21.865583419799805,29.97599983215332,14.62600040435791,17.654685974121094,29.8799991607666,24.899999618530273,2017-02-10
2017-02-11 00:00:00+00:00,21.41558265686035,29.525999069213867,13.675999641418457,19.914216995239258,34.560001373291016,24.850000381469727,2017-02-11
2017-02-12 00:00:00+00:00,20.78016471862793,28.22599983215332,14.026000022888184,17.771753311157227,32.39999771118164,24.90999984741211,2017-02-12
2017-02-13 00:00:00+00:00,21.03016471862793,27.67599868774414,14.37600040435791,17.771753311157227,38.15999984741211,24.229999542236328,2017-02-13
2017-02-14 00:00:00+00:00,21.765586853027344,27.775999069213867,15.47599983215332,23.510507583618164,45.71999740600586,18.530000686645508,2017-02-14
2017-02-15 00:00:00+00:00,22.198915481567383,29.125999450683594,15.675999641418457,20.87068748474121,42.47999954223633,24.479999542236328,2017-02-15
2017-02-16 00:00:00+00:00,21.20724868774414,28.525999069213867,13.87600040435791,25.23340606689453,49.68000030517578,25.479999542236328,2017-02-16
2017-02-17 00:00:00+00:00,21.32183265686035,28.97599983215332,13.72599983215332,24.640939712524414,48.959999084472656,25.260000228881836,2017-02-17
2017-02-18 00:00:00+00:00,22.39058494567871,29.825998306274414,15.675999641418457,24.648828506469727,48.959999084472656,25.219999313354492,2017-02-18
2017-02-19 00:00:00+00:00,23.125999450683594,31.075998306274414,15.62600040435791,19.228851318359375,39.23999786376953,23.270000457763672,2017-02-19
2017-02-20 00:00:00+00:00,24.12183380126953,31.275999069213867,16.125999450683594,12.64107608795166,26.639999389648438,24.389999389648438,2017-02-20
2017-02-21 00:00:00+00:00,24.784334182739258,32.57600021362305,17.075998306274414,14.007655143737793,24.84000015258789,24.940000534057617,2017-02-21
2017-02-22 00:00:00+00:00,25.35308074951172,32.676002502441406,18.42599868774414,12.144330978393555,22.319997787475586,25.010000228881836,2017-02-22
2017-02-23 00:00:00+00:00,25.2760009765625,33.07600021362305,18.125999450683594,19.164716720581055,39.959999084472656,25.420000076293945,2017-02-23
2017-02-24 00:00:00+00:00,25.551000595092773,33.32600021362305,17.775999069213867,21.218631744384766,43.91999816894531,25.850000381469727,2017-02-24
2017-02-25 00:00:00+00:00,25.596832275390625,33.2760009765625,17.97599983215332,18.837322235107422,40.31999969482422,25.690000534057617,2017-02-25
2017-02-26 00:00:00+00:00,24.68433380126953,32.176002502441406,17.92599868774414,21.03152084350586,37.07999801635742,25.520000457763672,2017-02-26
2017-02-27 00:00:00+00:00,23.763498306274414,30.92599868774414,16.525999069213867,25.264202117919922,49.68000030517578,25.530000686645508,2017-02-27
2017-02-28 00:00:00+00:00,23.3405818939209,30.875999450683594,16.275999069213867,22.505037307739258,45.71999740600586,26.549999237060547,2017-02-28
2017-03-01 00:00:00+00:00,23.44683265686035,31.125999450683594,15.47599983215332,25.420181274414062,50.03999710083008,26.110000610351562,2017-03-01
2017-03-02 00:00:00+00:00,23.85516357421875,31.525999069213867,15.175999641418457,16.73516082763672,33.119998931884766,26.510000228881836,2017-03-02
2017-03-03 00:00:00+00:00,24.51350212097168,30.825998306274414,17.575998306274414,17.068706512451172,30.599998474121094,22.56999969482422,2017-03-03
2017-03-04 00:00:00+00:00,25.29683494567871,31.72599983215332,20.375999450683594,23.399999618530273,41.03999710083008,21.68000030517578,2017-03-04
2017-03-05 00:00:00+00:00,25.876001358032227,30.525999069213867,20.525999069213867,19.079999923706055,33.839996337890625,18.959999084472656,2017-03-05
2017-03-06 00:00:00+00:00,24.803085327148438,28.97599983215332,20.42599868774414,11.18320083618164,28.079999923706055,16.350000381469727,2017-03-06
2017-03-07 00:00:00+00:00,25.190582275390625,30.125999450683594,20.92599868774414,13.513193130493164,31.319997787475586,19.709999084472656,2017-03-07
2017-03-08 00:00:00+00:00,25.66975212097168,31.67599868774414,20.92599868774414,12.181625366210938,24.119998931884766,18.860000610351562,2017-03-08
2017-03-09 00:00:00+00:00,25.765581130981445,32.0260009765625,20.825998306274414,15.281989097595215,35.63999938964844,22.84000015258789,2017-03-09
2017-03-10 00:00:00+00:00,26.2155818939209,33.07600021362305,19.72599983215332,16.19999885559082,29.15999984741211,24.459999084472656,2017-03-10
2017-03-11 00:00:00+00:00,26.094751358032227,32.426002502441406,19.525999069213867,17.309972763061523,29.8799991607666,24.540000915527344,2017-03-11
2017-03-12 00:00:00+00:00,26.080167770385742,33.625999450683594,19.375999450683594,17.227420806884766,29.15999984741211,26.809999465942383,2017-03-12
2017-03-13 00:00:00+00:00,26.055166244506836,32.875999450683594,19.97599983215332,16.831684112548828,30.23999786376953,24.469999313354492,2017-03-13
2017-03-14 00:00:00+00:00,24.063499450683594,27.875999450683594,20.075998306274414,17.727943420410156,32.39999771118164,16.34000015258789,2017-03-14
2017-03-15 00:00:00+00:00,24.459335327148438,29.67599868774414,19.97599983215332,16.70415496826172,35.63999938964844,18.020000457763672,2017-03-15
2017-03-16 00:00:00+00:00,25.06974983215332,32.32600021362305,19.825998306274414,15.379205703735352,32.03999710083008,21.299999237060547,2017-03-16
2017-03-17 00:00:00+00:00,25.767663955688477,31.525999069213867,19.775999069213867,15.034041404724121,25.559999465942383,20.799999237060547,2017-03-17
2017-03-18 00:00:00+00:00,26.68433380126953,33.375999450683594,20.17599868774414,15.46324634552002,28.440000534057617,25.799999237060547,2017-03-18
2017-03-19 00:00:00+00:00,27.128084182739258,33.875999450683594,20.875999450683594,16.548255920410156,28.799999237060547,26.309999465942383,2017-03-19
2017-03-20 00:00:00+00:00,26.828079223632812,31.625999450683594,21.625999450683594,12.879752159118652,29.8799991607666,20.270000457763672,2017-03-20
2017-03-21 00:00:00+00:00,25.788497924804688,31.325998306274414,20.67599868774414,15.905319213867188,32.76000213623047,17.739999771118164,2017-03-21
2017-03-22 00:00:00+00:00,26.428083419799805,33.426002502441406,19.575998306274414,15.745627403259277,32.39999771118164,23.079999923706055,2017-03-22
2017-03-23 00:00:00+00:00,26.1197509765625,33.72600173950195,19.275999069213867,17.654685974121094,29.8799991607666,27.239999771118164,2017-03-23
2017-03-24 00:00:00+00:00,26.482248306274414,34.426002502441406,18.775999069213867,19.353137969970703,38.880001068115234,27.770000457763672,2017-03-24
2017-03-25 00:00:00+00:00,27.319753646850586,34.82600021362305,18.72599983215332,19.386592864990234,41.39999771118164,27.68000030517578,2017-03-25
2017-03-26 00:00:00+00:00,27.732248306274414,35.375999450683594,19.47599983215332,23.04281234741211,47.15999984741211,27.5,2017-03-26
2017-03-27 00:00:00+00:00,27.719751358032227,34.82600021362305,20.325998306274414,20.523155212402344,42.47999954223633,27.600000381469727,2017-03-27
2017-03-28 00:00:00+00:00,27.49266815185547,34.926002502441406,20.025999069213867,17.294992446899414,38.15999984741211,27.209999084472656,2017-03-28
2017-03-29 00:00:00+00:00,27.978086471557617,35.2760009765625,20.875999450683594,15.978484153747559,34.560001373291016,27.329999923706055,2017-03-29
2017-03-30 00:00:00+00:00,27.457246780395508,34.926002502441406,20.67599868774414,19.523155212402344,38.15999984741211,27.5,2017-03-30
2017-03-31 00:00:00+00:00,27.505170822143555,34.7760009765625,20.775999069213867,21.48569679260254,42.839996337890625,27.700000762939453,2017-03-31
2017-04-01 00:00:00+00:00,28.061418533325195,35.2760009765625,21.275999069213867,17.67302894592285,30.23999786376953,26.93000030517578,2017-04-01
2017-04-02 00:00:00+00:00,28.3405818939209,35.676002502441406,21.42599868774414,16.29174041748047,30.23999786376953,26.190000534057617,2017-04-02
2017-04-03 00:00:00+00:00,28.269752502441406,35.125999450683594,21.825998306274414,15.62997055053711,28.799999237060547,23.889999389648438,2017-04-03
2017-04-04 00:00:00+00:00,27.88224983215332,33.125999450683594,21.67599868774414,11.620808601379395,31.319997787475586,22.899999618530273,2017-04-04
2017-04-05 00:00:00+00:00,27.448915481567383,32.875999450683594,22.47599983215332,9.0,27.35999870300293,21.09000015258789,2017-04-05
2017-04-06 00:00:00+00:00,28.128084182739258,33.426002502441406,22.47599983215332,16.595178604125977,32.03999710083008,19.5,2017-04-06
2017-04-07 00:00:00+00:00,27.68641471862793,32.125999450683594,22.825998306274414,13.32486343383789,30.599998474121094,22.440000534057617,2017-04-07
2017-04-08 00:00:00+00:00,28.28641700744629,33.57600021362305,22.67599868774414,15.038350105285645,28.440000534057617,21.950000762939453,2017-04-08
2017-04-09 00:00:00+00:00,28.40308380126953,34.82600021362305,21.97599983215332,14.654253959655762,31.319997787475586,23.639999389648438,2017-04-09
2017-04-10 00:00:00+00:00,28.846832275390625,34.926002502441406,21.72599983215332,15.111424446105957,38.15999984741211,21.1299991607666,2017-04-10
2017-04-11 00:00:00+00:00,29.03224754333496,34.5260009765625,22.67599868774414,17.11420440673828,36.71999740600586,22.530000686645508,2017-04-11
2017-04-12 00:00:00+00:00,28.55307960510254,35.426002502441406,22.075998306274414,18.0,38.15999984741211,24.850000381469727,2017-04-12
2017-04-13 00:00:00+00:00,28.38016700744629,35.07600021362305,21.17599868774414,18.844202041625977,33.47999954223633,27.459999084472656,2017-04-13
2017-04-14 00:00:00+00:00,27.832252502441406,34.97600173950195,21.17599868774414,20.326454162597656,36.36000061035156,27.389999389648438,2017-04-14
2017-04-15 00:00:00+00:00,28.03016471862793,35.0260009765625,21.075998306274414,18.692285537719727,38.880001068115234,24.739999771118164,2017-04-15
2017-04-16 00:00:00+00:00,28.130170822143555,33.47600173950195,22.025999069213867,16.489416122436523,35.279998779296875,23.860000610351562,2017-04-16
2017-04-17 00:00:00+00:00,27.805166244506836,33.676002502441406,21.825998306274414,18.486621856689453,39.599998474121094,23.760000228881836,2017-04-17
2017-04-18 00:00:00+00:00,28.803083419799805,35.07600021362305,21.575998306274414,19.11054229736328,45.0,23.719999313354492,2017-04-18
2017-04-19 00:00:00+00:00,27.94266700744629,33.0260009765625,22.075998306274414,14.578889846801758,28.079999923706055,23.40999984741211,2017-04-19
2017-04-20 00:00:00+00:00,27.29267120361328,33.125999450683594,22.825998306274414,15.941944122314453,38.880001068115234,21.899999618530273,2017-04-20
2017-04-21 00:00:00+00:00,25.92807960510254,30.775999069213867,21.775999069213867,17.11420440673828,32.39999771118164,20.139999389648438,2017-04-21
2017-04-22 00:00:00+00:00,27.16558265686035,32.875999450683594,21.42599868774414,14.773163795471191,30.599998474121094,21.350000381469727,2017-04-22
2017-04-23 00:00:00+00:00,27.878084182739258,34.2760009765625,21.67599868774414,13.708390235900879,31.319997787475586,25.239999771118164,2017-04-23
2017-04-24 00:00:00+00:00,27.9030818939209,34.07600021362305,21.525999069213867,14.777549743652344,32.76000213623047,22.799999237060547,2017-04-24
2017-04-25 00:00:00+00:00,27.515579223632812,33.926002502441406,21.92599868774414,14.843179702758789,26.639999389648438,22.469999313354492,2017-04-25
2017-04-26 00:00:00+00:00,27.407251358032227,33.676002502441406,21.875999450683594,18.709611892700195,32.39999771118164,23.15999984741211,2017-04-26
2017-04-27 00:00:00+00:00,27.628087997436523,32.47600173950195,22.22599983215332,11.570514678955078,25.19999885559082,21.3799991607666,2017-04-27
2017-04-28 00:00:00+00:00,27.082246780395508,32.7760009765625,22.17599868774414,12.979984283447266,30.599998474121094,22.139999389648438,2017-04-28
2017-04-29 00:00:00+00:00,27.303083419799805,33.22600173950195,21.525999069213867,7.895416259765625,22.68000030517578,24.059999465942383,2017-04-29
2017-04-30 00:00:00+00:00,27.2468318939209,31.92599868774414,21.575998306274414,12.181624412536621,25.19999885559082,22.290000915527344,2017-04-30
2017-05-01 00:00:00+00:00,26.630163192749023,33.125999450683594,20.67599868774414,12.313894271850586,23.03999900817871,23.479999542236328,2017-05-01
2017-05-02 00:00:00+00:00,26.538503646850586,31.72599983215332,20.97599983215332,14.241629600524902,29.8799991607666,24.399999618530273,2017-05-02
2017-05-03 00:00:00+00:00,26.398916244506836,31.575998306274414,22.47599983215332,13.049689292907715,33.47999954223633,22.84000015258789,2017-05-03
2017-05-04 00:00:00+00:00,27.757247924804688,33.7760009765625,21.775999069213867,13.138765335083008,26.639999389648438,24.690000534057617,2017-05-04
2017-05-05 00:00:00+00:00,27.992666244506836,34.125999450683594,22.025999069213867,12.074766159057617,29.51999855041504,25.40999984741211,2017-05-05
2017-05-06 00:00:00+00:00,28.35516929626465,34.22600173950195,22.775999069213867,10.495713233947754,30.599998474121094,24.799999237060547,2017-05-06
2017-05-07 00:00:00+00:00,27.58641242980957,34.47600173950195,22.47599983215332,18.51114273071289,32.76000213623047,25.079999923706055,2017-05-07
2017-05-08 00:00:00+00:00,26.913503646850586,32.82600021362305,21.67599868774414,11.65977668762207,24.119998931884766,19.420000076293945,2017-05-08
2017-05-09 00:00:00+00:00,25.957250595092773,32.32600021362305,21.72599983215332,13.493998527526855,34.20000076293945,22.549999237060547,2017-05-09
2017-05-10 00:00:00+00:00,26.488500595092773,32.176002502441406,21.575998306274414,12.55879020690918,25.919998168945312,24.030000686645508,2017-05-10
2017-05-11 00:00:00+00:00,26.638498306274414,30.775999069213867,22.125999450683594,15.379205703735352,38.15999984741211,21.700000762939453,2017-05-11
2017-05-12 00:00:00+00:00,26.03641700744629,30.92599868774414,21.575998306274414,12.239999771118164,32.39999771118164,19.729999542236328,2017-05-12
2017-05-13 00:00:00+00:00,27.311416625976562,32.57600021362305,21.72599983215332,13.104198455810547,25.19999885559082,24.229999542236328,2017-05-13
2017-05-14 00:00:00+00:00,27.007247924804688,33.926002502441406,21.72599983215332,15.273505210876465,33.119998931884766,24.389999389648438,2017-05-14
2017-05-15 00:00:00+00:00,26.348915100097656,32.426002502441406,21.92599868774414,14.458381652832031,32.03999710083008,24.649999618530273,2017-05-15
2017-05-16 00:00:00+00:00,27.00516700744629,32.47600173950195,21.625999450683594,15.13713264465332,27.35999870300293,23.739999771118164,2017-05-16
2017-05-17 00:00:00+00:00,26.717666625976562,32.7760009765625,21.775999069213867,16.676977157592773,36.0,24.75,2017-05-17
2017-05-18 00:00:00+00:00,25.578081130981445,33.32600021362305,21.525999069213867,15.62997055053711,36.0,23.260000228881836,2017-05-18
2017-05-19 00:00:00+00:00,25.707250595092773,30.625999450683594,20.775999069213867,16.485485076904297,38.519996643066406,22.860000610351562,2017-05-19
2017-05-20 00:00:00+00:00,26.032249450683594,30.575998306274414,22.025999069213867,16.87013816833496,38.519996643066406,21.790000915527344,2017-05-20
2017-05-21 00:00:00+00:00,24.375999450683594,28.42599868774414,22.075998306274414,16.595178604125977,36.71999740600586,11.84000015258789,2017-05-21
2017-05-22 00:00:00+00:00,25.446836471557617,31.325998306274414,21.72599983215332,14.386493682861328,32.76000213623047,20.209999084472656,2017-05-22
2017-05-23 00:00:00+00:00,26.14058494567871,31.275999069213867,21.97599983215332,10.390226364135742,31.319997787475586,21.770000457763672,2017-05-23
2017-05-24 00:00:00+00:00,26.478086471557617,32.375999450683594,22.275999069213867,13.044721603393555,29.51999855041504,22.270000457763672,2017-05-24
2017-05-25 00:00:00+00:00,26.103086471557617,31.22599983215332,22.575998306274414,18.440998077392578,41.76000213623047,19.540000915527344,2017-05-25
2017-05-26 00:00:00+00:00,26.09058380126953,30.97599983215332,23.025999069213867,19.353137969970703,43.560001373291016,21.399999618530273,2017-05-26
2017-05-27 00:00:00+00:00,25.0885009765625,31.775999069213867,21.72599983215332,18.17197608947754,37.07999801635742,20.579999923706055,2017-05-27
2017-05-28 00:00:00+00:00,24.69683265686035,30.075998306274414,20.92599868774414,22.00716209411621,41.39999771118164,20.100000381469727,2017-05-28
2017-05-29 00:00:00+00:00,25.271833419799805,30.775999069213867,20.625999450683594,24.149532318115234,45.71999740600586,22.239999771118164,2017-05-29
2017-05-30 00:00:00+00:00,25.03849983215332,30.075998306274414,20.42599868774414,26.55472755432129,50.7599983215332,24.299999237060547,2017-05-30
2017-05-31 00:00:00+00:00,24.596839904785156,28.67599868774414,20.42599868774414,22.104116439819336,41.39999771118164,19.860000610351562,2017-05-31
2017-06-01 00:00:00+00:00,25.315582275390625,29.625999450683594,21.125999450683594,16.904672622680664,30.23999786376953,23.110000610351562,2017-06-01
2017-06-02 00:00:00+00:00,25.584335327148438,29.875999450683594,21.67599868774414,19.652175903320312,39.599998474121094,22.84000015258789,2017-06-02
2017-06-03 00:00:00+00:00,24.596832275390625,28.275999069213867,21.075998306274414,22.104116439819336,42.839996337890625,18.860000610351562,2017-06-03
2017-06-04 00:00:00+00:00,25.001001358032227,30.575998306274414,20.775999069213867,19.08339500427246,34.560001373291016,24.040000915527344,2017-06-04
2017-06-05 00:00:00+00:00,25.080169677734375,30.67599868774414,20.72599983215332,18.584508895874023,38.519996643066406,22.329999923706055,2017-06-05
2017-06-06 00:00:00+00:00,24.144746780395508,29.67599868774414,20.825998306274414,18.998315811157227,37.79999923706055,18.799999237060547,2017-06-06
2017-06-07 00:00:00+00:00,21.57183265686035,23.775999069213867,20.125999450683594,22.90743064880371,50.7599983215332,7.510000228881836,2017-06-07
2017-06-08 00:00:00+00:00,22.263498306274414,25.17599868774414,19.825998306274414,22.12755584716797,42.119998931884766,7.190000057220459,2017-06-08
2017-06-09 00:00:00+00:00,22.28016471862793,25.92599868774414,20.025999069213867,22.668567657470703,49.31999969482422,12.520000457763672,2017-06-09
2017-06-10 00:00:00+00:00,23.115583419799805,26.67599868774414,20.575998306274414,29.555099487304688,53.63999557495117,15.649999618530273,2017-06-10
2017-06-11 00:00:00+00:00,22.29475212097168,25.325998306274414,20.22599983215332,32.15507125854492,59.39999771118164,11.90999984741211,2017-06-11
2017-06-12 00:00:00+00:00,23.344749450683594,27.025999069213867,21.125999450683594,29.308507919311523,57.23999786376953,13.010000228881836,2017-06-12
2017-06-13 00:00:00+00:00,23.54058265686035,27.075998306274414,20.97599983215332,23.402769088745117,48.959999084472656,14.539999961853027,2017-06-13
2017-06-14 00:00:00+00:00,24.148916244506836,28.525999069213867,20.075998306274414,17.581125259399414,37.79999923706055,19.610000610351562,2017-06-14
2017-06-15 00:00:00+00:00,23.79266929626465,27.92599868774414,20.42599868774414,20.037485122680664,38.880001068115234,15.899999618530273,2017-06-15
2017-06-16 00:00:00+00:00,23.03016471862793,27.775999069213867,20.075998306274414,18.204042434692383,38.519996643066406,13.779999732971191,2017-06-16
2017-06-17 00:00:00+00:00,23.407255172729492,28.025999069213867,19.67599868774414,20.724246978759766,41.39999771118164,19.940000534057617,2017-06-17
2017-06-18 00:00:00+00:00,23.813501358032227,28.025999069213867,20.025999069213867,17.654687881469727,36.36000061035156,19.489999771118164,2017-06-18
2017-06-19 00:00:00+00:00,23.41975212097168,27.525999069213867,20.275999069213867,18.861387252807617,36.36000061035156,14.350000381469727,2017-06-19
2017-06-20 00:00:00+00:00,22.875999450683594,26.67599868774414,19.775999069213867,19.645580291748047,41.39999771118164,16.6299991607666,2017-06-20
2017-06-21 00:00:00+00:00,23.236419677734375,26.775999069213867,19.72599983215332,22.383779525756836,45.71999740600586,18.399999618530273,2017-06-21
2017-06-22 00:00:00+00:00,23.409334182739258,27.875999450683594,19.22599983215332,18.723459243774414,37.07999801635742,17.75,2017-06-22
2017-06-23 00:00:00+00:00,23.463499069213867,26.575998306274414,20.575998306274414,21.252199172973633,45.71999740600586,16.559999465942383,2017-06-23
2017-06-24 00:00:00+00:00,23.50516700744629,26.525999069213867,20.67599868774414,24.993438720703125,54.36000061035156,17.989999771118164,2017-06-24
2017-06-25 00:00:00+00:00,23.150999069213867,27.525999069213867,20.575998306274414,28.174455642700195,62.63999557495117,16.84000015258789,2017-06-25
2017-06-26 00:00:00+00:00,22.828081130981445,25.875999450683594,20.275999069213867,31.700448989868164,61.19999694824219,12.210000038146973,2017-06-26
2017-06-27 00:00:00+00:00,21.97391700744629,24.575998306274414,19.625999450683594,23.93390655517578,52.560001373291016,9.9399995803833,2017-06-27
2017-06-28 00:00:00+00:00,22.55933380126953,25.825998306274414,20.275999069213867,30.158458709716797,61.560001373291016,11.029999732971191,2017-06-28
2017-06-29 00:00:00+00:00,23.475997924804688,27.775999069213867,20.125999450683594,27.047956466674805,50.7599983215332,13.9399995803833,2017-06-29
2017-06-30 00:00:00+00:00,23.64891815185547,27.375999450683594,20.025999069213867,26.642431259155273,49.68000030517578,16.260000228881836,2017-06-30
2017-07-01 00:00:00+00:00,23.936416625976562,27.875999450683594,20.17599868774414,26.642431259155273,49.68000030517578,15.390000343322754,2017-07-01
2017-07-02 00:00:00+00:00,23.830167770385742,27.47599983215332,20.575998306274414,23.784530639648438,44.63999557495117,14.130000114440918,2017-07-02
2017-07-03 00:00:00+00:00,23.69683265686035,28.025999069213867,20.325998306274414,21.829776763916016,48.23999786376953,16.920000076293945,2017-07-03
2017-07-04 00:00:00+00:00,23.721832275390625,28.875999450683594,19.775999069213867,28.174455642700195,52.560001373291016,15.34000015258789,2017-07-04
2017-07-05 00:00:00+00:00,23.78641700744629,28.025999069213867,19.825998306274414,24.842607498168945,54.71999740600586,16.770000457763672,2017-07-05
2017-07-06 00:00:00+00:00,23.378080368041992,27.025999069213867,19.97599983215332,22.314191818237305,51.839996337890625,16.030000686645508,2017-07-06
2017-07-07 00:00:00+00:00,23.065580368041992,26.92599868774414,19.875999450683594,18.692285537719727,39.23999786376953,11.300000190734863,2017-07-07
2017-07-08 00:00:00+00:00,22.93433380126953,25.775999069213867,20.47599983215332,18.584510803222656,40.68000030517578,13.550000190734863,2017-07-08
2017-07-09 00:00:00+00:00,23.232248306274414,27.275999069213867,19.22599983215332,17.643672943115234,35.63999938964844,13.739999771118164,2017-07-09
2017-07-10 00:00:00+00:00,24.111417770385742,28.625999450683594,19.67599868774414,17.373497009277344,34.560001373291016,18.31999969482422,2017-07-10
2017-07-11 00:00:00+00:00,23.719749450683594,28.375999450683594,19.67599868774414,20.617660522460938,43.19999694824219,15.989999771118164,2017-07-11
2017-07-12 00:00:00+00:00,23.719749450683594,29.625999450683594,19.72599983215332,23.688983917236328,51.119998931884766,13.5,2017-07-12
2017-07-13 00:00:00+00:00,22.342666625976562,26.325998306274414,19.72599983215332,20.570463180541992,47.519996643066406,8.270000457763672,2017-07-13
2017-07-14 00:00:00+00:00,22.919748306274414,28.375999450683594,19.42599868774414,27.719999313354492,52.91999816894531,13.420000076293945,2017-07-14
2017-07-15 00:00:00+00:00,21.82808494567871,25.825998306274414,18.875999450683594,24.216522216796875,49.31999969482422,10.140000343322754,2017-07-15
2017-07-16 00:00:00+00:00,23.0260009765625,27.625999450683594,19.075998306274414,28.227306365966797,54.71999740600586,16.559999465942383,2017-07-16
2017-07-17 00:00:00+00:00,23.31766700744629,26.97599983215332,20.875999450683594,30.302078247070312,55.79999923706055,11.930000305175781,2017-07-17
2017-07-18 00:00:00+00:00,22.66558074951172,24.875999450683594,20.575998306274414,29.8799991607666,60.47999572753906,8.979999542236328,2017-07-18
2017-07-19 00:00:00+00:00,23.282249450683594,26.42599868774414,20.775999069213867,33.46644973754883,70.55999755859375,14.779999732971191,2017-07-19
2017-07-20 00:00:00+00:00,23.461416244506836,28.025999069213867,20.17599868774414,32.24161148071289,59.39999771118164,14.260000228881836,2017-07-20
2017-07-21 00:00:00+00:00,23.657249450683594,28.67599868774414,20.22599983215332,30.24213981628418,55.79999923706055,16.239999771118164,2017-07-21
2017-07-22 00:00:00+00:00,23.984331130981445,28.42599868774414,19.375999450683594,25.325685501098633,50.39999771118164,17.229999542236328,2017-07-22
2017-07-23 00:00:00+00:00,23.82183265686035,28.375999450683594,19.42599868774414,24.216522216796875,46.79999923706055,17.549999237060547,2017-07-23
2017-07-24 00:00:00+00:00,24.163497924804688,28.325998306274414,19.775999069213867,26.289859771728516,49.31999969482422,16.559999465942383,2017-07-24
2017-07-25 00:00:00+00:00,24.315582275390625,29.075998306274414,19.775999069213867,25.14851951599121,47.519996643066406,17.469999313354492,2017-07-25
2017-07-26 00:00:00+00:00,24.253084182739258,29.075998306274414,19.875999450683594,24.251283645629883,47.15999984741211,19.309999465942383,2017-07-26
2017-07-27 00:00:00+00:00,24.044754028320312,28.525999069213867,19.575998306274414,22.819570541381836,43.91999816894531,16.649999618530273,2017-07-27
2017-07-28 00:00:00+00:00,24.50724983215332,30.025999069213867,20.67599868774414,23.233253479003906,43.560001373291016,20.799999237060547,2017-07-28
2017-07-29 00:00:00+00:00,24.863496780395508,29.875999450683594,20.42599868774414,20.469409942626953,39.23999786376953,20.3700008392334,2017-07-29
2017-07-30 00:00:00+00:00,24.57600212097168,30.275999069213867,20.47599983215332,19.191747665405273,36.0,21.700000762939453,2017-07-30
2017-07-31 00:00:00+00:00,24.438501358032227,29.47599983215332,20.775999069213867,17.317459106445312,34.560001373291016,18.649999618530273,2017-07-31
2017-08-01 00:00:00+00:00,25.69683074951172,30.42599868774414,21.075998306274414,17.102840423583984,33.47999954223633,21.0,2017-08-01
2017-08-02 00:00:00+00:00,25.22599983215332,31.025999069213867,20.17599868774414,22.910259246826172,42.839996337890625,23.670000076293945,2017-08-02
2017-08-03 00:00:00+00:00,23.636415481567383,28.125999450683594,20.17599868774414,24.119998931884766,46.439998626708984,16.18000030517578,2017-08-03
2017-08-04 00:00:00+00:00,23.34266471862793,26.875999450683594,20.825998306274414,24.724950790405273,55.439998626708984,12.210000038146973,2017-08-04
2017-08-05 00:00:00+00:00,23.928083419799805,27.575998306274414,20.825998306274414,22.33160972595215,46.439998626708984,14.40999984741211,2017-08-05
2017-08-06 00:00:00+00:00,23.746835708618164,27.125999450683594,20.22599983215332,21.413190841674805,43.560001373291016,15.729999542236328,2017-08-06
2017-08-07 00:00:00+00:00,23.99683380126953,29.325998306274414,20.325998306274414,18.014392852783203,36.36000061035156,18.739999771118164,2017-08-07
2017-08-08 00:00:00+00:00,24.584333419799805,29.325998306274414,20.325998306274414,18.204042434692383,35.63999938964844,17.739999771118164,2017-08-08
2017-08-09 00:00:00+00:00,23.865583419799805,29.22599983215332,20.325998306274414,14.007655143737793,29.8799991607666,17.8799991607666,2017-08-09
2017-08-10 00:00:00+00:00,23.490585327148438,26.97599983215332,20.325998306274414,13.783817291259766,28.079999923706055,12.869999885559082,2017-08-10
2017-08-11 00:00:00+00:00,23.176002502441406,26.67599868774414,20.47599983215332,12.64107608795166,24.119998931884766,12.529999732971191,2017-08-11
2017-08-12 00:00:00+00:00,23.53641700744629,27.97599983215332,20.47599983215332,18.388212203979492,34.560001373291016,17.56999969482422,2017-08-12
2017-08-13 00:00:00+00:00,22.673919677734375,26.125999450683594,20.17599868774414,15.141413688659668,30.23999786376953,11.289999961853027,2017-08-13
2017-08-14 00:00:00+00:00,23.915586471557617,28.575998306274414,19.575998306274414,11.019763946533203,26.639999389648438,19.93000030517578,2017-08-14
2017-08-15 00:00:00+00:00,22.484331130981445,26.97599983215332,19.67599868774414,11.18320083618164,25.919998168945312,14.100000381469727,2017-08-15
2017-08-16 00:00:00+00:00,22.94683265686035,28.17599868774414,19.72599983215332,14.241629600524902,33.47999954223633,19.299999237060547,2017-08-16
2017-08-17 00:00:00+00:00,22.605165481567383,26.42599868774414,19.875999450683594,18.17554473876953,34.20000076293945,13.579999923706055,2017-08-17
2017-08-18 00:00:00+00:00,21.690584182739258,24.275999069213867,19.825998306274414,23.377836227416992,40.31999969482422,10.020000457763672,2017-08-18
2017-08-19 00:00:00+00:00,21.900999069213867,25.525999069213867,19.92599868774414,25.09951400756836,55.439998626708984,12.0,2017-08-19
2017-08-20 00:00:00+00:00,21.657249450683594,24.22599983215332,19.825998306274414,25.050413131713867,52.19999694824219,11.369999885559082,2017-08-20
2017-08-21 00:00:00+00:00,22.417665481567383,25.47599983215332,20.22599983215332,19.08339500427246,44.279998779296875,11.600000381469727,2017-08-21
2017-08-22 00:00:00+00:00,22.534334182739258,25.22599983215332,20.025999069213867,23.051246643066406,42.119998931884766,12.289999961853027,2017-08-22
2017-08-23 00:00:00+00:00,22.721832275390625,26.375999450683594,20.025999069213867,17.917007446289062,33.839996337890625,13.84000015258789,2017-08-23
2017-08-24 00:00:00+00:00,22.378084182739258,25.625999450683594,20.17599868774414,17.581125259399414,33.839996337890625,11.789999961853027,2017-08-24
2017-08-25 00:00:00+00:00,21.938499450683594,26.275999069213867,19.825998306274414,21.26134490966797,46.79999923706055,12.40999984741211,2017-08-25
2017-08-26 00:00:00+00:00,22.738500595092773,26.17599868774414,20.075998306274414,22.3924617767334,50.03999710083008,15.989999771118164,2017-08-26
2017-08-27 00:00:00+00:00,21.811416625976562,23.92599868774414,20.325998306274414,23.828083038330078,49.68000030517578,9.619999885559082,2017-08-27
2017-08-28 00:00:00+00:00,21.242666244506836,23.325998306274414,19.97599983215332,26.178707122802734,46.439998626708984,5.630000114440918,2017-08-28
2017-08-29 00:00:00+00:00,21.148914337158203,23.125999450683594,19.775999069213867,24.82695198059082,54.0,8.270000457763672,2017-08-29
2017-08-30 00:00:00+00:00,23.38641929626465,27.575998306274414,19.775999069213867,20.54840087890625,39.959999084472656,17.530000686645508,2017-08-30
2017-08-31 00:00:00+00:00,23.77808380126953,27.525999069213867,19.67599868774414,14.830076217651367,29.8799991607666,17.549999237060547,2017-08-31
2017-09-01 00:00:00+00:00,23.605165481567383,28.025999069213867,20.325998306274414,14.021525382995605,29.15999984741211,17.959999084472656,2017-09-01
2017-09-02 00:00:00+00:00,23.32183265686035,27.875999450683594,20.075998306274414,10.495713233947754,24.119998931884766,19.6200008392334,2017-09-02
2017-09-03 00:00:00+00:00,22.753084182739258,27.325998306274414,19.625999450683594,9.0,22.68000030517578,18.219999313354492,2017-09-03
2017-09-04 00:00:00+00:00,23.805166244506836,27.625999450683594,20.025999069213867,12.0693998336792,28.079999923706055,19.59000015258789,2017-09-04
2017-09-05 00:00:00+00:00,23.38016700744629,27.67599868774414,20.075998306274414,13.089353561401367,27.719999313354492,20.239999771118164,2017-09-05
2017-09-06 00:00:00+00:00,22.753080368041992,27.42599868774414,19.775999069213867,9.422101020812988,21.239999771118164,16.639999389648438,2017-09-06
2017-09-07 00:00:00+00:00,22.705169677734375,27.125999450683594,19.825998306274414,9.422101020812988,25.559999465942383,15.420000076293945,2017-09-07
2017-09-08 00:00:00+00:00,23.065582275390625,27.775999069213867,19.42599868774414,12.397806167602539,26.280000686645508,19.209999084472656,2017-09-08
2017-09-09 00:00:00+00:00,22.534332275390625,27.47599983215332,19.67599868774414,14.917211532592773,30.23999786376953,15.4399995803833,2017-09-09
2017-09-10 00:00:00+00:00,23.45100212097168,27.125999450683594,20.325998306274414,15.315873146057129,31.68000030517578,19.100000381469727,2017-09-10
2017-09-11 00:00:00+00:00,24.019750595092773,27.72599983215332,21.22599983215332,18.003599166870117,36.0,19.40999984741211,2017-09-11
2017-09-12 00:00:00+00:00,24.11766815185547,28.025999069213867,21.22599983215332,15.175612449645996,29.8799991607666,19.850000381469727,2017-09-12
2017-09-13 00:00:00+00:00,24.471834182739258,29.22599983215332,20.875999450683594,15.696165084838867,30.96000099182129,23.1299991607666,2017-09-13
2017-09-14 00:00:00+00:00,23.707250595092773,28.775999069213867,19.875999450683594,17.068706512451172,33.119998931884766,21.469999313354492,2017-09-14
2017-09-15 00:00:00+00:00,23.13433265686035,26.72599983215332,19.875999450683594,16.583459854125977,30.96000099182129,15.0600004196167,2017-09-15
2017-09-16 00:00:00+00:00,22.18433380126953,25.025999069213867,20.025999069213867,23.210927963256836,45.0,13.390000343322754,2017-09-16
2017-09-17 00:00:00+00:00,21.509336471557617,25.875999450683594,19.875999450683594,25.567604064941406,55.439998626708984,14.680000305175781,2017-09-17
2017-09-18 00:00:00+00:00,21.832250595092773,24.42599868774414,19.47599983215332,32.569557189941406,57.959999084472656,11.100000381469727,2017-09-18
2017-09-19 00:00:00+00:00,22.378082275390625,26.775999069213867,18.825998306274414,30.619050979614258,57.959999084472656,18.540000915527344,2017-09-19
2017-09-20 00:00:00+00:00,22.469751358032227,27.42599868774414,18.47599983215332,28.988384246826172,54.0,20.989999771118164,2017-09-20
2017-09-21 00:00:00+00:00,22.001001358032227,24.775999069213867,18.075998306274414,19.82616424560547,38.15999984741211,12.729999542236328,2017-09-21
2017-09-22 00:00:00+00:00,22.826004028320312,27.17599868774414,19.075998306274414,16.7661075592041,33.119998931884766,17.440000534057617,2017-09-22
2017-09-23 00:00:00+00:00,23.534332275390625,27.075998306274414,19.025999069213867,9.793058395385742,21.239999771118164,19.959999084472656,2017-09-23
2017-09-24 00:00:00+00:00,22.594749450683594,27.17599868774414,19.375999450683594,7.993297576904297,25.919998168945312,15.510000228881836,2017-09-24
2017-09-25 00:00:00+00:00,21.830167770385742,25.825998306274414,19.92599868774414,15.281989097595215,32.03999710083008,10.880000114440918,2017-09-25
2017-09-26 00:00:00+00:00,21.957250595092773,25.525999069213867,19.72599983215332,11.246759414672852,27.35999870300293,13.130000114440918,2017-09-26
2017-09-27 00:00:00+00:00,21.867666244506836,26.42599868774414,19.22599983215332,10.233122825622559,28.799999237060547,13.539999961853027,2017-09-27
2017-09-28 00:00:00+00:00,21.646835327148438,25.375999450683594,19.875999450683594,15.89309310913086,30.96000099182129,12.949999809265137,2017-09-28
2017-09-29 00:00:00+00:00,21.990583419799805,25.875999450683594,19.775999069213867,16.39482879638672,32.03999710083008,12.170000076293945,2017-09-29
2017-09-30 00:00:00+00:00,22.271833419799805,25.825998306274414,19.525999069213867,11.609650611877441,24.479999542236328,10.489999771118164,2017-09-30
2017-10-01 00:00:00+00:00,22.19683074951172,26.575998306274414,19.72599983215332,13.044723510742188,30.23999786376953,14.949999809265137,2017-10-01
2017-10-02 00:00:00+00:00,22.50516700744629,25.92599868774414,19.825998306274414,14.843179702758789,31.68000030517578,12.890000343322754,2017-10-02
2017-10-03 00:00:00+00:00,23.169748306274414,26.875999450683594,20.025999069213867,13.3637113571167,25.919998168945312,15.930000305175781,2017-10-03
2017-10-04 00:00:00+00:00,22.565582275390625,26.22599983215332,19.775999069213867,10.495713233947754,24.479999542236328,12.770000457763672,2017-10-04
2017-10-05 00:00:00+00:00,22.22391700744629,27.17599868774414,19.72599983215332,12.096214294433594,26.280000686645508,15.15999984741211,2017-10-05
2017-10-06 00:00:00+00:00,22.13016700744629,25.92599868774414,19.375999450683594,9.107358932495117,25.19999885559082,14.260000228881836,2017-10-06
2017-10-07 00:00:00+00:00,23.048919677734375,26.825998306274414,19.075998306274414,9.227523803710938,23.03999900817871,18.420000076293945,2017-10-07
2017-10-08 00:00:00+00:00,23.359336853027344,27.375999450683594,19.775999069213867,10.739831924438477,24.119998931884766,19.399999618530273,2017-10-08
2017-10-09 00:00:00+00:00,23.021833419799805,26.72599983215332,19.775999069213867,9.178235054016113,23.03999900817871,16.729999542236328,2017-10-09
2017-10-10 00:00:00+00:00,23.092666625976562,27.275999069213867,19.72599983215332,9.387650489807129,21.599998474121094,18.280000686645508,2017-10-10
2017-10-11 00:00:00+00:00,22.761415481567383,27.22599983215332,19.875999450683594,9.6932954788208,27.0,18.170000076293945,2017-10-11
2017-10-12 00:00:00+00:00,22.64891815185547,27.47599983215332,19.275999069213867,9.585739135742188,23.03999900817871,16.729999542236328,2017-10-12
2017-10-13 00:00:00+00:00,22.730165481567383,27.325998306274414,19.575998306274414,10.182336807250977,23.399999618530273,15.319999694824219,2017-10-13
2017-10-14 00:00:00+00:00,22.057249069213867,25.22599983215332,20.47599983215332,18.21827507019043,33.47999954223633,9.819999694824219,2017-10-14
2017-10-15 00:00:00+00:00,21.580163955688477,24.92599868774414,19.375999450683594,18.5146427154541,36.0,9.220000267028809,2017-10-15
2017-10-16 00:00:00+00:00,21.83641815185547,26.075998306274414,19.47599983215332,17.377225875854492,34.20000076293945,12.8100004196167,2017-10-16
2017-10-17 00:00:00+00:00,22.192670822143555,25.47599983215332,19.17599868774414,12.181624412536621,28.799999237060547,10.800000190734863,2017-10-17
2017-10-18 00:00:00+00:00,21.59891700744629,26.47599983215332,16.825998306274414,13.441070556640625,27.719999313354492,15.210000038146973,2017-10-18
2017-10-19 00:00:00+00:00,22.313499450683594,28.025999069213867,16.92599868774414,14.113652229309082,27.719999313354492,20.649999618530273,2017-10-19
2017-10-20 00:00:00+00:00,22.342666625976562,26.625999450683594,17.42599868774414,10.390226364135742,21.599998474121094,19.729999542236328,2017-10-20
2017-10-21 00:00:00+00:00,23.16349983215332,26.575998306274414,18.72599983215332,9.693296432495117,22.68000030517578,19.600000381469727,2017-10-21
2017-10-22 00:00:00+00:00,22.301000595092773,27.72599983215332,16.775999069213867,9.957108497619629,22.319997787475586,19.790000915527344,2017-10-22
2017-10-23 00:00:00+00:00,22.021833419799805,27.375999450683594,15.97599983215332,10.805998802185059,19.440000534057617,23.059999465942383,2017-10-23
2017-10-24 00:00:00+00:00,22.980165481567383,28.125999450683594,16.22599983215332,9.107358932495117,22.319997787475586,21.06999969482422,2017-10-24
2017-10-25 00:00:00+00:00,23.157249450683594,27.575998306274414,19.125999450683594,14.118243217468262,29.8799991607666,18.75,2017-10-25
2017-10-26 00:00:00+00:00,22.79475212097168,27.17599868774414,19.17599868774414,15.328560829162598,30.96000099182129,18.190000534057617,2017-10-26
2017-10-27 00:00:00+00:00,22.113496780395508,27.025999069213867,18.625999450683594,16.099689483642578,30.96000099182129,18.059999465942383,2017-10-27
2017-10-28 00:00:00+00:00,22.265581130981445,27.22599983215332,18.275999069213867,18.792551040649414,38.15999984741211,21.18000030517578,2017-10-28
2017-10-29 00:00:00+00:00,22.35099983215332,26.97599983215332,17.92599868774414,19.513195037841797,38.880001068115234,18.6200008392334,2017-10-29
2017-10-30 00:00:00+00:00,21.484331130981445,26.075998306274414,18.275999069213867,23.7081241607666,45.36000061035156,15.600000381469727,2017-10-30
2017-10-31 00:00:00+00:00,20.998916625976562,24.775999069213867,18.625999450683594,25.387020111083984,48.23999786376953,13.739999771118164,2017-10-31
2017-11-01 00:00:00+00:00,20.451000213623047,23.875999450683594,17.42599868774414,21.38593864440918,40.68000030517578,9.25,2017-11-01
2017-11-02 00:00:00+00:00,21.60516929626465,26.72599983215332,17.47599983215332,18.07902717590332,36.71999740600586,18.040000915527344,2017-11-02
2017-11-03 00:00:00+00:00,21.13224983215332,25.47599983215332,17.775999069213867,22.36640167236328,42.839996337890625,12.970000267028809,2017-11-03
2017-11-04 00:00:00+00:00,20.31766700744629,23.325998306274414,18.42599868774414,20.767974853515625,39.959999084472656,7.579999923706055,2017-11-04
2017-11-05 00:00:00+00:00,21.35308265686035,26.025999069213867,19.17599868774414,22.55393409729004,41.03999710083008,13.0600004196167,2017-11-05
2017-11-06 00:00:00+00:00,20.459333419799805,23.47599983215332,18.025999069213867,20.19211769104004,37.79999923706055,8.289999961853027,2017-11-06
2017-11-07 00:00:00+00:00,20.88433265686035,25.375999450683594,17.92599868774414,19.41665267944336,37.07999801635742,14.720000267028809,2017-11-07
2017-11-08 00:00:00+00:00,21.382247924804688,26.17599868774414,17.525999069213867,20.780452728271484,39.23999786376953,17.940000534057617,2017-11-08
2017-11-09 00:00:00+00:00,20.561418533325195,26.025999069213867,15.47599983215332,16.641971588134766,34.560001373291016,21.739999771118164,2017-11-09
2017-11-10 00:00:00+00:00,21.190584182739258,26.325998306274414,16.42599868774414,14.773163795471191,30.599998474121094,20.799999237060547,2017-11-10
2017-11-11 00:00:00+00:00,20.948915481567383,26.125999450683594,16.625999450683594,17.654687881469727,36.0,16.889999389648438,2017-11-11
2017-11-12 00:00:00+00:00,21.815584182739258,26.625999450683594,16.17599868774414,13.10419750213623,28.440000534057617,18.899999618530273,2017-11-12
2017-11-13 00:00:00+00:00,21.53849983215332,26.275999069213867,17.375999450683594,14.973575592041016,31.319997787475586,16.25,2017-11-13
2017-11-14 00:00:00+00:00,21.87183380126953,25.17599868774414,18.075998306274414,12.727921485900879,27.0,12.119999885559082,2017-11-14
2017-11-15 00:00:00+00:00,22.096834182739258,25.575998306274414,18.825998306274414,11.298495292663574,25.559999465942383,13.279999732971191,2017-11-15
2017-11-16 00:00:00+00:00,22.725997924804688,25.92599868774414,18.92599868774414,14.707221984863281,30.96000099182129,16.549999237060547,2017-11-16
2017-11-17 00:00:00+00:00,22.54058265686035,26.47599983215332,19.42599868774414,12.245292663574219,21.239999771118164,14.420000076293945,2017-11-17
2017-11-18 00:00:00+00:00,22.730165481567383,26.825998306274414,19.525999069213867,14.058449745178223,29.51999855041504,15.850000381469727,2017-11-18
2017-11-19 00:00:00+00:00,22.736417770385742,26.67599868774414,19.375999450683594,12.979984283447266,27.719999313354492,15.989999771118164,2017-11-19
2017-11-20 00:00:00+00:00,23.013498306274414,27.47599983215332,19.325998306274414,13.3637113571167,25.559999465942383,16.65999984741211,2017-11-20
2017-11-21 00:00:00+00:00,22.52391815185547,26.875999450683594,18.97599983215332,16.93531036376953,34.560001373291016,16.65999984741211,2017-11-21
2017-11-22 00:00:00+00:00,21.998918533325195,27.42599868774414,17.275999069213867,19.296133041381836,38.519996643066406,16.950000762939453,2017-11-22
2017-11-23 00:00:00+00:00,22.159330368041992,27.775999069213867,17.025999069213867,13.493998527526855,29.8799991607666,20.450000762939453,2017-11-23
2017-11-24 00:00:00+00:00,22.925996780395508,28.525999069213867,17.875999450683594,15.876774787902832,32.03999710083008,17.969999313354492,2017-11-24
2017-11-25 00:00:00+00:00,22.019746780395508,27.375999450683594,16.825998306274414,18.289274215698242,36.71999740600586,17.979999542236328,2017-11-25
2017-11-26 00:00:00+00:00,21.730165481567383,25.47599983215332,17.325998306274414,18.03236961364746,35.63999938964844,14.130000114440918,2017-11-26
2017-11-27 00:00:00+00:00,22.24683380126953,26.575998306274414,18.42599868774414,21.40713882446289,41.03999710083008,14.079999923706055,2017-11-27
2017-11-28 00:00:00+00:00,21.888498306274414,27.97599983215332,16.825998306274414,15.778517723083496,33.839996337890625,19.829999923706055,2017-11-28
2017-11-29 00:00:00+00:00,22.269750595092773,27.525999069213867,16.67599868774414,20.26579475402832,40.68000030517578,19.139999389648438,2017-11-29
2017-11-30 00:00:00+00:00,21.296833038330078,24.075998306274414,19.47599983215332,28.85619354248047,51.839996337890625,8.600000381469727,2017-11-30
2017-12-01 00:00:00+00:00,20.242666244506836,24.575998306274414,18.075998306274414,33.60364532470703,61.92000198364258,8.65999984741211,2017-12-01
2017-12-02 00:00:00+00:00,19.346834182739258,22.67599868774414,17.47599983215332,27.369470596313477,50.7599983215332,7.679999828338623,2017-12-02
2017-12-03 00:00:00+00:00,20.726001739501953,24.275999069213867,18.17599868774414,17.313716888427734,33.839996337890625,10.100000381469727,2017-12-03
2017-12-04 00:00:00+00:00,21.00099754333496,24.825998306274414,18.17599868774414,14.68958854675293,26.280000686645508,11.260000228881836,2017-12-04
2017-12-05 00:00:00+00:00,21.184335708618164,25.375999450683594,17.67599868774414,12.904882431030273,24.84000015258789,12.960000038146973,2017-12-05
2017-12-06 00:00:00+00:00,21.688501358032227,25.72599983215332,18.525999069213867,12.959999084472656,23.399999618530273,11.760000228881836,2017-12-06
2017-12-07 00:00:00+00:00,21.64058494567871,27.625999450683594,15.326000213623047,11.808877944946289,25.19999885559082,15.8100004196167,2017-12-07
2017-12-08 00:00:00+00:00,20.93016815185547,27.775999069213867,15.076000213623047,14.29159164428711,30.599998474121094,21.149999618530273,2017-12-08
2017-12-09 00:00:00+00:00,21.594749450683594,27.375999450683594,15.47599983215332,10.239453315734863,25.559999465942383,20.190000534057617,2017-12-09
2017-12-10 00:00:00+00:00,21.609331130981445,27.375999450683594,16.47599983215332,17.373497009277344,35.279998779296875,19.399999618530273,2017-12-10
2017-12-11 00:00:00+00:00,22.357248306274414,28.92599868774414,16.17599868774414,11.525623321533203,21.239999771118164,19.149999618530273,2017-12-11
2017-12-12 00:00:00+00:00,22.359331130981445,26.875999450683594,16.775999069213867,9.793059349060059,20.51999855041504,14.579999923706055,2017-12-12
2017-12-13 00:00:00+00:00,22.455167770385742,26.825998306274414,17.92599868774414,11.966954231262207,22.319997787475586,15.960000038146973,2017-12-13
2017-12-14 00:00:00+00:00,21.99266815185547,28.325998306274414,16.875999450683594,18.003599166870117,31.319997787475586,16.739999771118164,2017-12-14
2017-12-15 00:00:00+00:00,21.553085327148438,27.275999069213867,16.72599983215332,18.430452346801758,38.519996643066406,19.709999084472656,2017-12-15
2017-12-16 00:00:00+00:00,20.513500213623047,27.625999450683594,15.22599983215332,23.45255470275879,46.07999801635742,19.81999969482422,2017-12-16
2017-12-17 00:00:00+00:00,19.692663192749023,25.97599983215332,14.826000213623047,23.402769088745117,46.439998626708984,20.020000457763672,2017-12-17
2017-12-18 00:00:00+00:00,19.742666244506836,25.625999450683594,15.12600040435791,18.51114273071289,39.23999786376953,19.959999084472656,2017-12-18
2017-12-19 00:00:00+00:00,20.119752883911133,25.525999069213867,14.72599983215332,22.346113204956055,44.63999557495117,20.239999771118164,2017-12-19
2017-12-20 00:00:00+00:00,20.49266815185547,27.325998306274414,14.175999641418457,16.946786880493164,35.279998779296875,20.200000762939453,2017-12-20
2017-12-21 00:00:00+00:00,20.5280818939209,27.42599868774414,14.326000213623047,21.749481201171875,42.119998931884766,18.329999923706055,2017-12-21
2017-12-22 00:00:00+00:00,20.426000595092773,26.525999069213867,15.47599983215332,16.39482879638672,35.63999938964844,20.510000228881836,2017-12-22
2017-12-23 00:00:00+00:00,19.992666244506836,26.375999450683594,14.576000213623047,18.723459243774414,39.959999084472656,19.309999465942383,2017-12-23
2017-12-24 00:00:00+00:00,19.821834564208984,26.42599868774414,14.62600040435791,16.05535316467285,33.839996337890625,20.81999969482422,2017-12-24
2017-12-25 00:00:00+00:00,20.301000595092773,27.67599868774414,14.675999641418457,17.709657669067383,37.79999923706055,19.899999618530273,2017-12-25
2017-12-26 00:00:00+00:00,20.72599983215332,27.575998306274414,15.076000213623047,18.97100830078125,38.519996643066406,20.90999984741211,2017-12-26
2017-12-27 00:00:00+00:00,19.928083419799805,26.92599868774414,14.576000213623047,16.62248992919922,35.279998779296875,20.979999542236328,2017-12-27
2017-12-28 00:00:00+00:00,18.803083419799805,25.67599868774414,12.72599983215332,17.771753311157227,37.79999923706055,21.469999313354492,2017-12-28
2017-12-29 00:00:00+00:00,18.986417770385742,24.875999450683594,12.576000213623047,16.299694061279297,34.560001373291016,20.940000534057617,2017-12-29
2017-12-30 00:00:00+00:00,20.698915481567383,26.025999069213867,16.125999450683594,15.986595153808594,28.799999237060547,20.329999923706055,2017-12-30
2017-12-31 00:00:00+00:00,20.534334182739258,26.47599983215332,15.576000213623047,11.874544143676758,22.319997787475586,20.190000534057617,2017-12-31
2018-01-01 00:00:00+00:00,21.738502502441406,27.22599983215332,14.526000022888184,17.67302894592285,30.96000099182129,20.219999313354492,2018-01-01
2018-01-02 00:00:00+00:00,21.82391929626465,27.775999069213867,16.525999069213867,16.039201736450195,28.079999923706055,19.06999969482422,2018-01-02
2018-01-03 00:00:00+00:00,22.211416244506836,26.325998306274414,17.625999450683594,14.404499053955078,28.799999237060547,15.069999694824219,2018-01-03
2018-01-04 00:00:00+00:00,20.917667388916016,27.22599983215332,15.175999641418457,15.629972457885742,29.15999984741211,19.68000030517578,2018-01-04
2018-01-05 00:00:00+00:00,19.755165100097656,26.47599983215332,13.925999641418457,15.391839981079102,28.440000534057617,20.969999313354492,2018-01-05
2018-01-06 00:00:00+00:00,19.769752502441406,25.72599983215332,13.526000022888184,13.698933601379395,23.399999618530273,20.920000076293945,2018-01-06
2018-01-07 00:00:00+00:00,19.794748306274414,25.97599983215332,13.776000022888184,15.13713264465332,25.919998168945312,20.399999618530273,2018-01-07
2018-01-08 00:00:00+00:00,19.567665100097656,26.075998306274414,13.776000022888184,18.416383743286133,36.0,20.959999084472656,2018-01-08
2018-01-09 00:00:00+00:00,20.930164337158203,26.525999069213867,14.925999641418457,17.373497009277344,35.279998779296875,17.3799991607666,2018-01-09
2018-01-10 00:00:00+00:00,21.046831130981445,26.275999069213867,18.125999450683594,22.00716209411621,41.39999771118164,11.350000381469727,2018-01-10
2018-01-11 00:00:00+00:00,22.223920822143555,28.42599868774414,17.275999069213867,18.17554473876953,37.439998626708984,15.890000343322754,2018-01-11
2018-01-12 00:00:00+00:00,22.48016929626465,28.275999069213867,17.42599868774414,14.5610990524292,32.03999710083008,15.899999618530273,2018-01-12
2018-01-13 00:00:00+00:00,21.998916625976562,29.525999069213867,15.326000213623047,15.51762866973877,32.39999771118164,21.40999984741211,2018-01-13
2018-01-14 00:00:00+00:00,21.73224639892578,29.17599868774414,15.47599983215332,17.654687881469727,37.07999801635742,21.3799991607666,2018-01-14
2018-01-15 00:00:00+00:00,22.16558265686035,29.17599868774414,15.62600040435791,16.039201736450195,34.560001373291016,21.360000610351562,2018-01-15
2018-01-16 00:00:00+00:00,21.80933380126953,28.625999450683594,16.075998306274414,15.546833038330078,31.319997787475586,17.850000381469727,2018-01-16
2018-01-17 00:00:00+00:00,20.986419677734375,27.67599868774414,15.026000022888184,14.764389038085938,28.799999237060547,20.6200008392334,2018-01-17
2018-01-18 00:00:00+00:00,20.105167388916016,27.42599868774414,13.526000022888184,19.862083435058594,40.68000030517578,21.940000534057617,2018-01-18
2018-01-19 00:00:00+00:00,19.642667770385742,27.125999450683594,13.326000213623047,15.905319213867188,32.76000213623047,22.18000030517578,2018-01-19
2018-01-20 00:00:00+00:00,19.388500213623047,26.775999069213867,13.12600040435791,15.844090461730957,27.719999313354492,22.020000457763672,2018-01-20
2018-01-21 00:00:00+00:00,19.486417770385742,26.97599983215332,12.925999641418457,17.057313919067383,29.51999855041504,22.030000686645508,2018-01-21
2018-01-22 00:00:00+00:00,20.04683494567871,26.97599983215332,13.925999641418457,16.873979568481445,29.15999984741211,21.729999542236328,2018-01-22
2018-01-23 00:00:00+00:00,21.440584182739258,27.825998306274414,15.675999641418457,14.480772972106934,28.440000534057617,20.459999084472656,2018-01-23
2018-01-24 00:00:00+00:00,22.119749069213867,28.42599868774414,15.87600040435791,11.770402908325195,25.559999465942383,19.940000534057617,2018-01-24
2018-01-25 00:00:00+00:00,21.642663955688477,27.72599983215332,15.925999641418457,15.15852165222168,25.559999465942383,21.270000457763672,2018-01-25
2018-01-26 00:00:00+00:00,21.115583419799805,27.42599868774414,15.776000022888184,15.876774787902832,28.079999923706055,22.280000686645508,2018-01-26
2018-01-27 00:00:00+00:00,20.950998306274414,27.42599868774414,15.076000213623047,16.62248992919922,29.51999855041504,21.84000015258789,2018-01-27
2018-01-28 00:00:00+00:00,20.869749069213867,27.42599868774414,14.62600040435791,18.73383903503418,32.03999710083008,21.979999542236328,2018-01-28
2018-01-29 00:00:00+00:00,21.06766700744629,27.875999450683594,15.175999641418457,19.06300926208496,38.15999984741211,22.329999923706055,2018-01-29
2018-01-30 00:00:00+00:00,20.6218318939209,27.775999069213867,14.276000022888184,19.486608505249023,38.880001068115234,22.829999923706055,2018-01-30
2018-01-31 00:00:00+00:00,20.369749069213867,27.875999450683594,13.925999641418457,14.113652229309082,32.39999771118164,23.200000762939453,2018-01-31
2018-02-01 00:00:00+00:00,20.721834182739258,28.525999069213867,14.026000022888184,18.837322235107422,38.519996643066406,23.729999542236328,2018-02-01
2018-02-02 00:00:00+00:00,20.961416244506836,28.525999069213867,14.675999641418457,16.700275421142578,35.279998779296875,23.489999771118164,2018-02-02
2018-02-03 00:00:00+00:00,19.865585327148438,27.17599868774414,13.12600040435791,17.015474319458008,35.63999938964844,23.860000610351562,2018-02-03
2018-02-04 00:00:00+00:00,19.734333038330078,27.47599983215332,12.675999641418457,14.5610990524292,31.68000030517578,23.90999984741211,2018-02-04
2018-02-05 00:00:00+00:00,20.648916244506836,28.17599868774414,12.076000213623047,14.917211532592773,31.319997787475586,23.8799991607666,2018-02-05
2018-02-06 00:00:00+00:00,22.876001358032227,29.47599983215332,16.275999069213867,15.46324634552002,28.799999237060547,21.81999969482422,2018-02-06
2018-02-07 00:00:00+00:00,22.605165481567383,28.72599983215332,18.825998306274414,12.48115348815918,23.759998321533203,16.920000076293945,2018-02-07
2018-02-08 00:00:00+00:00,22.63433265686035,28.17599868774414,18.575998306274414,11.298495292663574,27.0,16.459999084472656,2018-02-08
2018-02-09 00:00:00+00:00,22.986413955688477,29.025999069213867,18.625999450683594,10.5142183303833,22.319997787475586,17.450000762939453,2018-02-09
2018-02-10 00:00:00+00:00,22.798919677734375,27.275999069213867,18.025999069213867,17.581125259399414,30.23999786376953,16.3799991607666,2018-02-10
2018-02-11 00:00:00+00:00,22.642669677734375,28.47599983215332,17.42599868774414,18.289274215698242,38.15999984741211,21.90999984741211,2018-02-11
2018-02-12 00:00:00+00:00,22.07183074951172,27.97599983215332,16.775999069213867,15.89309310913086,27.35999870300293,21.649999618530273,2018-02-12
2018-02-13 00:00:00+00:00,22.128084182739258,28.67599868774414,16.875999450683594,18.844202041625977,32.76000213623047,22.3799991607666,2018-02-13
2018-02-14 00:00:00+00:00,22.32183265686035,28.42599868774414,17.22599983215332,17.462783813476562,34.560001373291016,23.209999084472656,2018-02-14
2018-02-15 00:00:00+00:00,22.069747924804688,28.525999069213867,16.375999450683594,17.10662841796875,37.07999801635742,22.489999771118164,2018-02-15
2018-02-16 00:00:00+00:00,21.9010009765625,29.375999450683594,15.37600040435791,16.119800567626953,34.560001373291016,23.850000381469727,2018-02-16
2018-02-17 00:00:00+00:00,22.3385009765625,29.575998306274414,15.276000022888184,13.79791259765625,27.35999870300293,24.049999237060547,2018-02-17
2018-02-18 00:00:00+00:00,22.40308380126953,30.125999450683594,15.47599983215332,16.454008102416992,28.440000534057617,24.610000610351562,2018-02-18
2018-02-19 00:00:00+00:00,22.421836853027344,30.075998306274414,15.326000213623047,17.651016235351562,32.76000213623047,25.110000610351562,2018-02-19
2018-02-20 00:00:00+00:00,22.85308265686035,30.275999069213867,15.826000213623047,20.88310432434082,36.36000061035156,24.56999969482422,2018-02-20
2018-02-21 00:00:00+00:00,22.96141815185547,30.025999069213867,17.025999069213867,18.388212203979492,38.880001068115234,24.969999313354492,2018-02-21
2018-02-22 00:00:00+00:00,23.29266929626465,30.375999450683594,17.075998306274414,21.626983642578125,38.15999984741211,25.010000228881836,2018-02-22
2018-02-23 00:00:00+00:00,22.350997924804688,29.625999450683594,14.12600040435791,20.188907623291016,40.68000030517578,25.139999389648438,2018-02-23
2018-02-24 00:00:00+00:00,21.96558380126953,29.375999450683594,14.175999641418457,16.51690101623535,31.68000030517578,25.149999618530273,2018-02-24
2018-02-25 00:00:00+00:00,22.769746780395508,30.17599868774414,16.325998306274414,16.750640869140625,33.119998931884766,25.34000015258789,2018-02-25
2018-02-26 00:00:00+00:00,23.176000595092773,30.575998306274414,16.075998306274414,18.204042434692383,31.319997787475586,25.790000915527344,2018-02-26
2018-02-27 00:00:00+00:00,23.66558265686035,31.025999069213867,15.326000213623047,18.94708251953125,36.36000061035156,25.469999313354492,2018-02-27
2018-02-28 00:00:00+00:00,23.698915481567383,31.42599868774414,15.776000022888184,18.51114273071289,38.15999984741211,25.56999969482422,2018-02-28
2018-03-01 00:00:00+00:00,23.788503646850586,31.17599868774414,16.47599983215332,17.69867706298828,37.79999923706055,25.649999618530273,2018-03-01
2018-03-02 00:00:00+00:00,24.205167770385742,31.575998306274414,17.42599868774414,18.03236961364746,38.519996643066406,25.780000686645508,2018-03-02
2018-03-03 00:00:00+00:00,24.467668533325195,32.22600173950195,16.125999450683594,15.62997055053711,32.76000213623047,25.889999389648438,2018-03-03
2018-03-04 00:00:00+00:00,24.838499069213867,32.57600021362305,16.325998306274414,18.250259399414062,34.20000076293945,25.84000015258789,2018-03-04
2018-03-05 00:00:00+00:00,24.498916625976562,32.676002502441406,17.075998306274414,17.057313919067383,29.15999984741211,26.06999969482422,2018-03-05
2018-03-06 00:00:00+00:00,24.190582275390625,32.625999450683594,15.776000022888184,19.799999237060547,34.20000076293945,26.43000030517578,2018-03-06
2018-03-07 00:00:00+00:00,24.001001358032227,31.825998306274414,14.62600040435791,18.94024085998535,36.0,26.540000915527344,2018-03-07
2018-03-08 00:00:00+00:00,24.07183265686035,31.92599868774414,16.47599983215332,19.052810668945312,39.959999084472656,25.719999313354492,2018-03-08
2018-03-09 00:00:00+00:00,24.63016700744629,32.176002502441406,17.22599983215332,18.455047607421875,38.880001068115234,25.639999389648438,2018-03-09
2018-03-10 00:00:00+00:00,24.859329223632812,31.92599868774414,17.575998306274414,22.180206298828125,45.0,24.31999969482422,2018-03-10
2018-03-11 00:00:00+00:00,24.986421585083008,32.625999450683594,17.67599868774414,21.986541748046875,45.36000061035156,25.8700008392334,2018-03-11
2018-03-12 00:00:00+00:00,24.605165481567383,31.775999069213867,18.025999069213867,24.031177520751953,48.23999786376953,25.350000381469727,2018-03-12
2018-03-13 00:00:00+00:00,24.582250595092773,31.325998306274414,19.375999450683594,24.819122314453125,48.23999786376953,17.780000686645508,2018-03-13
2018-03-14 00:00:00+00:00,25.548917770385742,30.72599983215332,20.775999069213867,20.469409942626953,41.76000213623047,20.780000686645508,2018-03-14
2018-03-15 00:00:00+00:00,24.56766700744629,31.72599983215332,20.825998306274414,18.775300979614258,38.15999984741211,19.520000457763672,2018-03-15
2018-03-16 00:00:00+00:00,23.40308380126953,30.325998306274414,19.47599983215332,9.793058395385742,29.15999984741211,17.43000030517578,2018-03-16
2018-03-17 00:00:00+00:00,22.363500595092773,27.97599983215332,19.325998306274414,16.923830032348633,34.20000076293945,18.309999465942383,2018-03-17
2018-03-18 00:00:00+00:00,23.019750595092773,26.875999450683594,19.025999069213867,14.345897674560547,28.079999923706055,14.789999961853027,2018-03-18
2018-03-19 00:00:00+00:00,23.971832275390625,30.525999069213867,17.575998306274414,16.57564353942871,34.560001373291016,24.920000076293945,2018-03-19
2018-03-20 00:00:00+00:00,24.594749450683594,31.67599868774414,18.025999069213867,13.397611618041992,25.919998168945312,25.850000381469727,2018-03-20
2018-03-21 00:00:00+00:00,25.43016815185547,30.97599983215332,19.17599868774414,12.59999942779541,23.759998321533203,22.59000015258789,2018-03-21
2018-03-22 00:00:00+00:00,25.980165481567383,31.025999069213867,19.97599983215332,15.856355667114258,34.91999816894531,20.90999984741211,2018-03-22
2018-03-23 00:00:00+00:00,26.232248306274414,31.825998306274414,20.325998306274414,14.145755767822266,32.39999771118164,21.969999313354492,2018-03-23
2018-03-24 00:00:00+00:00,26.565582275390625,32.125999450683594,21.17599868774414,15.72503662109375,29.8799991607666,18.709999084472656,2018-03-24
2018-03-25 00:00:00+00:00,26.480165481567383,33.5260009765625,19.575998306274414,19.917469024658203,41.03999710083008,25.969999313354492,2018-03-25
2018-03-26 00:00:00+00:00,26.5260009765625,34.07600021362305,19.22599983215332,17.651016235351562,36.71999740600586,26.280000686645508,2018-03-26
2018-03-27 00:00:00+00:00,26.41766929626465,33.926002502441406,19.875999450683594,12.620553970336914,30.599998474121094,25.360000610351562,2018-03-27
2018-03-28 00:00:00+00:00,27.069747924804688,32.926002502441406,21.17599868774414,13.183079719543457,28.799999237060547,22.850000381469727,2018-03-28
2018-03-29 00:00:00+00:00,26.792665481567383,33.0260009765625,21.125999450683594,13.783817291259766,24.84000015258789,21.469999313354492,2018-03-29
2018-03-30 00:00:00+00:00,25.988500595092773,31.125999450683594,21.375999450683594,11.753875732421875,27.0,18.860000610351562,2018-03-30
2018-03-31 00:00:00+00:00,24.615585327148438,30.275999069213867,20.875999450683594,11.65977668762207,28.079999923706055,19.649999618530273,2018-03-31
2018-04-01 00:00:00+00:00,25.93433380126953,31.075998306274414,20.775999069213867,12.979984283447266,27.719999313354492,20.649999618530273,2018-04-01
2018-04-02 00:00:00+00:00,25.353086471557617,31.625999450683594,20.97599983215332,16.07552146911621,38.519996643066406,21.979999542236328,2018-04-02
2018-04-03 00:00:00+00:00,25.33433723449707,31.22599983215332,19.97599983215332,13.044723510742188,28.079999923706055,20.399999618530273,2018-04-03
2018-04-04 00:00:00+00:00,25.411415100097656,31.525999069213867,19.575998306274414,13.237038612365723,31.68000030517578,20.93000030517578,2018-04-04
2018-04-05 00:00:00+00:00,25.719749450683594,31.97599983215332,19.775999069213867,13.905508995056152,32.03999710083008,22.56999969482422,2018-04-05
2018-04-06 00:00:00+00:00,26.007253646850586,32.57600021362305,19.92599868774414,16.39482879638672,35.279998779296875,22.25,2018-04-06
2018-04-07 00:00:00+00:00,26.00724983215332,32.625999450683594,19.525999069213867,17.992795944213867,34.91999816894531,23.489999771118164,2018-04-07
2018-04-08 00:00:00+00:00,25.5885009765625,32.676002502441406,19.275999069213867,19.41665267944336,35.279998779296875,26.139999389648438,2018-04-08
2018-04-09 00:00:00+00:00,25.405166625976562,31.72599983215332,19.375999450683594,14.869351387023926,36.0,22.959999084472656,2018-04-09
2018-04-10 00:00:00+00:00,25.83641815185547,32.375999450683594,19.325998306274414,18.388212203979492,38.519996643066406,25.799999237060547,2018-04-10
2018-04-11 00:00:00+00:00,26.251001358032227,32.375999450683594,20.875999450683594,16.750640869140625,28.799999237060547,25.270000457763672,2018-04-11
2018-04-12 00:00:00+00:00,26.60099983215332,32.57600021362305,21.025999069213867,17.377225875854492,29.8799991607666,22.059999465942383,2018-04-12
2018-04-13 00:00:00+00:00,26.438499450683594,31.97599983215332,20.92599868774414,17.782686233520508,32.76000213623047,21.229999542236328,2018-04-13
2018-04-14 00:00:00+00:00,27.507253646850586,33.7760009765625,22.22599983215332,15.815435409545898,30.599998474121094,23.899999618530273,2018-04-14
2018-04-15 00:00:00+00:00,27.311416625976562,33.176002502441406,22.47599983215332,19.134262084960938,38.880001068115234,22.489999771118164,2018-04-15
2018-04-16 00:00:00+00:00,26.946836471557617,32.875999450683594,21.92599868774414,15.379205703735352,26.639999389648438,20.6299991607666,2018-04-16
2018-04-17 00:00:00+00:00,27.448915481567383,33.7760009765625,21.92599868774414,15.6837739944458,32.76000213623047,23.700000762939453,2018-04-17
2018-04-18 00:00:00+00:00,28.184335708618164,33.97600173950195,22.325998306274414,16.548255920410156,32.39999771118164,22.200000762939453,2018-04-18
2018-04-19 00:00:00+00:00,28.025999069213867,34.625999450683594,22.825998306274414,12.889809608459473,33.839996337890625,22.469999313354492,2018-04-19
2018-04-20 00:00:00+00:00,26.501001358032227,33.5260009765625,22.97599983215332,14.277982711791992,39.23999786376953,19.170000076293945,2018-04-20
2018-04-21 00:00:00+00:00,28.084333419799805,33.7760009765625,23.125999450683594,16.56391143798828,35.279998779296875,21.690000534057617,2018-04-21
2018-04-22 00:00:00+00:00,26.134328842163086,31.92599868774414,21.275999069213867,13.202726364135742,37.79999923706055,20.940000534057617,2018-04-22
2018-04-23 00:00:00+00:00,27.98225212097168,33.72600173950195,22.17599868774414,12.287554740905762,27.719999313354492,20.1200008392334,2018-04-23
2018-04-24 00:00:00+00:00,26.14058494567871,33.32600021362305,21.22599983215332,12.229406356811523,27.35999870300293,21.75,2018-04-24
2018-04-25 00:00:00+00:00,26.423917770385742,33.125999450683594,21.22599983215332,19.21199607849121,38.15999984741211,22.6200008392334,2018-04-25
2018-04-26 00:00:00+00:00,27.25933074951172,32.676002502441406,22.075998306274414,15.856353759765625,32.76000213623047,20.059999465942383,2018-04-26
2018-04-27 00:00:00+00:00,27.292665481567383,33.97600173950195,20.875999450683594,19.08339500427246,33.119998931884766,23.399999618530273,2018-04-27
2018-04-28 00:00:00+00:00,27.030166625976562,33.5260009765625,20.72599983215332,15.542661666870117,34.560001373291016,24.829999923706055,2018-04-28
2018-04-29 00:00:00+00:00,27.669754028320312,33.07600021362305,21.275999069213867,12.722829818725586,23.759998321533203,22.260000228881836,2018-04-29
2018-04-30 00:00:00+00:00,27.24266815185547,33.875999450683594,22.375999450683594,11.983187675476074,26.280000686645508,21.479999542236328,2018-04-30
2018-05-01 00:00:00+00:00,27.578086853027344,33.375999450683594,23.075998306274414,15.003839492797852,27.0,20.540000915527344,2018-05-01
2018-05-02 00:00:00+00:00,26.94683837890625,33.82600021362305,22.575998306274414,13.896186828613281,30.23999786376953,22.18000030517578,2018-05-02
2018-05-03 00:00:00+00:00,26.078081130981445,32.676002502441406,21.72599983215332,16.203998565673828,31.68000030517578,22.030000686645508,2018-05-03
2018-05-04 00:00:00+00:00,25.850997924804688,30.525999069213867,20.67599868774414,11.966954231262207,30.599998474121094,21.280000686645508,2018-05-04
2018-05-05 00:00:00+00:00,26.16141700744629,31.42599868774414,21.375999450683594,12.64107608795166,27.35999870300293,21.079999923706055,2018-05-05
2018-05-06 00:00:00+00:00,26.717666625976562,32.82600021362305,21.275999069213867,12.475960731506348,29.15999984741211,24.530000686645508,2018-05-06
2018-05-07 00:00:00+00:00,26.765581130981445,32.22600173950195,21.875999450683594,13.527571678161621,28.440000534057617,21.040000915527344,2018-05-07
2018-05-08 00:00:00+00:00,24.957252502441406,31.525999069213867,20.825998306274414,15.315873146057129,36.0,18.270000457763672,2018-05-08
2018-05-09 00:00:00+00:00,25.144750595092773,30.325998306274414,21.42599868774414,11.525623321533203,30.23999786376953,18.649999618530273,2018-05-09
2018-05-10 00:00:00+00:00,25.094749450683594,31.625999450683594,21.22599983215332,17.0725040435791,34.20000076293945,20.229999542236328,2018-05-10
2018-05-11 00:00:00+00:00,24.063499450683594,31.125999450683594,20.575998306274414,12.768586158752441,36.36000061035156,19.299999237060547,2018-05-11
2018-05-12 00:00:00+00:00,25.05516815185547,30.025999069213867,20.575998306274414,10.966712951660156,25.19999885559082,19.479999542236328,2018-05-12
2018-05-13 00:00:00+00:00,25.51350212097168,31.625999450683594,20.775999069213867,11.11345100402832,25.919998168945312,22.940000534057617,2018-05-13
2018-05-14 00:00:00+00:00,24.905166625976562,29.97599983215332,21.325998306274414,11.570514678955078,27.719999313354492,18.18000030517578,2018-05-14
2018-05-15 00:00:00+00:00,24.500999450683594,29.72599983215332,21.275999069213867,9.08598804473877,20.880001068115234,17.360000610351562,2018-05-15
2018-05-16 00:00:00+00:00,25.055166244506836,30.97599983215332,21.025999069213867,9.904906272888184,30.23999786376953,20.8700008392334,2018-05-16
2018-05-17 00:00:00+00:00,26.205167770385742,31.47599983215332,21.17599868774414,11.96695327758789,24.119998931884766,22.639999389648438,2018-05-17
2018-05-18 00:00:00+00:00,24.57183074951172,29.875999450683594,20.525999069213867,8.55710220336914,24.84000015258789,19.790000915527344,2018-05-18
2018-05-19 00:00:00+00:00,24.69891929626465,31.375999450683594,20.47599983215332,10.966712951660156,29.51999855041504,22.420000076293945,2018-05-19
2018-05-20 00:00:00+00:00,24.95100212097168,31.47599983215332,20.47599983215332,11.457958221435547,28.440000534057617,22.709999084472656,2018-05-20
2018-05-21 00:00:00+00:00,24.45100212097168,30.875999450683594,20.125999450683594,10.495713233947754,28.440000534057617,21.100000381469727,2018-05-21
2018-05-22 00:00:00+00:00,24.534332275390625,29.875999450683594,20.22599983215332,13.10419750213623,27.719999313354492,19.700000762939453,2018-05-22
2018-05-23 00:00:00+00:00,24.20100212097168,30.17599868774414,20.47599983215332,14.40899658203125,28.799999237060547,19.579999923706055,2018-05-23
2018-05-24 00:00:00+00:00,24.850997924804688,29.575998306274414,20.775999069213867,12.864648818969727,33.839996337890625,20.959999084472656,2018-05-24
2018-05-25 00:00:00+00:00,23.557249069213867,29.67599868774414,20.275999069213867,16.235960006713867,38.519996643066406,16.3700008392334,2018-05-25
2018-05-26 00:00:00+00:00,23.896833419799805,27.875999450683594,20.72599983215332,10.308831214904785,33.47999954223633,12.3100004196167,2018-05-26
2018-05-27 00:00:00+00:00,24.957246780395508,29.97599983215332,21.275999069213867,12.313894271850586,30.96000099182129,19.299999237060547,2018-05-27
2018-05-28 00:00:00+00:00,24.269750595092773,29.47599983215332,20.92599868774414,12.496719360351562,32.39999771118164,20.979999542236328,2018-05-28
2018-05-29 00:00:00+00:00,24.775999069213867,29.22599983215332,21.42599868774414,17.377225875854492,34.91999816894531,22.799999237060547,2018-05-29
2018-05-30 00:00:00+00:00,24.18641471862793,29.17599868774414,20.825998306274414,14.88241958618164,28.079999923706055,18.780000686645508,2018-05-30
2018-05-31 00:00:00+00:00,24.86766815185547,30.025999069213867,20.875999450683594,12.0693998336792,29.8799991607666,21.969999313354492,2018-05-31
2018-06-01 00:00:00+00:00,24.098915100097656,29.375999450683594,20.825998306274414,11.159998893737793,24.119998931884766,17.610000610351562,2018-06-01
2018-06-02 00:00:00+00:00,23.888498306274414,27.375999450683594,20.825998306274414,10.799999237060547,23.399999618530273,15.670000076293945,2018-06-02
2018-06-03 00:00:00+00:00,22.97599983215332,26.875999450683594,20.97599983215332,13.009902954101562,27.719999313354492,12.380000114440918,2018-06-03
2018-06-04 00:00:00+00:00,23.57808494567871,28.325998306274414,20.575998306274414,17.208602905273438,34.20000076293945,18.889999389648438,2018-06-04
2018-06-05 00:00:00+00:00,23.501005172729492,27.075998306274414,20.67599868774414,16.57564353942871,31.68000030517578,14.760000228881836,2018-06-05
2018-06-06 00:00:00+00:00,23.88016700744629,28.275999069213867,20.375999450683594,20.124610900878906,38.519996643066406,19.950000762939453,2018-06-06
2018-06-07 00:00:00+00:00,23.332250595092773,27.525999069213867,20.525999069213867,24.6934814453125,51.119998931884766,18.020000457763672,2018-06-07
2018-06-08 00:00:00+00:00,23.061416625976562,25.72599983215332,21.075998306274414,33.70376968383789,64.07999420166016,12.8100004196167,2018-06-08
2018-06-09 00:00:00+00:00,22.79475212097168,26.525999069213867,20.72599983215332,31.311723709106445,71.27999877929688,14.029999732971191,2018-06-09
2018-06-10 00:00:00+00:00,22.950998306274414,26.075998306274414,21.025999069213867,30.54701042175293,62.63999557495117,12.170000076293945,2018-06-10
2018-06-11 00:00:00+00:00,23.74266815185547,26.97599983215332,21.375999450683594,27.719999313354492,56.880001068115234,14.579999923706055,2018-06-11
2018-06-12 00:00:00+00:00,23.832244873046875,27.575998306274414,21.375999450683594,29.427661895751953,54.0,16.719999313354492,2018-06-12
2018-06-13 00:00:00+00:00,23.546831130981445,27.42599868774414,20.67599868774414,25.69905662536621,50.03999710083008,17.719999313354492,2018-06-13
2018-06-14 00:00:00+00:00,22.79266929626465,27.325998306274414,19.97599983215332,18.17554473876953,39.959999084472656,15.920000076293945,2018-06-14
2018-06-15 00:00:00+00:00,23.330169677734375,27.775999069213867,19.92599868774414,18.161277770996094,35.279998779296875,19.81999969482422,2018-06-15
2018-06-16 00:00:00+00:00,23.367666244506836,27.72599983215332,19.97599983215332,20.478906631469727,39.23999786376953,20.739999771118164,2018-06-16
2018-06-17 00:00:00+00:00,23.436418533325195,27.97599983215332,19.22599983215332,24.522315979003906,50.7599983215332,20.670000076293945,2018-06-17
2018-06-18 00:00:00+00:00,22.917665481567383,27.47599983215332,19.42599868774414,22.314193725585938,51.839996337890625,18.760000228881836,2018-06-18
2018-06-19 00:00:00+00:00,23.157249450683594,28.075998306274414,19.92599868774414,27.098220825195312,50.7599983215332,20.25,2018-06-19
2018-06-20 00:00:00+00:00,23.01350212097168,27.47599983215332,20.275999069213867,27.238941192626953,50.7599983215332,14.40999984741211,2018-06-20
2018-06-21 00:00:00+00:00,21.9322509765625,25.525999069213867,19.42599868774414,27.44512939453125,51.839996337890625,13.40999984741211,2018-06-21
2018-06-22 00:00:00+00:00,22.75724983215332,27.42599868774414,19.97599983215332,21.252199172973633,41.39999771118164,17.950000762939453,2018-06-22
2018-06-23 00:00:00+00:00,22.650999069213867,26.525999069213867,19.575998306274414,18.89914321899414,36.0,16.809999465942383,2018-06-23
2018-06-24 00:00:00+00:00,22.673919677734375,27.17599868774414,19.825998306274414,22.72566795349121,50.03999710083008,16.739999771118164,2018-06-24
2018-06-25 00:00:00+00:00,22.38641929626465,26.575998306274414,19.875999450683594,22.314191818237305,49.68000030517578,14.949999809265137,2018-06-25
2018-06-26 00:00:00+00:00,22.448915481567383,25.825998306274414,19.625999450683594,27.757375717163086,55.07999801635742,15.829999923706055,2018-06-26
2018-06-27 00:00:00+00:00,22.236417770385742,26.67599868774414,19.775999069213867,28.666940689086914,53.63999557495117,16.299999237060547,2018-06-27
2018-06-28 00:00:00+00:00,21.207250595092773,24.275999069213867,19.525999069213867,23.688983917236328,46.439998626708984,7.650000095367432,2018-06-28
2018-06-29 00:00:00+00:00,22.115583419799805,25.47599983215332,19.625999450683594,18.448022842407227,38.15999984741211,16.329999923706055,2018-06-29
2018-06-30 00:00:00+00:00,22.700998306274414,27.025999069213867,19.375999450683594,14.512063980102539,33.839996337890625,17.280000686645508,2018-06-30
2018-07-01 00:00:00+00:00,22.94683265686035,27.025999069213867,19.22599983215332,12.768586158752441,27.35999870300293,18.6200008392334,2018-07-01
2018-07-02 00:00:00+00:00,22.63433265686035,27.375999450683594,19.67599868774414,16.923828125,36.0,17.59000015258789,2018-07-02
2018-07-03 00:00:00+00:00,22.7780818939209,26.875999450683594,19.075998306274414,20.892412185668945,39.959999084472656,14.050000190734863,2018-07-03
2018-07-04 00:00:00+00:00,22.930166244506836,27.075998306274414,18.875999450683594,23.141029357910156,46.79999923706055,17.8700008392334,2018-07-04
2018-07-05 00:00:00+00:00,23.111413955688477,28.075998306274414,18.775999069213867,25.982423782348633,50.7599983215332,20.770000457763672,2018-07-05
2018-07-06 00:00:00+00:00,22.232248306274414,26.67599868774414,19.375999450683594,26.019805908203125,52.91999816894531,14.119999885559082,2018-07-06
2018-07-07 00:00:00+00:00,20.823917388916016,22.22599983215332,19.775999069213867,20.19211769104004,43.560001373291016,4.46999979019165,2018-07-07
2018-07-08 00:00:00+00:00,21.69474983215332,24.025999069213867,19.72599983215332,21.24304962158203,45.36000061035156,10.199999809265137,2018-07-08
2018-07-09 00:00:00+00:00,22.38016700744629,26.025999069213867,19.875999450683594,28.835975646972656,57.599998474121094,16.75,2018-07-09
2018-07-10 00:00:00+00:00,21.955167770385742,25.775999069213867,19.625999450683594,25.006397247314453,55.79999923706055,15.3100004196167,2018-07-10
2018-07-11 00:00:00+00:00,21.738500595092773,25.22599983215332,19.17599868774414,29.574827194213867,65.52000427246094,13.220000267028809,2018-07-11
2018-07-12 00:00:00+00:00,22.35308265686035,26.775999069213867,19.625999450683594,30.71835708618164,70.91999816894531,15.199999809265137,2018-07-12
2018-07-13 00:00:00+00:00,21.632247924804688,24.22599983215332,20.275999069213867,29.239891052246094,59.7599983215332,9.260000228881836,2018-07-13
2018-07-14 00:00:00+00:00,22.680166244506836,25.67599868774414,20.075998306274414,31.491254806518555,66.5999984741211,15.5,2018-07-14
2018-07-15 00:00:00+00:00,23.03016471862793,26.17599868774414,20.825998306274414,33.71337890625,63.0,14.449999809265137,2018-07-15
2018-07-16 00:00:00+00:00,22.798917770385742,26.42599868774414,20.525999069213867,34.57686996459961,74.15999603271484,18.010000228881836,2018-07-16
2018-07-17 00:00:00+00:00,23.0572509765625,26.92599868774414,20.47599983215332,33.75756072998047,63.0,18.639999389648438,2018-07-17
2018-07-18 00:00:00+00:00,23.036420822143555,26.875999450683594,20.47599983215332,29.555099487304688,55.79999923706055,15.619999885559082,2018-07-18
2018-07-19 00:00:00+00:00,22.661415100097656,27.125999450683594,20.22599983215332,29.899511337280273,54.0,15.09000015258789,2018-07-19
2018-07-20 00:00:00+00:00,22.44474983215332,25.825998306274414,20.325998306274414,32.43397903442383,59.39999771118164,15.220000267028809,2018-07-20
2018-07-21 00:00:00+00:00,22.838499069213867,26.525999069213867,20.075998306274414,30.652894973754883,58.31999969482422,14.920000076293945,2018-07-21
2018-07-22 00:00:00+00:00,23.050996780395508,27.075998306274414,19.875999450683594,31.72292137145996,60.12000274658203,17.049999237060547,2018-07-22
2018-07-23 00:00:00+00:00,22.4947509765625,26.42599868774414,19.775999069213867,27.15316390991211,54.0,16.34000015258789,2018-07-23
2018-07-24 00:00:00+00:00,22.011415481567383,26.575998306274414,19.325998306274414,20.969804763793945,48.599998474121094,14.020000457763672,2018-07-24
2018-07-25 00:00:00+00:00,23.080169677734375,27.375999450683594,20.22599983215332,22.75131607055664,46.79999923706055,17.600000381469727,2018-07-25
2018-07-26 00:00:00+00:00,23.19683265686035,27.72599983215332,19.47599983215332,22.424270629882812,48.599998474121094,19.709999084472656,2018-07-26
2018-07-27 00:00:00+00:00,22.632247924804688,27.22599983215332,20.075998306274414,24.291330337524414,48.959999084472656,17.010000228881836,2018-07-27
2018-07-28 00:00:00+00:00,22.71558380126953,26.325998306274414,19.825998306274414,24.933734893798828,47.519996643066406,16.770000457763672,2018-07-28
2018-07-29 00:00:00+00:00,23.39058494567871,27.67599868774414,19.275999069213867,22.68000030517578,42.839996337890625,16.93000030517578,2018-07-29
2018-07-30 00:00:00+00:00,23.43641471862793,27.97599983215332,19.72599983215332,20.2753849029541,41.76000213623047,16.43000030517578,2018-07-30
2018-07-31 00:00:00+00:00,22.359331130981445,25.825998306274414,19.42599868774414,24.717084884643555,53.63999557495117,16.59000015258789,2018-07-31
2018-08-01 00:00:00+00:00,22.39682960510254,26.525999069213867,19.125999450683594,24.216522216796875,47.880001068115234,16.549999237060547,2018-08-01
2018-08-02 00:00:00+00:00,23.390581130981445,27.825998306274414,19.375999450683594,25.570138931274414,46.439998626708984,17.350000381469727,2018-08-02
2018-08-03 00:00:00+00:00,22.721834182739258,26.875999450683594,18.67599868774414,21.349546432495117,46.07999801635742,18.1200008392334,2018-08-03
2018-08-04 00:00:00+00:00,22.676000595092773,26.42599868774414,18.875999450683594,21.674869537353516,46.79999923706055,16.190000534057617,2018-08-04
2018-08-05 00:00:00+00:00,22.959335327148438,27.775999069213867,18.97599983215332,25.499080657958984,52.560001373291016,18.719999313354492,2018-08-05
2018-08-06 00:00:00+00:00,22.628084182739258,26.625999450683594,19.825998306274414,28.910037994384766,56.15999984741211,16.899999618530273,2018-08-06
2018-08-07 00:00:00+00:00,21.771833419799805,26.375999450683594,19.625999450683594,26.400545120239258,56.15999984741211,14.170000076293945,2018-08-07
2018-08-08 00:00:00+00:00,21.834333419799805,25.97599983215332,19.22599983215332,28.089229583740234,55.439998626708984,14.920000076293945,2018-08-08
2018-08-09 00:00:00+00:00,22.31974983215332,27.325998306274414,19.275999069213867,24.640939712524414,51.839996337890625,18.8799991607666,2018-08-09
2018-08-10 00:00:00+00:00,21.813499450683594,26.525999069213867,19.375999450683594,23.535301208496094,50.39999771118164,14.050000190734863,2018-08-10
2018-08-11 00:00:00+00:00,21.136417388916016,23.375999450683594,19.67599868774414,25.325685501098633,50.03999710083008,7.489999771118164,2018-08-11
2018-08-12 00:00:00+00:00,20.655168533325195,23.17599868774414,18.97599983215332,27.009597778320312,49.31999969482422,7.329999923706055,2018-08-12
2018-08-13 00:00:00+00:00,21.45308494567871,25.125999450683594,19.17599868774414,33.48774337768555,69.47999572753906,15.680000305175781,2018-08-13
2018-08-14 00:00:00+00:00,21.4635009765625,25.775999069213867,19.375999450683594,27.757375717163086,66.23999786376953,11.25,2018-08-14
2018-08-15 00:00:00+00:00,21.190584182739258,24.17599868774414,19.97599983215332,25.499080657958984,52.91999816894531,8.829999923706055,2018-08-15
2018-08-16 00:00:00+00:00,21.909337997436523,24.525999069213867,19.525999069213867,32.03999710083008,75.23999786376953,12.449999809265137,2018-08-16
2018-08-17 00:00:00+00:00,22.81141471862793,26.67599868774414,19.575998306274414,32.68673324584961,60.839996337890625,18.799999237060547,2018-08-17
2018-08-18 00:00:00+00:00,22.625999450683594,26.825998306274414,20.025999069213867,31.630870819091797,57.23999786376953,17.729999542236328,2018-08-18
2018-08-19 00:00:00+00:00,22.457252502441406,25.625999450683594,19.775999069213867,29.175552368164062,59.03999710083008,15.850000381469727,2018-08-19
2018-08-20 00:00:00+00:00,22.205167770385742,26.625999450683594,19.42599868774414,29.655786514282227,55.07999801635742,17.25,2018-08-20
2018-08-21 00:00:00+00:00,22.544748306274414,26.775999069213867,18.97599983215332,28.16295623779297,51.839996337890625,19.540000915527344,2018-08-21
2018-08-22 00:00:00+00:00,22.815580368041992,27.125999450683594,19.125999450683594,24.858253479003906,46.79999923706055,19.520000457763672,2018-08-22
2018-08-23 00:00:00+00:00,22.611419677734375,27.775999069213867,19.22599983215332,22.702844619750977,42.839996337890625,17.790000915527344,2018-08-23
2018-08-24 00:00:00+00:00,22.146833419799805,26.47599983215332,18.625999450683594,21.659915924072266,40.68000030517578,14.710000038146973,2018-08-24
2018-08-25 00:00:00+00:00,22.655166625976562,26.275999069213867,18.825998306274414,20.948163986206055,40.31999969482422,17.579999923706055,2018-08-25
2018-08-26 00:00:00+00:00,21.594751358032227,26.22599983215332,18.17599868774414,20.620805740356445,39.599998474121094,14.569999694824219,2018-08-26
2018-08-27 00:00:00+00:00,21.211414337158203,26.22599983215332,18.575998306274414,23.17740249633789,46.79999923706055,13.470000267028809,2018-08-27
2018-08-28 00:00:00+00:00,21.982248306274414,27.22599983215332,18.625999450683594,20.523155212402344,44.279998779296875,17.75,2018-08-28
2018-08-29 00:00:00+00:00,21.917665481567383,27.17599868774414,18.67599868774414,20.3168888092041,39.959999084472656,15.510000228881836,2018-08-29
2018-08-30 00:00:00+00:00,22.178083419799805,26.17599868774414,18.92599868774414,21.325252532958984,38.880001068115234,12.920000076293945,2018-08-30
2018-08-31 00:00:00+00:00,22.02391815185547,26.97599983215332,18.825998306274414,19.242326736450195,38.880001068115234,15.869999885559082,2018-08-31
2018-09-01 00:00:00+00:00,22.521833419799805,26.575998306274414,19.025999069213867,17.917007446289062,35.63999938964844,16.959999084472656,2018-09-01
2018-09-02 00:00:00+00:00,22.66349983215332,27.22599983215332,18.075998306274414,15.941944122314453,33.47999954223633,23.43000030517578,2018-09-02
2018-09-03 00:00:00+00:00,22.51350212097168,27.17599868774414,17.525999069213867,17.377225875854492,32.76000213623047,22.149999618530273,2018-09-03
2018-09-04 00:00:00+00:00,22.719749450683594,27.67599868774414,17.42599868774414,15.546833038330078,29.8799991607666,22.709999084472656,2018-09-04
2018-09-05 00:00:00+00:00,22.7447509765625,26.825998306274414,18.42599868774414,16.873979568481445,33.119998931884766,19.979999542236328,2018-09-05
2018-09-06 00:00:00+00:00,22.56766700744629,28.025999069213867,18.17599868774414,21.746503829956055,42.47999954223633,19.739999771118164,2018-09-06
2018-09-07 00:00:00+00:00,22.400999069213867,27.525999069213867,17.775999069213867,20.774213790893555,40.31999969482422,18.65999984741211,2018-09-07
2018-09-08 00:00:00+00:00,22.813499450683594,27.42599868774414,18.075998306274414,17.462783813476562,34.91999816894531,21.049999237060547,2018-09-08
2018-09-09 00:00:00+00:00,23.661420822143555,27.67599868774414,18.92599868774414,10.4399995803833,25.559999465942383,22.350000381469727,2018-09-09
2018-09-10 00:00:00+00:00,23.169748306274414,27.775999069213867,18.92599868774414,6.6380720138549805,17.280000686645508,18.479999542236328,2018-09-10
2018-09-11 00:00:00+00:00,22.909334182739258,27.72599983215332,19.275999069213867,10.041354179382324,21.599998474121094,19.229999542236328,2018-09-11
2018-09-12 00:00:00+00:00,23.830167770385742,28.375999450683594,19.075998306274414,14.5610990524292,30.599998474121094,21.5,2018-09-12
2018-09-13 00:00:00+00:00,23.348915100097656,27.625999450683594,19.625999450683594,12.646200180053711,28.440000534057617,20.170000076293945,2018-09-13
2018-09-14 00:00:00+00:00,23.361417770385742,29.125999450683594,19.97599983215332,13.276144027709961,28.079999923706055,20.8700008392334,2018-09-14
2018-09-15 00:00:00+00:00,23.676000595092773,28.92599868774414,19.825998306274414,10.105681419372559,24.119998931884766,23.280000686645508,2018-09-15
2018-09-16 00:00:00+00:00,23.063499450683594,27.42599868774414,20.075998306274414,13.493998527526855,26.280000686645508,15.40999984741211,2018-09-16
2018-09-17 00:00:00+00:00,22.219751358032227,26.075998306274414,18.97599983215332,18.204042434692383,36.0,11.449999809265137,2018-09-17
2018-09-18 00:00:00+00:00,23.061418533325195,27.42599868774414,19.025999069213867,19.164716720581055,37.07999801635742,17.979999542236328,2018-09-18
2018-09-19 00:00:00+00:00,22.150999069213867,26.625999450683594,17.875999450683594,20.140705108642578,39.599998474121094,11.5600004196167,2018-09-19
2018-09-20 00:00:00+00:00,21.77391815185547,26.22599983215332,18.025999069213867,18.17197608947754,37.439998626708984,13.899999618530273,2018-09-20
2018-09-21 00:00:00+00:00,21.38641929626465,26.025999069213867,16.72599983215332,18.003599166870117,35.63999938964844,13.850000381469727,2018-09-21
2018-09-22 00:00:00+00:00,23.136415481567383,28.67599868774414,17.025999069213867,18.331741333007812,37.07999801635742,24.049999237060547,2018-09-22
2018-09-23 00:00:00+00:00,23.009336471557617,28.025999069213867,19.67599868774414,12.229406356811523,23.759998321533203,19.989999771118164,2018-09-23
2018-09-24 00:00:00+00:00,22.39058494567871,26.72599983215332,19.025999069213867,11.275529861450195,27.0,17.809999465942383,2018-09-24
2018-09-25 00:00:00+00:00,22.688501358032227,27.575998306274414,18.775999069213867,14.277982711791992,24.119998931884766,18.549999237060547,2018-09-25
2018-09-26 00:00:00+00:00,22.723915100097656,28.22599983215332,18.575998306274414,14.565547943115234,24.479999542236328,20.190000534057617,2018-09-26
2018-09-27 00:00:00+00:00,23.780166625976562,28.67599868774414,19.275999069213867,11.01388168334961,24.84000015258789,21.989999771118164,2018-09-27
2018-09-28 00:00:00+00:00,23.223915100097656,28.325998306274414,19.625999450683594,13.009902954101562,31.319997787475586,21.729999542236328,2018-09-28
2018-09-29 00:00:00+00:00,23.53850555419922,28.22599983215332,19.67599868774414,10.703569412231445,28.440000534057617,20.899999618530273,2018-09-29
2018-09-30 00:00:00+00:00,24.123916625976562,28.67599868774414,20.775999069213867,11.18320083618164,32.39999771118164,21.18000030517578,2018-09-30
2018-10-01 00:00:00+00:00,23.709333419799805,28.17599868774414,20.125999450683594,14.264361381530762,30.23999786376953,22.15999984741211,2018-10-01
2018-10-02 00:00:00+00:00,23.68433380126953,28.125999450683594,20.575998306274414,15.315873146057129,28.799999237060547,21.170000076293945,2018-10-02
2018-10-03 00:00:00+00:00,23.690582275390625,28.47599983215332,20.375999450683594,15.978486061096191,33.119998931884766,21.84000015258789,2018-10-03
2018-10-04 00:00:00+00:00,22.66349983215332,27.075998306274414,20.47599983215332,21.03152084350586,45.0,15.75,2018-10-04
2018-10-05 00:00:00+00:00,22.303085327148438,26.72599983215332,19.97599983215332,22.75131607055664,47.15999984741211,14.770000457763672,2018-10-05
2018-10-06 00:00:00+00:00,22.19891929626465,26.075998306274414,19.775999069213867,23.000591278076172,43.91999816894531,16.270000457763672,2018-10-06
2018-10-07 00:00:00+00:00,23.148916244506836,27.575998306274414,19.47599983215332,15.141413688659668,31.68000030517578,21.190000534057617,2018-10-07
2018-10-08 00:00:00+00:00,22.553083419799805,27.525999069213867,18.97599983215332,12.768586158752441,27.719999313354492,19.43000030517578,2018-10-08
2018-10-09 00:00:00+00:00,23.07808494567871,27.72599983215332,19.625999450683594,12.727921485900879,24.84000015258789,17.850000381469727,2018-10-09
2018-10-10 00:00:00+00:00,22.44683265686035,27.625999450683594,18.22599983215332,18.363529205322266,37.07999801635742,21.959999084472656,2018-10-10
2018-10-11 00:00:00+00:00,23.515579223632812,29.17599868774414,17.875999450683594,16.311613082885742,33.47999954223633,22.0,2018-10-11
2018-10-12 00:00:00+00:00,23.825998306274414,28.97599983215332,18.72599983215332,12.59999942779541,26.639999389648438,20.969999313354492,2018-10-12
2018-10-13 00:00:00+00:00,24.015581130981445,29.17599868774414,18.325998306274414,11.440978050231934,24.119998931884766,21.469999313354492,2018-10-13
2018-10-14 00:00:00+00:00,23.417665481567383,28.625999450683594,19.775999069213867,9.44957160949707,24.84000015258789,17.549999237060547,2018-10-14
2018-10-15 00:00:00+00:00,22.236417770385742,26.875999450683594,19.325998306274414,16.595178604125977,32.76000213623047,13.59000015258789,2018-10-15
2018-10-16 00:00:00+00:00,22.34891700744629,27.275999069213867,19.47599983215332,12.475960731506348,31.319997787475586,16.649999618530273,2018-10-16
2018-10-17 00:00:00+00:00,21.89058494567871,26.875999450683594,18.375999450683594,11.440978050231934,28.079999923706055,17.950000762939453,2018-10-17
2018-10-18 00:00:00+00:00,22.111417770385742,26.075998306274414,17.875999450683594,9.726663589477539,19.799999237060547,15.270000457763672,2018-10-18
2018-10-19 00:00:00+00:00,22.28641700744629,26.72599983215332,19.22599983215332,17.418195724487305,32.39999771118164,18.6299991607666,2018-10-19
2018-10-20 00:00:00+00:00,22.511415481567383,27.275999069213867,18.325998306274414,12.074766159057617,27.0,23.540000915527344,2018-10-20
2018-10-21 00:00:00+00:00,21.911415100097656,27.22599983215332,17.375999450683594,15.876774787902832,39.599998474121094,19.6299991607666,2018-10-21
2018-10-22 00:00:00+00:00,21.857248306274414,27.72599983215332,16.125999450683594,17.518356323242188,34.91999816894531,23.559999465942383,2018-10-22
2018-10-23 00:00:00+00:00,22.130165100097656,28.275999069213867,16.67599868774414,16.862455368041992,34.20000076293945,23.690000534057617,2018-10-23
2018-10-24 00:00:00+00:00,22.22808074951172,28.575998306274414,16.625999450683594,18.08977508544922,36.36000061035156,23.920000076293945,2018-10-24
2018-10-25 00:00:00+00:00,22.69683265686035,28.825998306274414,16.72599983215332,20.063339233398438,39.599998474121094,23.360000610351562,2018-10-25
2018-10-26 00:00:00+00:00,22.77391815185547,28.97599983215332,17.47599983215332,19.82943344116211,39.959999084472656,22.860000610351562,2018-10-26
2018-10-27 00:00:00+00:00,22.532249450683594,28.775999069213867,16.97599983215332,20.83339500427246,41.03999710083008,23.440000534057617,2018-10-27
2018-10-28 00:00:00+00:00,21.932249069213867,28.97599983215332,16.17599868774414,19.09358024597168,38.519996643066406,23.719999313354492,2018-10-28
2018-10-29 00:00:00+00:00,21.79475212097168,28.72599983215332,15.97599983215332,18.67147445678711,37.07999801635742,23.299999237060547,2018-10-29
2018-10-30 00:00:00+00:00,22.880170822143555,29.375999450683594,16.525999069213867,14.825706481933594,31.319997787475586,23.25,2018-10-30
2018-10-31 00:00:00+00:00,24.267667770385742,30.775999069213867,18.42599868774414,13.783817291259766,30.599998474121094,21.280000686645508,2018-10-31
2018-11-01 00:00:00+00:00,23.507253646850586,28.775999069213867,19.125999450683594,19.453327178955078,41.03999710083008,15.539999961853027,2018-11-01
2018-11-02 00:00:00+00:00,22.253082275390625,27.97599983215332,19.775999069213867,18.214717864990234,34.560001373291016,14.529999732971191,2018-11-02
2018-11-03 00:00:00+00:00,22.10308265686035,27.92599868774414,19.325998306274414,20.3168888092041,43.560001373291016,14.300000190734863,2018-11-03
2018-11-04 00:00:00+00:00,22.682249069213867,27.92599868774414,18.92599868774414,20.880001068115234,41.76000213623047,17.81999969482422,2018-11-04
2018-11-05 00:00:00+00:00,23.32808494567871,28.825998306274414,19.025999069213867,17.67302894592285,36.0,20.90999984741211,2018-11-05
2018-11-06 00:00:00+00:00,23.07600212097168,28.22599983215332,18.22599983215332,16.808568954467773,36.0,18.579999923706055,2018-11-06
2018-11-07 00:00:00+00:00,22.251001358032227,29.22599983215332,15.47599983215332,19.592731475830078,40.68000030517578,22.790000915527344,2018-11-07
2018-11-08 00:00:00+00:00,22.615585327148438,29.875999450683594,16.025999069213867,15.328560829162598,33.47999954223633,22.3700008392334,2018-11-08
2018-11-09 00:00:00+00:00,22.607248306274414,29.22599983215332,17.025999069213867,15.629972457885742,33.839996337890625,21.920000076293945,2018-11-09
2018-11-10 00:00:00+00:00,22.732248306274414,29.72599983215332,17.275999069213867,14.489720344543457,32.39999771118164,22.440000534057617,2018-11-10
2018-11-11 00:00:00+00:00,22.392667770385742,29.575998306274414,16.67599868774414,12.229406356811523,29.8799991607666,22.040000915527344,2018-11-11
2018-11-12 00:00:00+00:00,22.43433380126953,29.72599983215332,15.776000022888184,13.202726364135742,31.319997787475586,21.489999771118164,2018-11-12
2018-11-13 00:00:00+00:00,22.1510009765625,29.525999069213867,15.37600040435791,12.397806167602539,29.51999855041504,22.459999084472656,2018-11-13
2018-11-14 00:00:00+00:00,22.332252502441406,29.42599868774414,14.576000213623047,10.383987426757812,24.119998931884766,22.920000076293945,2018-11-14
2018-11-15 00:00:00+00:00,22.87183380126953,29.075998306274414,16.375999450683594,22.077716827392578,46.07999801635742,15.850000381469727,2018-11-15
2018-11-16 00:00:00+00:00,21.96558380126953,27.42599868774414,18.625999450683594,32.44995880126953,60.47999572753906,14.600000381469727,2018-11-16
2018-11-17 00:00:00+00:00,23.719749450683594,29.875999450683594,19.275999069213867,17.581125259399414,36.36000061035156,16.579999923706055,2018-11-17
2018-11-18 00:00:00+00:00,23.719749450683594,29.22599983215332,19.97599983215332,14.986553192138672,33.119998931884766,17.920000076293945,2018-11-18
2018-11-19 00:00:00+00:00,23.284334182739258,27.575998306274414,18.97599983215332,17.373497009277344,36.36000061035156,15.449999809265137,2018-11-19
2018-11-20 00:00:00+00:00,23.47599983215332,29.375999450683594,18.275999069213867,19.995397567749023,37.439998626708984,17.59000015258789,2018-11-20
2018-11-21 00:00:00+00:00,21.50724983215332,27.025999069213867,18.575998306274414,23.219301223754883,48.23999786376953,13.260000228881836,2018-11-21
2018-11-22 00:00:00+00:00,21.03016471862793,23.97599983215332,19.42599868774414,25.11758041381836,45.36000061035156,7.170000076293945,2018-11-22
2018-11-23 00:00:00+00:00,21.080167770385742,25.375999450683594,18.72599983215332,19.134260177612305,37.07999801635742,9.75,2018-11-23
2018-11-24 00:00:00+00:00,21.926000595092773,27.025999069213867,18.375999450683594,17.518356323242188,32.39999771118164,12.640000343322754,2018-11-24
2018-11-25 00:00:00+00:00,21.971832275390625,26.92599868774414,16.42599868774414,13.783817291259766,27.719999313354492,16.440000534057617,2018-11-25
2018-11-26 00:00:00+00:00,20.75516700744629,27.025999069213867,15.175999641418457,14.081478118896484,30.96000099182129,21.139999389648438,2018-11-26
2018-11-27 00:00:00+00:00,19.44266700744629,25.47599983215332,14.22599983215332,16.279802322387695,35.279998779296875,21.729999542236328,2018-11-27
2018-11-28 00:00:00+00:00,20.542665481567383,26.275999069213867,14.276000022888184,18.12913703918457,34.560001373291016,20.459999084472656,2018-11-28
2018-11-29 00:00:00+00:00,21.082250595092773,24.525999069213867,17.625999450683594,18.584510803222656,35.279998779296875,7.610000133514404,2018-11-29
2018-11-30 00:00:00+00:00,21.748916625976562,27.375999450683594,17.075998306274414,13.319999694824219,29.15999984741211,19.5,2018-11-30
2018-12-01 00:00:00+00:00,21.05933380126953,26.775999069213867,15.37600040435791,15.79083251953125,31.319997787475586,18.670000076293945,2018-12-01
2018-12-02 00:00:00+00:00,20.9010009765625,26.825998306274414,15.22599983215332,17.873554229736328,30.96000099182129,20.920000076293945,2018-12-02
2018-12-03 00:00:00+00:00,21.582252502441406,27.325998306274414,17.325998306274414,19.191747665405273,37.79999923706055,16.65999984741211,2018-12-03
2018-12-04 00:00:00+00:00,22.440584182739258,27.575998306274414,18.025999069213867,22.00716209411621,45.36000061035156,14.640000343322754,2018-12-04
2018-12-05 00:00:00+00:00,22.825998306274414,28.625999450683594,19.525999069213867,18.07902717590332,34.20000076293945,16.84000015258789,2018-12-05
2018-12-06 00:00:00+00:00,22.578081130981445,28.125999450683594,18.125999450683594,14.345897674560547,29.8799991607666,16.770000457763672,2018-12-06
2018-12-07 00:00:00+00:00,22.48016929626465,28.125999450683594,18.275999069213867,15.546833038330078,34.560001373291016,19.31999969482422,2018-12-07
2018-12-08 00:00:00+00:00,22.24058723449707,28.775999069213867,17.42599868774414,17.313716888427734,36.71999740600586,17.56999969482422,2018-12-08
2018-12-09 00:00:00+00:00,22.744749069213867,28.775999069213867,17.825998306274414,17.11420440673828,31.319997787475586,20.260000228881836,2018-12-09
2018-12-10 00:00:00+00:00,22.4322509765625,29.275999069213867,16.275999069213867,13.138765335083008,24.119998931884766,20.229999542236328,2018-12-10
2018-12-11 00:00:00+00:00,23.01558494567871,28.17599868774414,16.625999450683594,13.905508995056152,24.119998931884766,15.170000076293945,2018-12-11
2018-12-12 00:00:00+00:00,23.171831130981445,29.075998306274414,18.325998306274414,13.684735298156738,26.280000686645508,14.350000381469727,2018-12-12
2018-12-13 00:00:00+00:00,22.53641700744629,27.825998306274414,17.72599983215332,15.876774787902832,27.719999313354492,13.210000038146973,2018-12-13
2018-12-14 00:00:00+00:00,22.43849754333496,28.575998306274414,16.72599983215332,18.86138916015625,32.39999771118164,19.829999923706055,2018-12-14
2018-12-15 00:00:00+00:00,21.471832275390625,27.275999069213867,15.97599983215332,21.749481201171875,40.31999969482422,19.020000457763672,2018-12-15
2018-12-16 00:00:00+00:00,19.740581512451172,24.775999069213867,14.87600040435791,21.178895950317383,41.76000213623047,12.600000381469727,2018-12-16
2018-12-17 00:00:00+00:00,20.732248306274414,28.325998306274414,14.97599983215332,17.727943420410156,37.439998626708984,19.65999984741211,2018-12-17
2018-12-18 00:00:00+00:00,20.817668914794922,27.67599868774414,14.62600040435791,14.587776184082031,26.280000686645508,20.739999771118164,2018-12-18
2018-12-19 00:00:00+00:00,20.961416244506836,27.47599983215332,15.675999641418457,14.777549743652344,25.919998168945312,16.290000915527344,2018-12-19
2018-12-20 00:00:00+00:00,21.898916244506836,27.97599983215332,16.575998306274414,16.57564353942871,29.51999855041504,16.8700008392334,2018-12-20
2018-12-21 00:00:00+00:00,21.940582275390625,26.375999450683594,17.025999069213867,13.32486343383789,26.639999389648438,13.649999618530273,2018-12-21
2018-12-22 00:00:00+00:00,22.94266700744629,28.375999450683594,18.67599868774414,15.58430004119873,28.799999237060547,14.6899995803833,2018-12-22
2018-12-23 00:00:00+00:00,22.14891242980957,28.22599983215332,17.875999450683594,20.188907623291016,37.439998626708984,15.4399995803833,2018-12-23
2018-12-24 00:00:00+00:00,22.725997924804688,29.025999069213867,17.17599868774414,18.05750846862793,33.839996337890625,17.280000686645508,2018-12-24
2018-12-25 00:00:00+00:00,22.596832275390625,28.625999450683594,17.025999069213867,14.332340240478516,32.39999771118164,16.940000534057617,2018-12-25
2018-12-26 00:00:00+00:00,23.111417770385742,29.42599868774414,17.275999069213867,13.849475860595703,29.8799991607666,19.610000610351562,2018-12-26
2018-12-27 00:00:00+00:00,23.369752883911133,28.67599868774414,18.42599868774414,14.618837356567383,29.15999984741211,15.859999656677246,2018-12-27
2018-12-28 00:00:00+00:00,21.79683494567871,25.825998306274414,17.825998306274414,12.758432388305664,24.119998931884766,14.90999984741211,2018-12-28
2018-12-29 00:00:00+00:00,20.346832275390625,24.775999069213867,16.125999450683594,17.67302894592285,32.39999771118164,8.09000015258789,2018-12-29
2018-12-30 00:00:00+00:00,20.97391700744629,27.275999069213867,16.025999069213867,17.518356323242188,36.36000061035156,19.719999313354492,2018-12-30
2018-12-31 00:00:00+00:00,19.63016700744629,26.47599983215332,12.925999641418457,15.13713264465332,30.599998474121094,20.690000534057617,2018-12-31
2019-01-01 00:00:00+00:00,18.81974983215332,26.97599983215332,11.87600040435791,14.372974395751953,32.76000213623047,21.600000381469727,2019-01-01
2019-01-02 00:00:00+00:00,18.76766586303711,26.92599868774414,11.826000213623047,18.94708251953125,38.519996643066406,21.579999923706055,2019-01-02
2019-01-03 00:00:00+00:00,19.638500213623047,27.825998306274414,12.72599983215332,18.289274215698242,38.15999984741211,21.59000015258789,2019-01-03
2019-01-04 00:00:00+00:00,19.673917770385742,27.47599983215332,12.37600040435791,20.431386947631836,42.119998931884766,21.600000381469727,2019-01-04
2019-01-05 00:00:00+00:00,19.51558494567871,27.125999450683594,12.47599983215332,14.471820831298828,33.47999954223633,21.420000076293945,2019-01-05
2019-01-06 00:00:00+00:00,19.62600326538086,27.67599868774414,13.276000022888184,13.722564697265625,30.599998474121094,21.020000457763672,2019-01-06
2019-01-07 00:00:00+00:00,19.988502502441406,27.525999069213867,14.425999641418457,12.574259757995605,29.15999984741211,20.270000457763672,2019-01-07
2019-01-08 00:00:00+00:00,20.628084182739258,28.325998306274414,14.12600040435791,18.075441360473633,37.439998626708984,21.5,2019-01-08
2019-01-09 00:00:00+00:00,20.7426700592041,28.97599983215332,13.526000022888184,15.175612449645996,34.20000076293945,21.6299991607666,2019-01-09
2019-01-10 00:00:00+00:00,20.748916625976562,29.075998306274414,13.47599983215332,17.581125259399414,31.68000030517578,21.770000457763672,2019-01-10
2019-01-11 00:00:00+00:00,20.765583038330078,28.72599983215332,15.12600040435791,17.55530548095703,31.319997787475586,21.059999465942383,2019-01-11
2019-01-12 00:00:00+00:00,20.69474983215332,28.325998306274414,14.22599983215332,17.057313919067383,29.51999855041504,20.84000015258789,2019-01-12
2019-01-13 00:00:00+00:00,20.919748306274414,28.825998306274414,14.425999641418457,15.856355667114258,28.799999237060547,21.40999984741211,2019-01-13
2019-01-14 00:00:00+00:00,20.617666244506836,28.47599983215332,13.72599983215332,16.19999885559082,31.68000030517578,21.649999618530273,2019-01-14
2019-01-15 00:00:00+00:00,20.19266700744629,28.325998306274414,13.276000022888184,18.5146427154541,38.15999984741211,21.90999984741211,2019-01-15
2019-01-16 00:00:00+00:00,20.526002883911133,28.325998306274414,13.925999641418457,16.099689483642578,33.47999954223633,22.139999389648438,2019-01-16
2019-01-17 00:00:00+00:00,20.926000595092773,28.325998306274414,14.175999641418457,17.581125259399414,34.20000076293945,21.690000534057617,2019-01-17
2019-01-18 00:00:00+00:00,21.11766242980957,28.525999069213867,14.37600040435791,16.37505340576172,35.279998779296875,21.899999618530273,2019-01-18
2019-01-19 00:00:00+00:00,20.60725212097168,28.875999450683594,13.826000213623047,15.856355667114258,33.839996337890625,22.350000381469727,2019-01-19
2019-01-20 00:00:00+00:00,20.54058265686035,28.17599868774414,13.326000213623047,16.243940353393555,34.560001373291016,22.229999542236328,2019-01-20
2019-01-21 00:00:00+00:00,20.63850212097168,29.125999450683594,13.72599983215332,15.941944122314453,33.47999954223633,22.68000030517578,2019-01-21
2019-01-22 00:00:00+00:00,20.686418533325195,28.17599868774414,14.526000022888184,15.256525993347168,26.280000686645508,21.959999084472656,2019-01-22
2019-01-23 00:00:00+00:00,22.111417770385742,28.775999069213867,16.47599983215332,15.315873146057129,27.0,21.709999084472656,2019-01-23
2019-01-24 00:00:00+00:00,22.98016929626465,29.375999450683594,16.67599868774414,19.31962776184082,34.20000076293945,21.020000457763672,2019-01-24
2019-01-25 00:00:00+00:00,22.446836471557617,28.775999069213867,16.125999450683594,14.480772972106934,29.8799991607666,17.469999313354492,2019-01-25
2019-01-26 00:00:00+00:00,22.615585327148438,27.375999450683594,18.72599983215332,14.058449745178223,25.559999465942383,15.109999656677246,2019-01-26
2019-01-27 00:00:00+00:00,21.65308380126953,26.92599868774414,18.075998306274414,11.72075080871582,27.719999313354492,15.329999923706055,2019-01-27
2019-01-28 00:00:00+00:00,20.35933494567871,25.575998306274414,17.17599868774414,15.02110481262207,28.799999237060547,16.209999084472656,2019-01-28
2019-01-29 00:00:00+00:00,20.66558265686035,25.72599983215332,16.67599868774414,18.94024085998535,34.91999816894531,15.949999809265137,2019-01-29
2019-01-30 00:00:00+00:00,20.553083419799805,26.67599868774414,15.22599983215332,19.245697021484375,37.439998626708984,19.030000686645508,2019-01-30
2019-01-31 00:00:00+00:00,20.73016357421875,26.125999450683594,15.925999641418457,20.633371353149414,35.63999938964844,20.549999237060547,2019-01-31
2019-02-01 00:00:00+00:00,20.505165100097656,26.17599868774414,15.276000022888184,15.856355667114258,31.319997787475586,18.969999313354492,2019-02-01
2019-02-02 00:00:00+00:00,21.3385009765625,27.92599868774414,16.075998306274414,18.07902717590332,37.439998626708984,21.1200008392334,2019-02-02
2019-02-03 00:00:00+00:00,22.125999450683594,28.275999069213867,16.275999069213867,21.31613540649414,37.79999923706055,21.709999084472656,2019-02-03
2019-02-04 00:00:00+00:00,22.625999450683594,29.22599983215332,16.075998306274414,20.83339500427246,39.599998474121094,22.459999084472656,2019-02-04
2019-02-05 00:00:00+00:00,22.9655818939209,29.17599868774414,17.075998306274414,16.520822525024414,33.119998931884766,17.540000915527344,2019-02-05
2019-02-06 00:00:00+00:00,23.30933380126953,29.67599868774414,17.025999069213867,17.47762107849121,31.68000030517578,21.559999465942383,2019-02-06
2019-02-07 00:00:00+00:00,24.092660903930664,30.47599983215332,17.625999450683594,14.843179702758789,27.35999870300293,21.75,2019-02-07
2019-02-08 00:00:00+00:00,24.730165481567383,30.67599868774414,18.22599983215332,14.512063980102539,24.479999542236328,21.149999618530273,2019-02-08
2019-02-09 00:00:00+00:00,22.678085327148438,29.22599983215332,19.67599868774414,12.819234848022461,25.19999885559082,16.639999389648438,2019-02-09
2019-02-10 00:00:00+00:00,23.19683074951172,28.575998306274414,19.22599983215332,15.89309310913086,33.119998931884766,18.760000228881836,2019-02-10
2019-02-11 00:00:00+00:00,22.488500595092773,29.17599868774414,16.775999069213867,21.252199172973633,43.560001373291016,21.15999984741211,2019-02-11
2019-02-12 00:00:00+00:00,22.01350212097168,28.375999450683594,15.776000022888184,22.910259246826172,46.07999801635742,22.979999542236328,2019-02-12
2019-02-13 00:00:00+00:00,22.28849983215332,29.125999450683594,15.87600040435791,18.94024085998535,39.959999084472656,23.579999923706055,2019-02-13
2019-02-14 00:00:00+00:00,23.52391242980957,30.025999069213867,16.075998306274414,19.652175903320312,37.07999801635742,23.280000686645508,2019-02-14
2019-02-15 00:00:00+00:00,24.04475212097168,29.275999069213867,18.92599868774414,15.30741024017334,28.440000534057617,20.290000915527344,2019-02-15
2019-02-16 00:00:00+00:00,25.138498306274414,31.525999069213867,19.22599983215332,10.495713233947754,24.84000015258789,21.510000228881836,2019-02-16
2019-02-17 00:00:00+00:00,25.073915481567383,31.875999450683594,18.375999450683594,15.815435409545898,34.20000076293945,23.770000457763672,2019-02-17
2019-02-18 00:00:00+00:00,25.0864200592041,31.97599983215332,18.72599983215332,13.746155738830566,24.119998931884766,24.06999969482422,2019-02-18
2019-02-19 00:00:00+00:00,25.355165481567383,31.275999069213867,19.97599983215332,18.455047607421875,32.76000213623047,20.280000686645508,2019-02-19
2019-02-20 00:00:00+00:00,24.544754028320312,31.72599983215332,17.125999450683594,21.129884719848633,42.119998931884766,23.84000015258789,2019-02-20
2019-02-21 00:00:00+00:00,23.673917770385742,30.875999450683594,16.525999069213867,22.96393585205078,45.71999740600586,24.360000610351562,2019-02-21
2019-02-22 00:00:00+00:00,23.519752502441406,31.72599983215332,16.275999069213867,27.15316390991211,52.91999816894531,24.920000076293945,2019-02-22
2019-02-23 00:00:00+00:00,24.31974983215332,33.0260009765625,16.125999450683594,24.187068939208984,47.880001068115234,25.3700008392334,2019-02-23
2019-02-24 00:00:00+00:00,25.080167770385742,33.176002502441406,16.47599983215332,18.998315811157227,38.880001068115234,25.350000381469727,2019-02-24
2019-02-25 00:00:00+00:00,25.334333419799805,33.375999450683594,16.625999450683594,17.935081481933594,32.39999771118164,25.549999237060547,2019-02-25
2019-02-26 00:00:00+00:00,26.30307960510254,33.32600021362305,19.075998306274414,12.475960731506348,27.35999870300293,24.579999923706055,2019-02-26
2019-02-27 00:00:00+00:00,25.876001358032227,32.426002502441406,19.625999450683594,16.73516082763672,28.799999237060547,23.579999923706055,2019-02-27
2019-02-28 00:00:00+00:00,25.490583419799805,32.32600021362305,19.97599983215332,14.399999618530273,28.440000534057617,24.639999389648438,2019-02-28
2019-03-01 00:00:00+00:00,25.957250595092773,32.5260009765625,20.075998306274414,22.06597328186035,39.959999084472656,23.360000610351562,2019-03-01
2019-03-02 00:00:00+00:00,25.4322509765625,31.775999069213867,19.47599983215332,21.37078285217285,38.15999984741211,22.18000030517578,2019-03-02
2019-03-03 00:00:00+00:00,25.44266700744629,32.47600173950195,19.375999450683594,13.237038612365723,31.319997787475586,21.329999923706055,2019-03-03
2019-03-04 00:00:00+00:00,26.5885009765625,32.676002502441406,19.375999450683594,13.77911376953125,23.399999618530273,21.959999084472656,2019-03-04
2019-03-05 00:00:00+00:00,26.736413955688477,31.17599868774414,21.525999069213867,15.856353759765625,27.35999870300293,21.1200008392334,2019-03-05
2019-03-06 00:00:00+00:00,27.321836471557617,34.22600173950195,20.575998306274414,13.392773628234863,31.319997787475586,25.0,2019-03-06
2019-03-07 00:00:00+00:00,26.919748306274414,34.97600173950195,19.72599983215332,12.074766159057617,25.919998168945312,25.5,2019-03-07
2019-03-08 00:00:00+00:00,26.953086853027344,34.375999450683594,18.97599983215332,14.618837356567383,25.919998168945312,25.389999389648438,2019-03-08
2019-03-09 00:00:00+00:00,25.88016700744629,30.575998306274414,20.875999450683594,16.263872146606445,32.39999771118164,18.799999237060547,2019-03-09
2019-03-10 00:00:00+00:00,27.150999069213867,33.176002502441406,21.17599868774414,15.379205703735352,28.079999923706055,21.729999542236328,2019-03-10
2019-03-11 00:00:00+00:00,26.66141700744629,33.2760009765625,20.025999069213867,19.602651596069336,34.20000076293945,23.90999984741211,2019-03-11
2019-03-12 00:00:00+00:00,26.250999450683594,33.0260009765625,18.22599983215332,18.32820701599121,38.15999984741211,25.389999389648438,2019-03-12
2019-03-13 00:00:00+00:00,26.075998306274414,33.0260009765625,19.025999069213867,17.974781036376953,38.880001068115234,25.690000534057617,2019-03-13
2019-03-14 00:00:00+00:00,26.680166244506836,32.926002502441406,19.125999450683594,22.39246368408203,45.71999740600586,25.729999542236328,2019-03-14
2019-03-15 00:00:00+00:00,26.29058265686035,32.97600173950195,19.47599983215332,19.228851318359375,39.959999084472656,25.90999984741211,2019-03-15
2019-03-16 00:00:00+00:00,25.344749450683594,32.5260009765625,17.075998306274414,18.363529205322266,39.23999786376953,26.200000762939453,2019-03-16
2019-03-17 00:00:00+00:00,25.159332275390625,32.82600021362305,17.625999450683594,14.003028869628906,26.280000686645508,26.329999923706055,2019-03-17
2019-03-18 00:00:00+00:00,25.655168533325195,33.375999450683594,17.67599868774414,20.497882843017578,35.63999938964844,26.010000228881836,2019-03-18
2019-03-19 00:00:00+00:00,26.673917770385742,33.926002502441406,18.97599983215332,18.837322235107422,32.76000213623047,24.469999313354492,2019-03-19
2019-03-20 00:00:00+00:00,26.71558380126953,33.32600021362305,20.47599983215332,17.884428024291992,31.319997787475586,22.229999542236328,2019-03-20
2019-03-21 00:00:00+00:00,26.955167770385742,33.97600173950195,20.325998306274414,16.039201736450195,27.719999313354492,22.969999313354492,2019-03-21
2019-03-22 00:00:00+00:00,27.534334182739258,33.426002502441406,20.375999450683594,18.356470108032227,32.03999710083008,22.549999237060547,2019-03-22
2019-03-23 00:00:00+00:00,27.96766471862793,33.926002502441406,21.22599983215332,15.941944122314453,28.440000534057617,22.450000762939453,2019-03-23
2019-03-24 00:00:00+00:00,28.06766700744629,34.07600021362305,21.42599868774414,20.89861297607422,36.71999740600586,21.610000610351562,2019-03-24
2019-03-25 00:00:00+00:00,27.761415481567383,34.625999450683594,20.92599868774414,19.201873779296875,36.36000061035156,25.40999984741211,2019-03-25
2019-03-26 00:00:00+00:00,27.346832275390625,34.125999450683594,20.275999069213867,17.0725040435791,33.119998931884766,26.219999313354492,2019-03-26
2019-03-27 00:00:00+00:00,27.315584182739258,35.0260009765625,20.42599868774414,16.26785659790039,36.0,26.469999313354492,2019-03-27
2019-03-28 00:00:00+00:00,28.163503646850586,35.625999450683594,20.67599868774414,16.07552146911621,36.36000061035156,26.450000762939453,2019-03-28
2019-03-29 00:00:00+00:00,28.15724754333496,34.97600173950195,21.525999069213867,18.35999870300293,32.03999710083008,23.0,2019-03-29
2019-03-30 00:00:00+00:00,27.998916625976562,34.57600021362305,21.325998306274414,13.32486343383789,29.8799991607666,26.270000457763672,2019-03-30
2019-03-31 00:00:00+00:00,28.07600212097168,34.426002502441406,21.275999069213867,10.5142183303833,24.84000015258789,22.549999237060547,2019-03-31
2019-04-01 00:00:00+00:00,28.269750595092773,35.22600173950195,21.22599983215332,13.397611618041992,23.759998321533203,23.100000381469727,2019-04-01
2019-04-02 00:00:00+00:00,28.311416625976562,34.22600173950195,21.92599868774414,14.480772972106934,27.719999313354492,20.84000015258789,2019-04-02
2019-04-03 00:00:00+00:00,27.496835708618164,33.426002502441406,20.67599868774414,19.959720611572266,37.79999923706055,21.3700008392334,2019-04-03
2019-04-04 00:00:00+00:00,27.380165100097656,34.2760009765625,20.575998306274414,18.532133102416992,38.880001068115234,26.469999313354492,2019-04-04
2019-04-05 00:00:00+00:00,27.988500595092773,34.72600173950195,21.22599983215332,15.281989097595215,32.39999771118164,25.829999923706055,2019-04-05
2019-04-06 00:00:00+00:00,28.350997924804688,35.22600173950195,21.375999450683594,16.311613082885742,33.47999954223633,25.850000381469727,2019-04-06
2019-04-07 00:00:00+00:00,28.88641929626465,35.22600173950195,22.17599868774414,15.807238578796387,28.079999923706055,22.229999542236328,2019-04-07
2019-04-08 00:00:00+00:00,28.73225212097168,34.625999450683594,22.22599983215332,11.212135314941406,27.719999313354492,22.520000457763672,2019-04-08
2019-04-09 00:00:00+00:00,28.021835327148438,33.5260009765625,22.525999069213867,13.527571678161621,28.079999923706055,21.68000030517578,2019-04-09
2019-04-10 00:00:00+00:00,28.3072509765625,33.875999450683594,21.825998306274414,13.97987174987793,31.319997787475586,22.469999313354492,2019-04-10
2019-04-11 00:00:00+00:00,28.609331130981445,34.47600173950195,22.025999069213867,12.48115348815918,33.119998931884766,23.479999542236328,2019-04-11
2019-04-12 00:00:00+00:00,28.6218318939209,34.97600173950195,21.575998306274414,16.78156089782715,29.51999855041504,22.829999923706055,2019-04-12
2019-04-13 00:00:00+00:00,28.54058265686035,34.7760009765625,22.025999069213867,18.626304626464844,32.76000213623047,24.31999969482422,2019-04-13
2019-04-14 00:00:00+00:00,28.267671585083008,34.875999450683594,20.525999069213867,18.94708251953125,33.839996337890625,25.3799991607666,2019-04-14
2019-04-15 00:00:00+00:00,27.959333419799805,34.625999450683594,22.025999069213867,15.856353759765625,28.440000534057617,25.920000076293945,2019-04-15
2019-04-16 00:00:00+00:00,28.575998306274414,34.176002502441406,21.825998306274414,21.767351150512695,37.439998626708984,24.829999923706055,2019-04-16
2019-04-17 00:00:00+00:00,27.19474983215332,34.22600173950195,23.075998306274414,10.787993431091309,29.51999855041504,21.649999618530273,2019-04-17
2019-04-18 00:00:00+00:00,26.613502502441406,34.2760009765625,21.47599983215332,16.19999885559082,44.63999557495117,21.15999984741211,2019-04-18
2019-04-19 00:00:00+00:00,26.440584182739258,32.676002502441406,20.92599868774414,15.51762866973877,26.639999389648438,24.329999923706055,2019-04-19
2019-04-20 00:00:00+00:00,25.44474983215332,31.125999450683594,20.42599868774414,21.533897399902344,37.439998626708984,21.389999389648438,2019-04-20
2019-04-21 00:00:00+00:00,26.973920822143555,32.22600173950195,20.825998306274414,11.918120384216309,28.440000534057617,23.399999618530273,2019-04-21
2019-04-22 00:00:00+00:00,26.07808494567871,32.0260009765625,21.17599868774414,19.4699764251709,43.560001373291016,20.520000457763672,2019-04-22
2019-04-23 00:00:00+00:00,26.54266929626465,32.47600173950195,20.525999069213867,15.379205703735352,32.03999710083008,21.65999984741211,2019-04-23
2019-04-24 00:00:00+00:00,27.561418533325195,33.125999450683594,21.22599983215332,17.057313919067383,35.63999938964844,21.84000015258789,2019-04-24
2019-04-25 00:00:00+00:00,27.792665481567383,34.82600021362305,21.025999069213867,15.226763725280762,30.96000099182129,25.530000686645508,2019-04-25
2019-04-26 00:00:00+00:00,28.65308380126953,35.47600173950195,21.67599868774414,17.238698959350586,35.63999938964844,23.0,2019-04-26
2019-04-27 00:00:00+00:00,29.017663955688477,35.7760009765625,21.875999450683594,20.00511932373047,41.03999710083008,21.969999313354492,2019-04-27
2019-04-28 00:00:00+00:00,28.41141700744629,35.0260009765625,22.075998306274414,19.959718704223633,38.519996643066406,20.459999084472656,2019-04-28
2019-04-29 00:00:00+00:00,28.396835327148438,34.125999450683594,22.42599868774414,15.6837739944458,33.47999954223633,21.84000015258789,2019-04-29
2019-04-30 00:00:00+00:00,27.813501358032227,33.72600173950195,22.625999450683594,17.429353713989258,32.39999771118164,21.670000076293945,2019-04-30
2019-05-01 00:00:00+00:00,26.376001358032227,33.176002502441406,21.17599868774414,18.05750846862793,38.880001068115234,19.190000534057617,2019-05-01
2019-05-02 00:00:00+00:00,27.51350212097168,35.125999450683594,20.525999069213867,16.450069427490234,35.279998779296875,23.600000381469727,2019-05-02
2019-05-03 00:00:00+00:00,27.01141929626465,34.32600021362305,20.525999069213867,15.815435409545898,33.47999954223633,24.950000762939453,2019-05-03
2019-05-04 00:00:00+00:00,27.23016357421875,32.72600173950195,21.275999069213867,12.397806167602539,29.15999984741211,21.280000686645508,2019-05-04
2019-05-05 00:00:00+00:00,27.863502502441406,33.22600173950195,21.625999450683594,12.574259757995605,23.759998321533203,21.420000076293945,2019-05-05
2019-05-06 00:00:00+00:00,28.619749069213867,33.625999450683594,22.075998306274414,13.32486343383789,23.03999900817871,20.440000534057617,2019-05-06
2019-05-07 00:00:00+00:00,25.940584182739258,32.07600021362305,21.67599868774414,17.14824676513672,31.319997787475586,16.149999618530273,2019-05-07
2019-05-08 00:00:00+00:00,25.665586471557617,31.075998306274414,21.22599983215332,16.7661075592041,36.36000061035156,19.209999084472656,2019-05-08
2019-05-09 00:00:00+00:00,26.75933074951172,32.5260009765625,21.625999450683594,16.73516082763672,35.279998779296875,22.84000015258789,2019-05-09
2019-05-10 00:00:00+00:00,28.217666625976562,33.57600021362305,21.825998306274414,12.599998474121094,28.799999237060547,20.979999542236328,2019-05-10
2019-05-11 00:00:00+00:00,27.4947509765625,33.676002502441406,22.875999450683594,16.808570861816406,33.119998931884766,18.450000762939453,2019-05-11
2019-05-12 00:00:00+00:00,27.319747924804688,33.125999450683594,22.775999069213867,12.245292663574219,25.919998168945312,18.43000030517578,2019-05-12
2019-05-13 00:00:00+00:00,26.232254028320312,31.875999450683594,22.17599868774414,12.574259757995605,30.599998474121094,19.81999969482422,2019-05-13
2019-05-14 00:00:00+00:00,27.519752502441406,33.2760009765625,21.875999450683594,16.422470092773438,36.36000061035156,22.43000030517578,2019-05-14
2019-05-15 00:00:00+00:00,26.88641929626465,32.7760009765625,21.875999450683594,13.755579948425293,27.35999870300293,21.34000015258789,2019-05-15
2019-05-16 00:00:00+00:00,27.288503646850586,33.22600173950195,21.775999069213867,15.038350105285645,31.68000030517578,21.81999969482422,2019-05-16
2019-05-17 00:00:00+00:00,27.065584182739258,32.57600021362305,22.42599868774414,12.64107608795166,30.23999786376953,21.729999542236328,2019-05-17
2019-05-18 00:00:00+00:00,27.688499450683594,32.926002502441406,22.575998306274414,11.212135314941406,30.599998474121094,22.760000228881836,2019-05-18
2019-05-19 00:00:00+00:00,28.115583419799805,32.82600021362305,22.375999450683594,9.255571365356445,29.15999984741211,22.190000534057617,2019-05-19
2019-05-20 00:00:00+00:00,27.986417770385742,33.47600173950195,22.875999450683594,9.0,29.15999984741211,22.75,2019-05-20
2019-05-21 00:00:00+00:00,27.573915481567383,32.926002502441406,22.375999450683594,12.889809608459473,29.51999855041504,20.68000030517578,2019-05-21
2019-05-22 00:00:00+00:00,27.190587997436523,33.2760009765625,21.92599868774414,13.319999694824219,26.639999389648438,22.639999389648438,2019-05-22
2019-05-23 00:00:00+00:00,27.176000595092773,32.97600173950195,22.075998306274414,16.56391143798828,33.47999954223633,22.34000015258789,2019-05-23
2019-05-24 00:00:00+00:00,26.775999069213867,33.426002502441406,21.47599983215332,12.727921485900879,23.759998321533203,23.110000610351562,2019-05-24
2019-05-25 00:00:00+00:00,26.328081130981445,32.426002502441406,22.025999069213867,15.6837739944458,29.8799991607666,22.399999618530273,2019-05-25
2019-05-26 00:00:00+00:00,27.026002883911133,32.7760009765625,21.92599868774414,13.891522407531738,26.639999389648438,21.940000534057617,2019-05-26
2019-05-27 00:00:00+00:00,26.757247924804688,32.72600173950195,20.92599868774414,12.218805313110352,26.639999389648438,23.1299991607666,2019-05-27
2019-05-28 00:00:00+00:00,26.803083419799805,31.575998306274414,22.825998306274414,13.896186828613281,30.23999786376953,21.610000610351562,2019-05-28
2019-05-29 00:00:00+00:00,27.055166244506836,33.32600021362305,22.025999069213867,13.551501274108887,27.35999870300293,22.229999542236328,2019-05-29
2019-05-30 00:00:00+00:00,25.52391242980957,31.92599868774414,21.125999450683594,16.29174041748047,30.23999786376953,22.43000030517578,2019-05-30
2019-05-31 00:00:00+00:00,25.271835327148438,30.875999450683594,21.775999069213867,14.843179702758789,27.719999313354492,21.010000228881836,2019-05-31
2019-06-01 00:00:00+00:00,25.96974754333496,30.97599983215332,21.67599868774414,17.533145904541016,34.91999816894531,21.610000610351562,2019-06-01
2019-06-02 00:00:00+00:00,25.096832275390625,30.075998306274414,22.025999069213867,15.124283790588379,30.96000099182129,18.6299991607666,2019-06-02
2019-06-03 00:00:00+00:00,24.54058265686035,31.17599868774414,21.17599868774414,20.883102416992188,42.839996337890625,19.969999313354492,2019-06-03
2019-06-04 00:00:00+00:00,25.598915100097656,30.47599983215332,21.075998306274414,15.978486061096191,30.23999786376953,23.270000457763672,2019-06-04
2019-06-05 00:00:00+00:00,24.490583419799805,29.825998306274414,21.275999069213867,12.768586158752441,27.719999313354492,19.200000762939453,2019-06-05
2019-06-06 00:00:00+00:00,25.876001358032227,31.075998306274414,21.625999450683594,9.931041717529297,25.19999885559082,22.65999984741211,2019-06-06
2019-06-07 00:00:00+00:00,25.023916244506836,30.72599983215332,21.22599983215332,12.682018280029297,24.479999542236328,23.559999465942383,2019-06-07
2019-06-08 00:00:00+00:00,25.24683380126953,29.97599983215332,20.92599868774414,14.332340240478516,27.35999870300293,18.690000534057617,2019-06-08
2019-06-09 00:00:00+00:00,25.436416625976562,31.275999069213867,21.22599983215332,17.782686233520508,36.0,25.280000686645508,2019-06-09
2019-06-10 00:00:00+00:00,24.234336853027344,29.22599983215332,21.075998306274414,25.277023315429688,46.79999923706055,19.18000030517578,2019-06-10
2019-06-11 00:00:00+00:00,24.55933380126953,29.42599868774414,21.325998306274414,28.227304458618164,56.15999984741211,20.030000686645508,2019-06-11
2019-06-12 00:00:00+00:00,24.011415481567383,27.325998306274414,21.025999069213867,29.46067237854004,53.63999557495117,15.039999961853027,2019-06-12
2019-06-13 00:00:00+00:00,23.911415100097656,28.125999450683594,20.67599868774414,29.957971572875977,52.91999816894531,16.440000534057617,2019-06-13
2019-06-14 00:00:00+00:00,24.361413955688477,28.22599983215332,20.575998306274414,23.836240768432617,45.36000061035156,17.8700008392334,2019-06-14
2019-06-15 00:00:00+00:00,25.04474639892578,30.275999069213867,20.47599983215332,20.87068748474121,40.68000030517578,21.010000228881836,2019-06-15
2019-06-16 00:00:00+00:00,25.280166625976562,30.525999069213867,20.375999450683594,21.24304962158203,39.599998474121094,20.799999237060547,2019-06-16
2019-06-17 00:00:00+00:00,25.336416244506836,30.125999450683594,20.525999069213867,22.3924617767334,43.560001373291016,21.200000762939453,2019-06-17
2019-06-18 00:00:00+00:00,24.888498306274414,29.775999069213867,20.275999069213867,22.6828556060791,42.119998931884766,20.280000686645508,2019-06-18
2019-06-19 00:00:00+00:00,25.3676700592041,30.775999069213867,20.42599868774414,21.626983642578125,41.03999710083008,21.350000381469727,2019-06-19
2019-06-20 00:00:00+00:00,23.95100212097168,28.17599868774414,19.97599983215332,23.399999618530273,48.23999786376953,19.790000915527344,2019-06-20
2019-06-21 00:00:00+00:00,24.17183494567871,29.125999450683594,20.075998306274414,19.134260177612305,36.71999740600586,14.270000457763672,2019-06-21
2019-06-22 00:00:00+00:00,23.48224639892578,28.47599983215332,20.825998306274414,20.34557342529297,47.880001068115234,10.180000305175781,2019-06-22
2019-06-23 00:00:00+00:00,24.044748306274414,29.42599868774414,20.625999450683594,22.65713119506836,50.03999710083008,15.09000015258789,2019-06-23
2019-06-24 00:00:00+00:00,24.738502502441406,29.875999450683594,20.42599868774414,17.651016235351562,39.23999786376953,21.100000381469727,2019-06-24
2019-06-25 00:00:00+00:00,25.155166625976562,30.22599983215332,21.125999450683594,18.356470108032227,36.71999740600586,20.309999465942383,2019-06-25
2019-06-26 00:00:00+00:00,24.061416625976562,27.42599868774414,20.525999069213867,20.674158096313477,39.23999786376953,11.960000038146973,2019-06-26
2019-06-27 00:00:00+00:00,23.990585327148438,29.775999069213867,20.325998306274414,23.732709884643555,53.63999557495117,16.530000686645508,2019-06-27
2019-06-28 00:00:00+00:00,24.68016815185547,30.72599983215332,19.775999069213867,29.17999267578125,55.439998626708984,21.510000228881836,2019-06-28
2019-06-29 00:00:00+00:00,24.71558380126953,29.47599983215332,20.22599983215332,28.112287521362305,56.15999984741211,18.65999984741211,2019-06-29
2019-06-30 00:00:00+00:00,24.353086471557617,30.275999069213867,20.625999450683594,30.978832244873047,62.27999496459961,15.649999618530273,2019-06-30
2019-07-01 00:00:00+00:00,25.088499069213867,29.875999450683594,20.67599868774414,25.582805633544922,49.31999969482422,18.799999237060547,2019-07-01
2019-07-02 00:00:00+00:00,25.0572509765625,30.875999450683594,20.775999069213867,28.910037994384766,54.71999740600586,20.309999465942383,2019-07-02
2019-07-03 00:00:00+00:00,24.82391929626465,29.67599868774414,21.025999069213867,27.607563018798828,58.31999969482422,16.510000228881836,2019-07-03
2019-07-04 00:00:00+00:00,24.98224639892578,30.325998306274414,21.325998306274414,28.639802932739258,59.39999771118164,19.8700008392334,2019-07-04
2019-07-05 00:00:00+00:00,24.371835708618164,28.92599868774414,20.97599983215332,33.626773834228516,63.36000061035156,18.059999465942383,2019-07-05
2019-07-06 00:00:00+00:00,24.551000595092773,29.47599983215332,20.72599983215332,30.90343475341797,60.47999572753906,17.559999465942383,2019-07-06
2019-07-07 00:00:00+00:00,24.590578079223633,29.97599983215332,20.375999450683594,32.52774429321289,65.87999725341797,19.489999771118164,2019-07-07
2019-07-08 00:00:00+00:00,24.534332275390625,29.825998306274414,20.42599868774414,31.093666076660156,60.839996337890625,16.799999237060547,2019-07-08
2019-07-09 00:00:00+00:00,24.23016929626465,29.42599868774414,20.775999069213867,27.757375717163086,55.07999801635742,18.0,2019-07-09
2019-07-10 00:00:00+00:00,22.00933265686035,26.025999069213867,19.775999069213867,30.430116653442383,60.12000274658203,11.289999961853027,2019-07-10
2019-07-11 00:00:00+00:00,23.657251358032227,29.525999069213867,19.72599983215332,25.212852478027344,53.279998779296875,17.43000030517578,2019-07-11
2019-07-12 00:00:00+00:00,23.732248306274414,29.325998306274414,19.67599868774414,15.480000495910645,34.91999816894531,20.530000686645508,2019-07-12
2019-07-13 00:00:00+00:00,24.32808494567871,29.42599868774414,19.775999069213867,18.0,32.76000213623047,19.8799991607666,2019-07-13
2019-07-14 00:00:00+00:00,24.001001358032227,28.92599868774414,19.92599868774414,20.633371353149414,39.23999786376953,17.559999465942383,2019-07-14
2019-07-15 00:00:00+00:00,23.844749450683594,28.42599868774414,19.67599868774414,18.998313903808594,38.519996643066406,20.479999542236328,2019-07-15
2019-07-16 00:00:00+00:00,23.98433494567871,29.025999069213867,19.97599983215332,18.64369010925293,38.519996643066406,19.639999389648438,2019-07-16
2019-07-17 00:00:00+00:00,24.00724983215332,28.42599868774414,20.375999450683594,17.193532943725586,37.79999923706055,16.829999923706055,2019-07-17
2019-07-18 00:00:00+00:00,23.778085708618164,29.42599868774414,20.625999450683594,18.08977508544922,36.0,18.389999389648438,2019-07-18
2019-07-19 00:00:00+00:00,22.323915481567383,24.575998306274414,19.875999450683594,19.09358024597168,34.91999816894531,9.180000305175781,2019-07-19
2019-07-20 00:00:00+00:00,22.842666625976562,27.42599868774414,20.025999069213867,24.821731567382812,48.599998474121094,17.510000228881836,2019-07-20
2019-07-21 00:00:00+00:00,22.698915481567383,26.72599983215332,20.525999069213867,25.772077560424805,49.68000030517578,10.710000038146973,2019-07-21
2019-07-22 00:00:00+00:00,21.505165100097656,25.92599868774414,19.575998306274414,21.252199172973633,46.07999801635742,11.09000015258789,2019-07-22
2019-07-23 00:00:00+00:00,21.330163955688477,24.22599983215332,19.075998306274414,21.749481201171875,41.76000213623047,8.739999771118164,2019-07-23
2019-07-24 00:00:00+00:00,22.78641700744629,27.97599983215332,19.42599868774414,20.969804763793945,40.31999969482422,18.030000686645508,2019-07-24
2019-07-25 00:00:00+00:00,22.665586471557617,27.125999450683594,19.92599868774414,19.799999237060547,37.79999923706055,16.110000610351562,2019-07-25
2019-07-26 00:00:00+00:00,21.744749069213867,25.325998306274414,19.525999069213867,21.933425903320312,43.560001373291016,9.520000457763672,2019-07-26
2019-07-27 00:00:00+00:00,22.78641700744629,27.275999069213867,19.275999069213867,24.28866195678711,60.12000274658203,15.600000381469727,2019-07-27
2019-07-28 00:00:00+00:00,22.719751358032227,26.92599868774414,20.125999450683594,26.009841918945312,52.560001373291016,13.319999694824219,2019-07-28
2019-07-29 00:00:00+00:00,22.49683380126953,26.97599983215332,19.775999069213867,25.346147537231445,56.519996643066406,12.239999771118164,2019-07-29
2019-07-30 00:00:00+00:00,22.95932960510254,27.72599983215332,19.325998306274414,27.722335815429688,52.560001373291016,16.290000915527344,2019-07-30
2019-07-31 00:00:00+00:00,23.30100440979004,27.97599983215332,19.17599868774414,23.110206604003906,48.599998474121094,20.280000686645508,2019-07-31
2019-08-01 00:00:00+00:00,23.380170822143555,28.17599868774414,19.525999069213867,25.50924301147461,48.599998474121094,18.489999771118164,2019-08-01
2019-08-02 00:00:00+00:00,23.048917770385742,26.72599983215332,20.275999069213867,29.87132453918457,57.599998474121094,15.119999885559082,2019-08-02
2019-08-03 00:00:00+00:00,23.619752883911133,28.325998306274414,20.17599868774414,31.5590877532959,64.79999542236328,18.5,2019-08-03
2019-08-04 00:00:00+00:00,23.957250595092773,28.525999069213867,20.525999069213867,31.394393920898438,63.0,19.65999984741211,2019-08-04
2019-08-05 00:00:00+00:00,21.771833419799805,25.125999450683594,20.025999069213867,34.2132568359375,62.63999557495117,10.470000267028809,2019-08-05
2019-08-06 00:00:00+00:00,21.750999450683594,25.025999069213867,20.075998306274414,30.574575424194336,68.03999328613281,11.09000015258789,2019-08-06
2019-08-07 00:00:00+00:00,23.159332275390625,27.72599983215332,20.92599868774414,36.659950256347656,78.83999633789062,17.729999542236328,2019-08-07
2019-08-08 00:00:00+00:00,22.688501358032227,27.075998306274414,20.525999069213867,36.4329948425293,73.43999481201172,14.930000305175781,2019-08-08
2019-08-09 00:00:00+00:00,22.273916244506836,26.97599983215332,20.325998306274414,32.862693786621094,68.4000015258789,14.75,2019-08-09
2019-08-10 00:00:00+00:00,21.53849983215332,24.025999069213867,20.17599868774414,27.419145584106445,58.679996490478516,6.230000019073486,2019-08-10
2019-08-11 00:00:00+00:00,22.765581130981445,26.825998306274414,19.325998306274414,30.821548461914062,56.880001068115234,16.360000610351562,2019-08-11
2019-08-12 00:00:00+00:00,22.72391700744629,27.775999069213867,19.775999069213867,24.819122314453125,50.7599983215332,15.609999656677246,2019-08-12
2019-08-13 00:00:00+00:00,22.926000595092773,27.825998306274414,19.825998306274414,20.17606544494629,41.76000213623047,17.770000457763672,2019-08-13
2019-08-14 00:00:00+00:00,22.094749450683594,25.375999450683594,20.025999069213867,21.413190841674805,43.19999694824219,15.899999618530273,2019-08-14
2019-08-15 00:00:00+00:00,22.584333419799805,27.375999450683594,19.42599868774414,22.461807250976562,46.439998626708984,17.079999923706055,2019-08-15
2019-08-16 00:00:00+00:00,22.13016700744629,26.575998306274414,19.575998306274414,17.877180099487305,39.959999084472656,13.260000228881836,2019-08-16
2019-08-17 00:00:00+00:00,21.553083419799805,24.075998306274414,19.775999069213867,12.620553970336914,30.23999786376953,8.289999961853027,2019-08-17
2019-08-18 00:00:00+00:00,22.267669677734375,26.47599983215332,19.97599983215332,16.676977157592773,34.91999816894531,15.220000267028809,2019-08-18
2019-08-19 00:00:00+00:00,23.017667770385742,28.125999450683594,20.075998306274414,12.574259757995605,25.919998168945312,19.360000610351562,2019-08-19
2019-08-20 00:00:00+00:00,22.59891700744629,27.575998306274414,19.97599983215332,16.981164932250977,36.0,16.809999465942383,2019-08-20
2019-08-21 00:00:00+00:00,22.426000595092773,26.92599868774414,19.525999069213867,18.792551040649414,38.880001068115234,14.899999618530273,2019-08-21
2019-08-22 00:00:00+00:00,21.688501358032227,25.275999069213867,19.625999450683594,21.046916961669922,42.47999954223633,12.039999961853027,2019-08-22
2019-08-23 00:00:00+00:00,22.00516700744629,26.47599983215332,19.125999450683594,22.033647537231445,45.0,17.15999984741211,2019-08-23
2019-08-24 00:00:00+00:00,22.032251358032227,25.775999069213867,19.72599983215332,22.180206298828125,47.880001068115234,15.9399995803833,2019-08-24
2019-08-25 00:00:00+00:00,22.34891700744629,26.22599983215332,19.775999069213867,22.104116439819336,43.91999816894531,15.649999618530273,2019-08-25
2019-08-26 00:00:00+00:00,22.73225212097168,27.125999450683594,19.97599983215332,23.510507583618164,48.23999786376953,17.280000686645508,2019-08-26
2019-08-27 00:00:00+00:00,22.519750595092773,25.875999450683594,19.72599983215332,25.922500610351562,49.68000030517578,17.6299991607666,2019-08-27
2019-08-28 00:00:00+00:00,23.086416244506836,27.025999069213867,19.67599868774414,22.057161331176758,43.560001373291016,17.030000686645508,2019-08-28
2019-08-29 00:00:00+00:00,23.084335327148438,28.275999069213867,19.42599868774414,20.991426467895508,40.31999969482422,17.690000534057617,2019-08-29
2019-08-30 00:00:00+00:00,22.94474983215332,27.22599983215332,19.47599983215332,26.55472755432129,51.47999954223633,16.729999542236328,2019-08-30
2019-08-31 00:00:00+00:00,22.551002502441406,26.525999069213867,19.67599868774414,21.31613540649414,46.79999923706055,14.149999618530273,2019-08-31
2019-09-01 00:00:00+00:00,21.694747924804688,24.17599868774414,19.825998306274414,21.749481201171875,45.36000061035156,8.930000305175781,2019-09-01
2019-09-02 00:00:00+00:00,22.37183380126953,28.325998306274414,20.075998306274414,23.313995361328125,56.519996643066406,15.279999732971191,2019-09-02
2019-09-03 00:00:00+00:00,22.08641815185547,25.325998306274414,20.075998306274414,24.575109481811523,60.47999572753906,9.59000015258789,2019-09-03
2019-09-04 00:00:00+00:00,22.530168533325195,27.325998306274414,20.275999069213867,28.822490692138672,61.19999694824219,14.859999656677246,2019-09-04
2019-09-05 00:00:00+00:00,22.66349983215332,26.825998306274414,20.325998306274414,29.268686294555664,63.36000061035156,16.81999969482422,2019-09-05
2019-09-06 00:00:00+00:00,23.315580368041992,26.92599868774414,20.125999450683594,31.353084564208984,63.0,17.770000457763672,2019-09-06
2019-09-07 00:00:00+00:00,23.219749450683594,27.375999450683594,20.47599983215332,31.03525733947754,61.19999694824219,17.889999389648438,2019-09-07
2019-09-08 00:00:00+00:00,22.919748306274414,26.775999069213867,20.075998306274414,29.899511337280273,55.439998626708984,16.219999313354492,2019-09-08
2019-09-09 00:00:00+00:00,23.332250595092773,27.72599983215332,19.825998306274414,25.567604064941406,52.19999694824219,17.229999542236328,2019-09-09
2019-09-10 00:00:00+00:00,23.2155818939209,28.125999450683594,19.575998306274414,20.780452728271484,43.91999816894531,16.690000534057617,2019-09-10
2019-09-11 00:00:00+00:00,23.063499450683594,28.17599868774414,19.775999069213867,19.353139877319336,40.31999969482422,15.34000015258789,2019-09-11
2019-09-12 00:00:00+00:00,22.905168533325195,27.97599983215332,19.525999069213867,17.227418899536133,41.03999710083008,18.540000915527344,2019-09-12
2019-09-13 00:00:00+00:00,23.284334182739258,27.775999069213867,19.17599868774414,17.298738479614258,41.39999771118164,16.360000610351562,2019-09-13
2019-09-14 00:00:00+00:00,23.473915100097656,28.025999069213867,19.67599868774414,15.256525993347168,30.96000099182129,16.75,2019-09-14
2019-09-15 00:00:00+00:00,23.22808265686035,27.875999450683594,19.875999450683594,16.793140411376953,32.76000213623047,16.139999389648438,2019-09-15
2019-09-16 00:00:00+00:00,22.665586471557617,26.92599868774414,19.72599983215332,19.201873779296875,37.439998626708984,13.369999885559082,2019-09-16
2019-09-17 00:00:00+00:00,21.288501739501953,23.825998306274414,19.92599868774414,16.78156089782715,33.119998931884766,6.900000095367432,2019-09-17
2019-09-18 00:00:00+00:00,23.219749450683594,28.075998306274414,20.275999069213867,14.799459457397461,33.839996337890625,15.800000190734863,2019-09-18
2019-09-19 00:00:00+00:00,22.798917770385742,27.625999450683594,19.92599868774414,13.797911643981934,32.03999710083008,15.970000267028809,2019-09-19
2019-09-20 00:00:00+00:00,23.236419677734375,27.125999450683594,19.67599868774414,16.56391143798828,34.20000076293945,13.739999771118164,2019-09-20
2019-09-21 00:00:00+00:00,24.10933494567871,28.775999069213867,19.67599868774414,10.29625129699707,25.559999465942383,20.799999237060547,2019-09-21
2019-09-22 00:00:00+00:00,22.265581130981445,25.72599983215332,20.025999069213867,9.08598804473877,19.799999237060547,10.649999618530273,2019-09-22
2019-09-23 00:00:00+00:00,22.488502502441406,26.575998306274414,20.075998306274414,11.609650611877441,30.599998474121094,14.520000457763672,2019-09-23
2019-09-24 00:00:00+00:00,22.557252883911133,26.075998306274414,19.825998306274414,14.399999618530273,29.15999984741211,14.770000457763672,2019-09-24
2019-09-25 00:00:00+00:00,22.459333419799805,27.275999069213867,19.72599983215332,19.64228057861328,39.23999786376953,16.25,2019-09-25
2019-09-26 00:00:00+00:00,22.023916244506836,25.17599868774414,19.125999450683594,21.971799850463867,51.47999954223633,12.020000457763672,2019-09-26
2019-09-27 00:00:00+00:00,22.828081130981445,27.22599983215332,19.325998306274414,11.304228782653809,27.35999870300293,19.209999084472656,2019-09-27
2019-09-28 00:00:00+00:00,23.60099983215332,27.875999450683594,20.325998306274414,10.948972702026367,25.559999465942383,20.690000534057617,2019-09-28
2019-09-29 00:00:00+00:00,23.330169677734375,27.97599983215332,19.92599868774414,14.494192123413086,28.079999923706055,21.809999465942383,2019-09-29
2019-09-30 00:00:00+00:00,23.282251358032227,27.875999450683594,19.67599868774414,17.373497009277344,34.20000076293945,21.829999923706055,2019-09-30
2019-10-01 00:00:00+00:00,22.721832275390625,27.625999450683594,19.67599868774414,10.464797019958496,23.03999900817871,18.65999984741211,2019-10-01
2019-10-02 00:00:00+00:00,23.686418533325195,28.625999450683594,19.075998306274414,9.359999656677246,19.799999237060547,22.530000686645508,2019-10-02
2019-10-03 00:00:00+00:00,23.178083419799805,28.22599983215332,19.025999069213867,10.195056915283203,20.880001068115234,21.280000686645508,2019-10-03
2019-10-04 00:00:00+00:00,22.794748306274414,28.375999450683594,19.22599983215332,9.028754234313965,25.19999885559082,20.549999237060547,2019-10-04
2019-10-05 00:00:00+00:00,22.746835708618164,27.375999450683594,19.22599983215332,9.565437316894531,26.639999389648438,19.760000228881836,2019-10-05
2019-10-06 00:00:00+00:00,22.5885009765625,27.025999069213867,19.47599983215332,10.464797019958496,27.35999870300293,19.610000610351562,2019-10-06
2019-10-07 00:00:00+00:00,22.282249450683594,26.325998306274414,18.575998306274414,9.904906272888184,24.479999542236328,19.260000228881836,2019-10-07
2019-10-08 00:00:00+00:00,22.67183494567871,27.575998306274414,18.97599983215332,7.559999465942383,22.319997787475586,20.559999465942383,2019-10-08
2019-10-09 00:00:00+00:00,22.740583419799805,27.22599983215332,19.275999069213867,8.427383422851562,22.68000030517578,19.860000610351562,2019-10-09
2019-10-10 00:00:00+00:00,22.5905818939209,26.625999450683594,19.375999450683594,10.315114974975586,24.84000015258789,18.010000228881836,2019-10-10
2019-10-11 00:00:00+00:00,23.22599983215332,27.775999069213867,19.525999069213867,8.5873384475708,18.35999870300293,20.649999618530273,2019-10-11
2019-10-12 00:00:00+00:00,23.52808380126953,27.775999069213867,20.125999450683594,12.31389331817627,26.280000686645508,21.229999542236328,2019-10-12
2019-10-13 00:00:00+00:00,23.13433265686035,27.825998306274414,19.17599868774414,12.758432388305664,33.47999954223633,20.920000076293945,2019-10-13
2019-10-14 00:00:00+00:00,23.703081130981445,28.775999069213867,19.875999450683594,16.39482879638672,32.39999771118164,21.459999084472656,2019-10-14
2019-10-15 00:00:00+00:00,22.980165481567383,27.17599868774414,20.025999069213867,17.10662841796875,38.519996643066406,19.219999313354492,2019-10-15
2019-10-16 00:00:00+00:00,22.207250595092773,26.22599983215332,19.575998306274414,18.21827507019043,38.880001068115234,13.270000457763672,2019-10-16
2019-10-17 00:00:00+00:00,21.54683494567871,24.67599868774414,19.575998306274414,16.215991973876953,34.560001373291016,10.619999885559082,2019-10-17
2019-10-18 00:00:00+00:00,22.46558380126953,26.97599983215332,19.325998306274414,16.595178604125977,35.279998779296875,17.739999771118164,2019-10-18
2019-10-19 00:00:00+00:00,22.60933494567871,26.92599868774414,19.92599868774414,16.676977157592773,32.76000213623047,15.880000114440918,2019-10-19
2019-10-20 00:00:00+00:00,22.423917770385742,26.275999069213867,19.775999069213867,15.273505210876465,35.63999938964844,16.84000015258789,2019-10-20
2019-10-21 00:00:00+00:00,21.91975212097168,25.325998306274414,19.97599983215332,9.565437316894531,24.479999542236328,10.520000457763672,2019-10-21
2019-10-22 00:00:00+00:00,21.155168533325195,23.375999450683594,19.92599868774414,12.768586158752441,25.19999885559082,6.070000171661377,2019-10-22
2019-10-23 00:00:00+00:00,21.60308265686035,25.625999450683594,18.775999069213867,17.283748626708984,33.839996337890625,9.239999771118164,2019-10-23
2019-10-24 00:00:00+00:00,22.41766929626465,26.125999450683594,19.72599983215332,24.192428588867188,57.599998474121094,17.489999771118164,2019-10-24
2019-10-25 00:00:00+00:00,21.09891700744629,24.17599868774414,17.67599868774414,21.710716247558594,41.39999771118164,10.430000305175781,2019-10-25
2019-10-26 00:00:00+00:00,21.35516929626465,26.17599868774414,18.325998306274414,17.283748626708984,38.880001068115234,15.789999961853027,2019-10-26
2019-10-27 00:00:00+00:00,22.125999450683594,26.875999450683594,18.92599868774414,9.504273414611816,24.84000015258789,18.299999237060547,2019-10-27
2019-10-28 00:00:00+00:00,22.3697509765625,27.125999450683594,19.17599868774414,18.05750846862793,35.279998779296875,19.59000015258789,2019-10-28
2019-10-29 00:00:00+00:00,21.613500595092773,25.17599868774414,19.47599983215332,24.79822540283203,50.39999771118164,13.710000038146973,2019-10-29
2019-10-30 00:00:00+00:00,20.79891586303711,23.575998306274414,19.575998306274414,24.365909576416016,44.63999557495117,9.779999732971191,2019-10-30
2019-10-31 00:00:00+00:00,21.144750595092773,24.575998306274414,19.125999450683594,20.523157119750977,39.599998474121094,10.75,2019-10-31
2019-11-01 00:00:00+00:00,22.171831130981445,26.025999069213867,19.47599983215332,11.090103149414062,25.559999465942383,18.670000076293945,2019-11-01
2019-11-02 00:00:00+00:00,22.796831130981445,26.72599983215332,19.575998306274414,10.144082069396973,21.959999084472656,18.56999969482422,2019-11-02
2019-11-03 00:00:00+00:00,22.623916625976562,27.47599983215332,18.22599983215332,11.966954231262207,24.119998931884766,20.3799991607666,2019-11-03
2019-11-04 00:00:00+00:00,22.073915481567383,27.775999069213867,17.375999450683594,13.378250122070312,28.079999923706055,22.739999771118164,2019-11-04
2019-11-05 00:00:00+00:00,22.944747924804688,27.97599983215332,17.775999069213867,14.578889846801758,30.599998474121094,21.350000381469727,2019-11-05
2019-11-06 00:00:00+00:00,22.93016815185547,27.42599868774414,18.67599868774414,9.983105659484863,20.51999855041504,19.559999465942383,2019-11-06
2019-11-07 00:00:00+00:00,22.717666625976562,27.075998306274414,19.525999069213867,10.137691497802734,21.239999771118164,19.540000915527344,2019-11-07
2019-11-08 00:00:00+00:00,22.717666625976562,26.22599983215332,19.625999450683594,8.55710220336914,23.759998321533203,13.819999694824219,2019-11-08
2019-11-09 00:00:00+00:00,22.988500595092773,27.47599983215332,19.275999069213867,12.0693998336792,27.0,19.190000534057617,2019-11-09
2019-11-10 00:00:00+00:00,23.06974983215332,27.67599868774414,19.075998306274414,9.585739135742188,23.399999618530273,19.34000015258789,2019-11-10
2019-11-11 00:00:00+00:00,22.688499450683594,27.42599868774414,17.92599868774414,14.058449745178223,29.15999984741211,17.940000534057617,2019-11-11
2019-11-12 00:00:00+00:00,22.294748306274414,27.72599983215332,17.92599868774414,16.263872146606445,32.03999710083008,19.31999969482422,2019-11-12
2019-11-13 00:00:00+00:00,21.94266700744629,27.375999450683594,17.775999069213867,17.462783813476562,35.279998779296875,20.399999618530273,2019-11-13
2019-11-14 00:00:00+00:00,21.978086471557617,26.075998306274414,18.025999069213867,20.240196228027344,37.439998626708984,15.069999694824219,2019-11-14
2019-11-15 00:00:00+00:00,22.03849983215332,26.97599983215332,19.525999069213867,13.797911643981934,29.51999855041504,14.449999809265137,2019-11-15
2019-11-16 00:00:00+00:00,22.26558494567871,26.67599868774414,19.025999069213867,17.283748626708984,33.47999954223633,16.299999237060547,2019-11-16
2019-11-17 00:00:00+00:00,22.88641929626465,27.97599983215332,19.075998306274414,14.2006196975708,28.799999237060547,21.829999923706055,2019-11-17
2019-11-18 00:00:00+00:00,23.12183380126953,27.825998306274414,19.125999450683594,21.868331909179688,42.119998931884766,17.43000030517578,2019-11-18
2019-11-19 00:00:00+00:00,23.317665100097656,28.17599868774414,19.625999450683594,12.768586158752441,26.639999389648438,19.8799991607666,2019-11-19
2019-11-20 00:00:00+00:00,22.39058494567871,26.72599983215332,19.67599868774414,20.211362838745117,41.39999771118164,14.569999694824219,2019-11-20
2019-11-21 00:00:00+00:00,22.209333419799805,26.97599983215332,19.025999069213867,19.770523071289062,40.68000030517578,16.520000457763672,2019-11-21
2019-11-22 00:00:00+00:00,21.75933074951172,26.92599868774414,16.625999450683594,19.803272247314453,38.15999984741211,14.609999656677246,2019-11-22
2019-11-23 00:00:00+00:00,21.355165481567383,28.17599868774414,16.47599983215332,20.240196228027344,39.959999084472656,19.040000915527344,2019-11-23
2019-11-24 00:00:00+00:00,21.753087997436523,27.625999450683594,17.275999069213867,15.629972457885742,30.96000099182129,20.989999771118164,2019-11-24
2019-11-25 00:00:00+00:00,21.77391815185547,28.17599868774414,16.575998306274414,21.602998733520508,42.47999954223633,15.720000267028809,2019-11-25
2019-11-26 00:00:00+00:00,22.017667770385742,27.42599868774414,16.47599983215332,19.70815086364746,39.23999786376953,21.3700008392334,2019-11-26
2019-11-27 00:00:00+00:00,22.38850212097168,26.625999450683594,19.825998306274414,22.68000030517578,43.91999816894531,15.029999732971191,2019-11-27
2019-11-28 00:00:00+00:00,21.969749450683594,26.075998306274414,19.72599983215332,20.523155212402344,43.19999694824219,10.460000038146973,2019-11-28
2019-11-29 00:00:00+00:00,22.463499069213867,27.72599983215332,18.375999450683594,20.724246978759766,41.03999710083008,15.180000305175781,2019-11-29
2019-11-30 00:00:00+00:00,22.136415481567383,26.17599868774414,18.525999069213867,26.052162170410156,47.519996643066406,13.489999771118164,2019-11-30
2019-12-01 00:00:00+00:00,20.5572509765625,22.17599868774414,19.075998306274414,19.914216995239258,34.560001373291016,4.519999980926514,2019-12-01
2019-12-02 00:00:00+00:00,21.157249450683594,25.025999069213867,18.42599868774414,26.20839500427246,48.23999786376953,11.829999923706055,2019-12-02
2019-12-03 00:00:00+00:00,20.857248306274414,23.97599983215332,18.025999069213867,20.54840087890625,38.880001068115234,9.649999618530273,2019-12-03
2019-12-04 00:00:00+00:00,20.801002502441406,25.575998306274414,16.47599983215332,24.482646942138672,45.36000061035156,14.069999694824219,2019-12-04
2019-12-05 00:00:00+00:00,20.64683723449707,24.575998306274414,17.375999450683594,22.206485748291016,41.03999710083008,12.0600004196167,2019-12-05
2019-12-06 00:00:00+00:00,20.086416244506836,26.525999069213867,14.425999641418457,18.709611892700195,35.63999938964844,18.170000076293945,2019-12-06
2019-12-07 00:00:00+00:00,20.53016471862793,24.92599868774414,14.826000213623047,20.892412185668945,40.68000030517578,14.229999542236328,2019-12-07
2019-12-08 00:00:00+00:00,20.56766700744629,24.775999069213867,17.125999450683594,18.888851165771484,36.71999740600586,13.039999961853027,2019-12-08
2019-12-09 00:00:00+00:00,20.709333419799805,26.17599868774414,16.67599868774414,20.188907623291016,39.23999786376953,19.399999618530273,2019-12-09
2019-12-10 00:00:00+00:00,20.74683380126953,25.375999450683594,16.525999069213867,17.69867706298828,34.560001373291016,15.329999923706055,2019-12-10
2019-12-11 00:00:00+00:00,21.01350212097168,26.47599983215332,16.17599868774414,14.404499053955078,25.559999465942383,17.8799991607666,2019-12-11
2019-12-12 00:00:00+00:00,20.913501739501953,26.575998306274414,15.87600040435791,16.700275421142578,28.799999237060547,15.6899995803833,2019-12-12
2019-12-13 00:00:00+00:00,21.863502502441406,27.025999069213867,16.67599868774414,18.12913703918457,33.119998931884766,16.850000381469727,2019-12-13
2019-12-14 00:00:00+00:00,20.309335708618164,25.22599983215332,17.72599983215332,17.654687881469727,38.15999984741211,9.180000305175781,2019-12-14
2019-12-15 00:00:00+00:00,20.9030818939209,26.67599868774414,15.776000022888184,20.240196228027344,37.79999923706055,19.18000030517578,2019-12-15
2019-12-16 00:00:00+00:00,20.917665481567383,25.42599868774414,16.575998306274414,16.7661075592041,33.47999954223633,12.420000076293945,2019-12-16
2019-12-17 00:00:00+00:00,21.138500213623047,26.67599868774414,16.125999450683594,18.792551040649414,38.15999984741211,18.059999465942383,2019-12-17
2019-12-18 00:00:00+00:00,21.280166625976562,27.67599868774414,16.275999069213867,21.434364318847656,40.31999969482422,19.510000228881836,2019-12-18
2019-12-19 00:00:00+00:00,21.011415481567383,26.375999450683594,16.72599983215332,22.881956100463867,42.47999954223633,16.729999542236328,2019-12-19
2019-12-20 00:00:00+00:00,20.700998306274414,26.625999450683594,15.87600040435791,18.07902717590332,33.119998931884766,19.459999084472656,2019-12-20
2019-12-21 00:00:00+00:00,21.44683265686035,26.67599868774414,18.275999069213867,15.978486061096191,32.39999771118164,17.200000762939453,2019-12-21
2019-12-22 00:00:00+00:00,21.35308265686035,26.875999450683594,17.47599983215332,17.313716888427734,33.839996337890625,19.979999542236328,2019-12-22
2019-12-23 00:00:00+00:00,21.7155818939209,27.22599983215332,17.67599868774414,16.43430519104004,29.15999984741211,16.600000381469727,2019-12-23
2019-12-24 00:00:00+00:00,21.64058494567871,25.325998306274414,18.42599868774414,16.119800567626953,33.119998931884766,12.020000457763672,2019-12-24
2019-12-25 00:00:00+00:00,21.98225212097168,25.92599868774414,19.075998306274414,17.643672943115234,34.91999816894531,11.109999656677246,2019-12-25
2019-12-26 00:00:00+00:00,22.815584182739258,28.17599868774414,17.775999069213867,13.891522407531738,23.759998321533203,15.329999923706055,2019-12-26
2019-12-27 00:00:00+00:00,22.673919677734375,29.025999069213867,17.575998306274414,16.65753936767578,29.51999855041504,18.670000076293945,2019-12-27
2019-12-28 00:00:00+00:00,21.69266700744629,27.075998306274414,16.875999450683594,17.373497009277344,32.76000213623047,14.5600004196167,2019-12-28
2019-12-29 00:00:00+00:00,21.296833038330078,27.42599868774414,17.075998306274414,18.584508895874023,34.560001373291016,16.84000015258789,2019-12-29
2019-12-30 00:00:00+00:00,21.565584182739258,27.42599868774414,17.525999069213867,18.250259399414062,34.91999816894531,17.219999313354492,2019-12-30
2019-12-31 00:00:00+00:00,21.578081130981445,26.17599868774414,18.125999450683594,18.07902717590332,31.319997787475586,14.859999656677246,2019-12-31
2020-01-01 00:00:00+00:00,21.81141471862793,26.875999450683594,18.22599983215332,18.51114273071289,35.63999938964844,15.859999656677246,2020-01-01
2020-01-02 00:00:00+00:00,22.41349983215332,27.22599983215332,18.825998306274414,15.141413688659668,29.51999855041504,15.930000305175781,2020-01-02
2020-01-03 00:00:00+00:00,23.223915100097656,28.22599983215332,18.625999450683594,13.891522407531738,25.19999885559082,18.719999313354492,2020-01-03
2020-01-04 00:00:00+00:00,23.396833419799805,28.325998306274414,19.275999069213867,13.183079719543457,23.759998321533203,18.299999237060547,2020-01-04
2020-01-05 00:00:00+00:00,23.142667770385742,28.025999069213867,18.875999450683594,16.559999465942383,29.51999855041504,15.859999656677246,2020-01-05
2020-01-06 00:00:00+00:00,22.342668533325195,27.375999450683594,18.42599868774414,19.011953353881836,37.439998626708984,14.739999771118164,2020-01-06
2020-01-07 00:00:00+00:00,21.8385009765625,27.075998306274414,17.97599983215332,19.73443603515625,39.959999084472656,16.510000228881836,2020-01-07
2020-01-08 00:00:00+00:00,22.47808265686035,28.17599868774414,17.42599868774414,17.87355613708496,30.96000099182129,20.899999618530273,2020-01-08
2020-01-09 00:00:00+00:00,22.859331130981445,29.125999450683594,17.47599983215332,15.51762866973877,27.0,19.809999465942383,2020-01-09
2020-01-10 00:00:00+00:00,21.317668914794922,28.17599868774414,15.37600040435791,18.37411117553711,37.79999923706055,21.06999969482422,2020-01-10
2020-01-11 00:00:00+00:00,20.91975212097168,27.72599983215332,15.276000022888184,17.163354873657227,33.47999954223633,21.459999084472656,2020-01-11
2020-01-12 00:00:00+00:00,21.04891586303711,27.22599983215332,15.076000213623047,18.416383743286133,37.79999923706055,19.719999313354492,2020-01-12
2020-01-13 00:00:00+00:00,22.16349983215332,28.375999450683594,16.67599868774414,15.13713264465332,26.280000686645508,21.239999771118164,2020-01-13
2020-01-14 00:00:00+00:00,21.723915100097656,29.125999450683594,15.62600040435791,18.17554473876953,31.319997787475586,21.510000228881836,2020-01-14
2020-01-15 00:00:00+00:00,20.650999069213867,27.775999069213867,14.62600040435791,18.448022842407227,32.39999771118164,22.239999771118164,2020-01-15
2020-01-16 00:00:00+00:00,21.263500213623047,27.375999450683594,15.276000022888184,14.658676147460938,27.0,20.940000534057617,2020-01-16
2020-01-17 00:00:00+00:00,22.011415481567383,28.47599983215332,15.576000213623047,18.161277770996094,33.119998931884766,21.459999084472656,2020-01-17
2020-01-18 00:00:00+00:00,22.313499450683594,27.875999450683594,18.275999069213867,17.873554229736328,33.839996337890625,14.279999732971191,2020-01-18
2020-01-19 00:00:00+00:00,22.6176700592041,28.125999450683594,18.42599868774414,17.298738479614258,33.839996337890625,13.949999809265137,2020-01-19
2020-01-20 00:00:00+00:00,23.10308837890625,29.825998306274414,16.92599868774414,21.252199172973633,36.71999740600586,20.270000457763672,2020-01-20
2020-01-21 00:00:00+00:00,21.850997924804688,29.22599983215332,15.87600040435791,21.349546432495117,38.880001068115234,21.93000030517578,2020-01-21
2020-01-22 00:00:00+00:00,21.898916244506836,29.025999069213867,15.776000022888184,20.19211769104004,39.23999786376953,21.8799991607666,2020-01-22
2020-01-23 00:00:00+00:00,22.244749069213867,29.075998306274414,16.325998306274414,18.709611892700195,36.0,21.8799991607666,2020-01-23
2020-01-24 00:00:00+00:00,22.24266815185547,30.025999069213867,15.326000213623047,16.279802322387695,35.279998779296875,22.6299991607666,2020-01-24
2020-01-25 00:00:00+00:00,22.07808494567871,30.025999069213867,15.026000022888184,16.981164932250977,30.23999786376953,22.959999084472656,2020-01-25
2020-01-26 00:00:00+00:00,22.7135009765625,30.97599983215332,14.425999641418457,14.264361381530762,27.719999313354492,22.65999984741211,2020-01-26
2020-01-27 00:00:00+00:00,23.25516700744629,30.775999069213867,15.72599983215332,15.02110481262207,28.799999237060547,22.510000228881836,2020-01-27
2020-01-28 00:00:00+00:00,23.173917770385742,29.92599868774414,17.42599868774414,12.031756401062012,27.0,21.149999618530273,2020-01-28
2020-01-29 00:00:00+00:00,23.923913955688477,30.92599868774414,17.47599983215332,13.708390235900879,23.759998321533203,22.010000228881836,2020-01-29
2020-01-30 00:00:00+00:00,24.113502502441406,31.125999450683594,17.275999069213867,12.727921485900879,24.479999542236328,22.65999984741211,2020-01-30
2020-01-31 00:00:00+00:00,24.18641471862793,30.72599983215332,17.625999450683594,20.469409942626953,36.36000061035156,21.770000457763672,2020-01-31
2020-02-01 00:00:00+00:00,23.178083419799805,28.775999069213867,17.72599983215332,17.399585723876953,32.03999710083008,19.170000076293945,2020-02-01
2020-02-02 00:00:00+00:00,22.66767120361328,28.275999069213867,16.97599983215332,16.923830032348633,36.0,20.670000076293945,2020-02-02
2020-02-03 00:00:00+00:00,22.298917770385742,29.42599868774414,15.47599983215332,18.806337356567383,33.119998931884766,23.479999542236328,2020-02-03
2020-02-04 00:00:00+00:00,22.423913955688477,28.72599983215332,16.825998306274414,16.676977157592773,33.47999954223633,23.209999084472656,2020-02-04
2020-02-05 00:00:00+00:00,22.707250595092773,29.075998306274414,16.575998306274414,13.79791259765625,29.15999984741211,20.030000686645508,2020-02-05
2020-02-06 00:00:00+00:00,23.051002502441406,29.72599983215332,16.825998306274414,17.55161476135254,30.599998474121094,20.3700008392334,2020-02-06
2020-02-07 00:00:00+00:00,23.440582275390625,29.275999069213867,17.075998306274414,14.399999618530273,29.15999984741211,21.149999618530273,2020-02-07
2020-02-08 00:00:00+00:00,23.784334182739258,29.47599983215332,17.97599983215332,14.021525382995605,30.96000099182129,19.969999313354492,2020-02-08
2020-02-09 00:00:00+00:00,22.66975212097168,28.075998306274414,17.875999450683594,21.398056030273438,38.15999984741211,16.260000228881836,2020-02-09
2020-02-10 00:00:00+00:00,22.317665100097656,28.92599868774414,16.22599983215332,23.762725830078125,41.39999771118164,21.020000457763672,2020-02-10
2020-02-11 00:00:00+00:00,22.234331130981445,28.525999069213867,16.575998306274414,21.267440795898438,40.31999969482422,23.440000534057617,2020-02-11
2020-02-12 00:00:00+00:00,22.909334182739258,28.92599868774414,17.325998306274414,21.129884719848633,38.880001068115234,23.18000030517578,2020-02-12
2020-02-13 00:00:00+00:00,23.313499450683594,30.47599983215332,16.825998306274414,17.14824676513672,37.439998626708984,24.18000030517578,2020-02-13
2020-02-14 00:00:00+00:00,23.905166625976562,30.525999069213867,16.625999450683594,11.17740535736084,22.68000030517578,23.739999771118164,2020-02-14
2020-02-15 00:00:00+00:00,23.928083419799805,31.47599983215332,16.67599868774414,17.654687881469727,30.23999786376953,24.329999923706055,2020-02-15
2020-02-16 00:00:00+00:00,23.52391815185547,31.325998306274414,15.97599983215332,17.313716888427734,31.68000030517578,24.780000686645508,2020-02-16
2020-02-17 00:00:00+00:00,22.832246780395508,31.025999069213867,15.576000213623047,18.0,30.96000099182129,25.209999084472656,2020-02-17
2020-02-18 00:00:00+00:00,23.144752502441406,30.67599868774414,15.97599983215332,16.071491241455078,36.36000061035156,24.8700008392334,2020-02-18
2020-02-19 00:00:00+00:00,23.05933380126953,30.775999069213867,15.97599983215332,19.559633255004883,34.560001373291016,24.479999542236328,2020-02-19
2020-02-20 00:00:00+00:00,22.780166625976562,30.875999450683594,15.526000022888184,18.709611892700195,32.39999771118164,25.0,2020-02-20
2020-02-21 00:00:00+00:00,23.071836471557617,31.17599868774414,15.576000213623047,19.839235305786133,35.279998779296875,25.15999984741211,2020-02-21
2020-02-22 00:00:00+00:00,23.49057960510254,30.375999450683594,17.92599868774414,21.626983642578125,37.439998626708984,24.5,2020-02-22
2020-02-23 00:00:00+00:00,23.469751358032227,30.325998306274414,17.67599868774414,19.493261337280273,33.47999954223633,24.100000381469727,2020-02-23
2020-02-24 00:00:00+00:00,23.51350212097168,30.42599868774414,17.67599868774414,15.379205703735352,32.03999710083008,24.110000610351562,2020-02-24
2020-02-25 00:00:00+00:00,24.79474639892578,31.92599868774414,18.375999450683594,14.399999618530273,26.639999389648438,24.3799991607666,2020-02-25
2020-02-26 00:00:00+00:00,24.69474983215332,30.625999450683594,19.17599868774414,16.099689483642578,32.03999710083008,19.8799991607666,2020-02-26
2020-02-27 00:00:00+00:00,24.421836853027344,30.775999069213867,18.97599983215332,22.691425323486328,39.599998474121094,18.600000381469727,2020-02-27
2020-02-28 00:00:00+00:00,24.088499069213867,31.025999069213867,18.42599868774414,22.862125396728516,39.599998474121094,21.829999923706055,2020-02-28
2020-02-29 00:00:00+00:00,24.642663955688477,31.42599868774414,18.525999069213867,20.630229949951172,38.15999984741211,22.40999984741211,2020-02-29
2020-03-01 00:00:00+00:00,24.486413955688477,30.575998306274414,18.92599868774414,16.595178604125977,29.8799991607666,19.1200008392334,2020-03-01
2020-03-02 00:00:00+00:00,24.396835327148438,29.625999450683594,19.525999069213867,9.983105659484863,23.03999900817871,17.610000610351562,2020-03-02
2020-03-03 00:00:00+00:00,25.409332275390625,30.72599983215332,19.625999450683594,14.489720344543457,24.479999542236328,21.809999465942383,2020-03-03
2020-03-04 00:00:00+00:00,25.482248306274414,30.67599868774414,20.575998306274414,11.019763946533203,30.96000099182129,20.100000381469727,2020-03-04
2020-03-05 00:00:00+00:00,24.959333419799805,30.025999069213867,20.025999069213867,16.73516082763672,32.03999710083008,17.489999771118164,2020-03-05
2020-03-06 00:00:00+00:00,24.242666244506836,29.775999069213867,20.125999450683594,16.548255920410156,35.63999938964844,18.780000686645508,2020-03-06
2020-03-07 00:00:00+00:00,24.3405818939209,29.42599868774414,20.275999069213867,14.044614791870117,34.560001373291016,18.809999465942383,2020-03-07
2020-03-08 00:00:00+00:00,24.607248306274414,30.525999069213867,19.67599868774414,17.238698959350586,29.51999855041504,20.110000610351562,2020-03-08
2020-03-09 00:00:00+00:00,24.73225212097168,30.17599868774414,19.525999069213867,15.716793060302734,28.799999237060547,20.450000762939453,2020-03-09
2020-03-10 00:00:00+00:00,25.34891700744629,30.67599868774414,19.775999069213867,17.786331176757812,30.599998474121094,21.780000686645508,2020-03-10
2020-03-11 00:00:00+00:00,25.80516815185547,32.57600021362305,19.825998306274414,18.440998077392578,31.68000030517578,23.690000534057617,2020-03-11
2020-03-12 00:00:00+00:00,25.611417770385742,32.625999450683594,18.72599983215332,17.429353713989258,30.599998474121094,24.219999313354492,2020-03-12
2020-03-13 00:00:00+00:00,25.409332275390625,32.375999450683594,18.025999069213867,18.709611892700195,35.279998779296875,26.079999923706055,2020-03-13
2020-03-14 00:00:00+00:00,25.35308265686035,32.57600021362305,18.525999069213867,17.555307388305664,31.319997787475586,26.0,2020-03-14
2020-03-15 00:00:00+00:00,25.7447509765625,33.375999450683594,19.17599868774414,19.645580291748047,33.839996337890625,25.739999771118164,2020-03-15
2020-03-16 00:00:00+00:00,25.669748306274414,32.676002502441406,19.075998306274414,19.011953353881836,32.76000213623047,25.540000915527344,2020-03-16
2020-03-17 00:00:00+00:00,25.428085327148438,32.5260009765625,18.775999069213867,20.523157119750977,42.839996337890625,26.139999389648438,2020-03-17
2020-03-18 00:00:00+00:00,26.47391700744629,33.82600021362305,18.47599983215332,18.723461151123047,39.599998474121094,26.540000915527344,2020-03-18
2020-03-19 00:00:00+00:00,27.17183494567871,34.22600173950195,19.325998306274414,15.072783470153809,28.799999237060547,25.600000381469727,2020-03-19
2020-03-20 00:00:00+00:00,25.14682960510254,32.57600021362305,20.625999450683594,17.309972763061523,30.599998474121094,21.239999771118164,2020-03-20
2020-03-21 00:00:00+00:00,27.00724983215332,34.426002502441406,20.275999069213867,15.946009635925293,28.440000534057617,24.56999969482422,2020-03-21
2020-03-22 00:00:00+00:00,26.5280818939209,32.07600021362305,20.72599983215332,13.246826171875,28.440000534057617,20.549999237060547,2020-03-22
2020-03-23 00:00:00+00:00,24.846830368041992,30.97599983215332,20.825998306274414,19.02217674255371,38.880001068115234,19.950000762939453,2020-03-23
2020-03-24 00:00:00+00:00,26.594757080078125,33.676002502441406,19.67599868774414,16.37505340576172,30.599998474121094,22.6299991607666,2020-03-24
2020-03-25 00:00:00+00:00,26.13224983215332,32.72600173950195,19.575998306274414,19.592731475830078,38.15999984741211,25.65999984741211,2020-03-25
2020-03-26 00:00:00+00:00,26.111413955688477,33.72600173950195,19.075998306274414,19.917469024658203,40.68000030517578,26.420000076293945,2020-03-26
2020-03-27 00:00:00+00:00,25.66558265686035,33.22600173950195,18.275999069213867,14.658676147460938,30.599998474121094,26.56999969482422,2020-03-27
2020-03-28 00:00:00+00:00,26.019746780395508,34.07600021362305,17.575998306274414,17.654687881469727,36.0,27.09000015258789,2020-03-28
2020-03-29 00:00:00+00:00,26.644746780395508,34.176002502441406,17.775999069213867,17.015474319458008,37.07999801635742,27.049999237060547,2020-03-29
2020-03-30 00:00:00+00:00,26.83641815185547,34.625999450683594,19.67599868774414,18.584508895874023,39.599998474121094,26.920000076293945,2020-03-30
2020-03-31 00:00:00+00:00,26.905168533325195,34.47600173950195,18.525999069213867,19.13764762878418,37.439998626708984,27.149999618530273,2020-03-31
2020-04-01 00:00:00+00:00,27.753082275390625,34.926002502441406,20.125999450683594,18.356470108032227,39.23999786376953,27.200000762939453,2020-04-01
2020-04-02 00:00:00+00:00,28.113496780395508,35.125999450683594,20.97599983215332,17.654687881469727,35.279998779296875,23.969999313354492,2020-04-02
2020-04-03 00:00:00+00:00,27.66141700744629,34.5260009765625,20.275999069213867,18.94708251953125,35.63999938964844,26.239999771118164,2020-04-03
2020-04-04 00:00:00+00:00,27.55516815185547,35.2760009765625,20.125999450683594,17.102840423583984,30.96000099182129,27.1299991607666,2020-04-04
2020-04-05 00:00:00+00:00,28.003084182739258,34.82600021362305,21.075998306274414,15.281989097595215,29.8799991607666,23.350000381469727,2020-04-05
2020-04-06 00:00:00+00:00,27.48225212097168,33.7760009765625,21.67599868774414,11.304228782653809,24.479999542236328,21.40999984741211,2020-04-06
2020-04-07 00:00:00+00:00,25.205167770385742,32.0260009765625,22.075998306274414,11.298495292663574,36.36000061035156,17.780000686645508,2020-04-07
2020-04-08 00:00:00+00:00,26.098913192749023,32.07600021362305,21.375999450683594,15.188416481018066,28.440000534057617,19.18000030517578,2020-04-08
2020-04-09 00:00:00+00:00,25.32808494567871,31.025999069213867,21.075998306274414,19.4699764251709,37.79999923706055,22.520000457763672,2020-04-09
2020-04-10 00:00:00+00:00,25.71558380126953,31.97599983215332,20.47599983215332,16.039201736450195,32.03999710083008,23.579999923706055,2020-04-10
2020-04-11 00:00:00+00:00,26.22808074951172,33.176002502441406,19.72599983215332,14.986553192138672,33.119998931884766,24.790000915527344,2020-04-11
2020-04-12 00:00:00+00:00,26.521833419799805,33.5260009765625,19.17599868774414,16.454008102416992,35.279998779296875,23.110000610351562,2020-04-12
2020-04-13 00:00:00+00:00,27.236413955688477,34.625999450683594,19.92599868774414,16.873979568481445,36.0,27.06999969482422,2020-04-13
2020-04-14 00:00:00+00:00,27.034334182739258,34.72600173950195,18.67599868774414,19.799999237060547,41.39999771118164,27.760000228881836,2020-04-14
2020-04-15 00:00:00+00:00,27.217666625976562,34.97600173950195,19.17599868774414,16.119800567626953,33.839996337890625,27.34000015258789,2020-04-15
2020-04-16 00:00:00+00:00,27.66558265686035,34.82600021362305,20.67599868774414,16.904672622680664,34.91999816894531,25.969999313354492,2020-04-16
2020-04-17 00:00:00+00:00,28.238500595092773,35.125999450683594,21.775999069213867,16.235960006713867,35.279998779296875,24.610000610351562,2020-04-17
2020-04-18 00:00:00+00:00,28.128084182739258,34.875999450683594,21.72599983215332,15.629972457885742,33.119998931884766,24.1299991607666,2020-04-18
2020-04-19 00:00:00+00:00,27.7447509765625,34.875999450683594,21.17599868774414,17.294992446899414,36.36000061035156,25.049999237060547,2020-04-19
2020-04-20 00:00:00+00:00,27.334335327148438,33.926002502441406,20.625999450683594,17.76081085205078,36.0,26.43000030517578,2020-04-20
2020-04-21 00:00:00+00:00,27.542665481567383,34.82600021362305,20.17599868774414,13.77911376953125,24.84000015258789,26.420000076293945,2020-04-21
2020-04-22 00:00:00+00:00,28.234331130981445,34.32600021362305,22.17599868774414,17.654687881469727,30.599998474121094,23.110000610351562,2020-04-22
2020-04-23 00:00:00+00:00,29.07600212097168,35.0260009765625,22.325998306274414,13.527571678161621,25.19999885559082,23.440000534057617,2020-04-23
2020-04-24 00:00:00+00:00,27.248916625976562,32.625999450683594,23.075998306274414,14.386493682861328,25.19999885559082,17.100000381469727,2020-04-24
2020-04-25 00:00:00+00:00,26.33641815185547,32.07600021362305,22.625999450683594,16.750640869140625,34.91999816894531,18.68000030517578,2020-04-25
2020-04-26 00:00:00+00:00,26.52391242980957,32.22600173950195,21.875999450683594,11.275529861450195,30.23999786376953,20.100000381469727,2020-04-26
2020-04-27 00:00:00+00:00,26.5280818939209,31.525999069213867,21.825998306274414,18.720001220703125,39.23999786376953,21.31999969482422,2020-04-27
2020-04-28 00:00:00+00:00,26.523916244506836,32.875999450683594,21.42599868774414,15.281989097595215,29.8799991607666,22.979999542236328,2020-04-28
2020-04-29 00:00:00+00:00,23.732248306274414,27.17599868774414,20.525999069213867,10.587918281555176,25.559999465942383,9.859999656677246,2020-04-29
2020-04-30 00:00:00+00:00,26.37183380126953,31.875999450683594,20.875999450683594,12.181624412536621,29.15999984741211,18.780000686645508,2020-04-30
2020-05-01 00:00:00+00:00,27.65516471862793,32.82600021362305,20.97599983215332,13.183079719543457,29.15999984741211,23.0,2020-05-01
2020-05-02 00:00:00+00:00,27.623916625976562,33.125999450683594,22.92599868774414,9.832679748535156,30.599998474121094,20.959999084472656,2020-05-02
2020-05-03 00:00:00+00:00,28.017669677734375,33.375999450683594,22.42599868774414,12.239999771118164,30.599998474121094,23.299999237060547,2020-05-03
2020-05-04 00:00:00+00:00,28.10724639892578,33.676002502441406,22.825998306274414,12.727921485900879,31.319997787475586,22.239999771118164,2020-05-04
2020-05-05 00:00:00+00:00,28.307249069213867,34.176002502441406,22.47599983215332,11.212135314941406,27.35999870300293,24.170000076293945,2020-05-05
2020-05-06 00:00:00+00:00,28.33641815185547,34.82600021362305,22.875999450683594,14.021525382995605,29.51999855041504,22.229999542236328,2020-05-06
2020-05-07 00:00:00+00:00,28.061416625976562,34.2760009765625,22.92599868774414,12.229406356811523,28.440000534057617,21.969999313354492,2020-05-07
2020-05-08 00:00:00+00:00,27.775999069213867,33.82600021362305,22.47599983215332,13.708390235900879,26.280000686645508,21.760000228881836,2020-05-08
2020-05-09 00:00:00+00:00,28.436418533325195,34.7760009765625,22.47599983215332,15.141413688659668,33.119998931884766,23.770000457763672,2020-05-09
2020-05-10 00:00:00+00:00,28.238500595092773,35.176002502441406,21.775999069213867,15.496735572814941,34.20000076293945,26.0,2020-05-10
2020-05-11 00:00:00+00:00,27.919748306274414,33.97600173950195,21.775999069213867,14.68958854675293,35.63999938964844,24.3700008392334,2020-05-11
2020-05-12 00:00:00+00:00,27.419748306274414,34.97600173950195,21.575998306274414,18.21827507019043,34.20000076293945,25.670000076293945,2020-05-12
2020-05-13 00:00:00+00:00,27.73016929626465,34.375999450683594,21.575998306274414,14.332340240478516,28.440000534057617,22.549999237060547,2020-05-13
2020-05-14 00:00:00+00:00,28.753082275390625,35.07600021362305,22.22599983215332,15.042658805847168,34.560001373291016,23.739999771118164,2020-05-14
2020-05-15 00:00:00+00:00,28.998918533325195,35.07600021362305,22.67599868774414,15.379205703735352,33.839996337890625,25.020000457763672,2020-05-15
2020-05-16 00:00:00+00:00,28.232248306274414,35.22600173950195,22.92599868774414,16.520822525024414,37.07999801635742,21.979999542236328,2020-05-16
2020-05-17 00:00:00+00:00,27.380170822143555,34.125999450683594,22.875999450683594,15.629972457885742,37.439998626708984,19.709999084472656,2020-05-17
2020-05-18 00:00:00+00:00,26.23016929626465,31.67599868774414,21.97599983215332,25.460933685302734,49.31999969482422,18.09000015258789,2020-05-18
2020-05-19 00:00:00+00:00,26.178083419799805,31.67599868774414,21.125999450683594,24.569835662841797,56.15999984741211,20.139999389648438,2020-05-19
2020-05-20 00:00:00+00:00,26.7760009765625,33.22600173950195,20.97599983215332,19.245697021484375,46.79999923706055,23.270000457763672,2020-05-20
2020-05-21 00:00:00+00:00,27.475997924804688,33.7760009765625,20.825998306274414,17.654687881469727,34.20000076293945,23.31999969482422,2020-05-21
2020-05-22 00:00:00+00:00,28.16558837890625,33.72600173950195,21.775999069213867,17.283748626708984,34.91999816894531,21.350000381469727,2020-05-22
2020-05-23 00:00:00+00:00,29.090585708618164,36.22600173950195,22.325998306274414,19.40663719177246,35.279998779296875,23.190000534057617,2020-05-23
2020-05-24 00:00:00+00:00,27.938501358032227,33.2760009765625,22.47599983215332,17.414474487304688,32.39999771118164,22.290000915527344,2020-05-24
2020-05-25 00:00:00+00:00,28.29683494567871,33.72600173950195,22.375999450683594,13.77911376953125,29.8799991607666,21.8799991607666,2020-05-25
2020-05-26 00:00:00+00:00,27.394752502441406,33.2760009765625,22.525999069213867,13.79791259765625,29.15999984741211,21.950000762939453,2020-05-26
2020-05-27 00:00:00+00:00,26.096832275390625,32.47600173950195,22.525999069213867,15.141413688659668,27.0,20.700000762939453,2020-05-27
2020-05-28 00:00:00+00:00,26.64891815185547,32.5260009765625,22.67599868774414,16.235960006713867,33.47999954223633,22.549999237060547,2020-05-28
2020-05-29 00:00:00+00:00,25.511415481567383,32.82600021362305,22.025999069213867,14.777549743652344,30.96000099182129,21.43000030517578,2020-05-29
2020-05-30 00:00:00+00:00,25.048919677734375,29.275999069213867,21.92599868774414,13.3637113571167,34.20000076293945,15.25,2020-05-30
2020-05-31 00:00:00+00:00,25.28849983215332,30.97599983215332,20.825998306274414,14.336860656738281,32.76000213623047,21.559999465942383,2020-05-31
2020-06-01 00:00:00+00:00,24.640581130981445,30.17599868774414,21.125999450683594,13.97987174987793,30.96000099182129,21.829999923706055,2020-06-01
2020-06-02 00:00:00+00:00,23.605165481567383,26.67599868774414,20.825998306274414,22.72566795349121,54.0,15.510000228881836,2020-06-02
2020-06-03 00:00:00+00:00,24.013498306274414,28.525999069213867,20.375999450683594,25.455842971801758,49.68000030517578,16.90999984741211,2020-06-03
2020-06-04 00:00:00+00:00,24.19683265686035,28.775999069213867,20.025999069213867,25.068513870239258,48.23999786376953,20.209999084472656,2020-06-04
2020-06-05 00:00:00+00:00,23.905166625976562,28.825998306274414,20.22599983215332,18.59844970703125,40.31999969482422,21.020000457763672,2020-06-05
2020-06-06 00:00:00+00:00,23.900999069213867,28.67599868774414,20.075998306274414,17.67302894592285,35.279998779296875,21.209999084472656,2020-06-06
2020-06-07 00:00:00+00:00,23.611417770385742,27.775999069213867,20.375999450683594,22.6828556060791,42.47999954223633,16.940000534057617,2020-06-07
2020-06-08 00:00:00+00:00,24.717660903930664,29.42599868774414,19.875999450683594,18.388212203979492,40.68000030517578,21.209999084472656,2020-06-08
2020-06-09 00:00:00+00:00,25.065582275390625,30.075998306274414,20.17599868774414,19.82943344116211,41.03999710083008,22.040000915527344,2020-06-09
2020-06-10 00:00:00+00:00,23.580167770385742,27.825998306274414,20.72599983215332,19.64228057861328,38.519996643066406,10.359999656677246,2020-06-10
2020-06-11 00:00:00+00:00,22.565582275390625,27.67599868774414,20.275999069213867,21.17583465576172,63.0,12.020000457763672,2020-06-11
2020-06-12 00:00:00+00:00,22.625999450683594,26.075998306274414,20.22599983215332,27.067115783691406,50.39999771118164,7.369999885559082,2020-06-12
2020-06-13 00:00:00+00:00,23.66349983215332,29.275999069213867,20.47599983215332,25.40743064880371,49.31999969482422,19.56999969482422,2020-06-13
2020-06-14 00:00:00+00:00,24.2135009765625,28.67599868774414,21.025999069213867,27.684913635253906,56.15999984741211,17.030000686645508,2020-06-14
2020-06-15 00:00:00+00:00,24.71558380126953,29.325998306274414,20.775999069213867,28.901073455810547,54.71999740600586,18.68000030517578,2020-06-15
2020-06-16 00:00:00+00:00,24.43016815185547,29.17599868774414,21.22599983215332,27.1412296295166,60.12000274658203,16.729999542236328,2020-06-16
2020-06-17 00:00:00+00:00,23.35933494567871,26.825998306274414,20.72599983215332,28.88313102722168,53.279998779296875,11.15999984741211,2020-06-17
2020-06-18 00:00:00+00:00,23.961416244506836,28.275999069213867,20.375999450683594,27.5958251953125,51.47999954223633,12.779999732971191,2020-06-18
2020-06-19 00:00:00+00:00,24.159334182739258,30.075998306274414,19.97599983215332,26.277530670166016,49.68000030517578,20.84000015258789,2020-06-19
2020-06-20 00:00:00+00:00,24.567665100097656,30.375999450683594,20.275999069213867,21.24304962158203,47.880001068115234,18.520000457763672,2020-06-20
2020-06-21 00:00:00+00:00,23.582250595092773,28.025999069213867,20.025999069213867,22.36640167236328,47.519996643066406,17.219999313354492,2020-06-21
2020-06-22 00:00:00+00:00,23.423917770385742,28.92599868774414,20.47599983215332,22.61418914794922,46.79999923706055,17.3799991607666,2020-06-22
2020-06-23 00:00:00+00:00,24.88433265686035,29.72599983215332,20.575998306274414,15.328560829162598,37.79999923706055,20.719999313354492,2020-06-23
2020-06-24 00:00:00+00:00,23.963499069213867,29.275999069213867,20.825998306274414,11.792404174804688,27.719999313354492,20.809999465942383,2020-06-24
2020-06-25 00:00:00+00:00,23.682249069213867,28.97599983215332,20.47599983215332,9.686609268188477,21.239999771118164,21.850000381469727,2020-06-25
2020-06-26 00:00:00+00:00,23.56766700744629,27.375999450683594,20.625999450683594,14.241629600524902,29.51999855041504,20.809999465942383,2020-06-26
2020-06-27 00:00:00+00:00,23.646833419799805,27.22599983215332,20.47599983215332,14.255271911621094,29.15999984741211,19.559999465942383,2020-06-27
2020-06-28 00:00:00+00:00,23.488500595092773,27.775999069213867,20.625999450683594,11.50311279296875,29.8799991607666,18.399999618530273,2020-06-28
2020-06-29 00:00:00+00:00,23.438501358032227,28.025999069213867,20.72599983215332,15.192682266235352,29.51999855041504,19.09000015258789,2020-06-29
2020-06-30 00:00:00+00:00,23.29266929626465,27.825998306274414,19.97599983215332,20.188907623291016,43.91999816894531,20.59000015258789,2020-06-30
2020-07-01 00:00:00+00:00,23.382247924804688,27.125999450683594,20.47599983215332,18.67147445678711,39.599998474121094,18.809999465942383,2020-07-01
2020-07-02 00:00:00+00:00,22.159334182739258,25.97599983215332,20.575998306274414,19.694992065429688,46.07999801635742,11.0600004196167,2020-07-02
2020-07-03 00:00:00+00:00,22.484331130981445,26.72599983215332,20.075998306274414,26.642431259155273,50.39999771118164,15.510000228881836,2020-07-03
2020-07-04 00:00:00+00:00,22.51350212097168,26.525999069213867,20.025999069213867,24.162944793701172,51.47999954223633,13.90999984741211,2020-07-04
2020-07-05 00:00:00+00:00,22.782251358032227,26.625999450683594,20.275999069213867,21.900903701782227,47.15999984741211,12.859999656677246,2020-07-05
2020-07-06 00:00:00+00:00,22.534337997436523,26.625999450683594,19.72599983215332,20.83339500427246,46.439998626708984,15.75,2020-07-06
2020-07-07 00:00:00+00:00,23.034334182739258,27.375999450683594,19.575998306274414,22.553936004638672,48.959999084472656,19.18000030517578,2020-07-07
2020-07-08 00:00:00+00:00,22.738500595092773,26.775999069213867,19.625999450683594,18.692285537719727,38.519996643066406,18.0,2020-07-08
2020-07-09 00:00:00+00:00,21.98433494567871,26.025999069213867,19.125999450683594,13.684735298156738,32.03999710083008,14.770000457763672,2020-07-09
2020-07-10 00:00:00+00:00,21.440582275390625,24.825998306274414,19.625999450683594,19.245697021484375,35.63999938964844,8.010000228881836,2020-07-10
2020-07-11 00:00:00+00:00,23.067665100097656,27.325998306274414,19.525999069213867,16.039201736450195,31.319997787475586,19.559999465942383,2020-07-11
2020-07-12 00:00:00+00:00,23.140581130981445,27.125999450683594,19.775999069213867,18.681882858276367,41.76000213623047,19.540000915527344,2020-07-12
2020-07-13 00:00:00+00:00,22.686416625976562,26.825998306274414,19.575998306274414,16.520822525024414,34.91999816894531,17.350000381469727,2020-07-13
2020-07-14 00:00:00+00:00,22.248916625976562,26.92599868774414,20.025999069213867,19.201873779296875,42.839996337890625,12.569999694824219,2020-07-14
2020-07-15 00:00:00+00:00,21.7760009765625,25.875999450683594,19.92599868774414,20.390113830566406,45.36000061035156,12.15999984741211,2020-07-15
2020-07-16 00:00:00+00:00,21.6510009765625,25.17599868774414,19.875999450683594,21.60300064086914,46.07999801635742,11.0600004196167,2020-07-16
2020-07-17 00:00:00+00:00,21.44474983215332,23.625999450683594,19.92599868774414,23.84711456298828,46.79999923706055,9.4399995803833,2020-07-17
2020-07-18 00:00:00+00:00,22.41558265686035,27.075998306274414,19.825998306274414,16.39482879638672,32.39999771118164,17.329999923706055,2020-07-18
2020-07-19 00:00:00+00:00,22.80308723449707,26.97599983215332,19.92599868774414,13.513193130493164,27.35999870300293,16.959999084472656,2020-07-19
2020-07-20 00:00:00+00:00,23.03016471862793,27.72599983215332,19.825998306274414,15.91346549987793,34.20000076293945,18.6299991607666,2020-07-20
2020-07-21 00:00:00+00:00,24.140581130981445,28.42599868774414,19.92599868774414,12.229406356811523,27.0,24.1200008392334,2020-07-21
2020-07-22 00:00:00+00:00,24.60725212097168,29.22599983215332,20.22599983215332,12.41347599029541,27.0,21.389999389648438,2020-07-22
2020-07-23 00:00:00+00:00,23.3385009765625,28.125999450683594,20.47599983215332,10.245779991149902,23.03999900817871,18.549999237060547,2020-07-23
2020-07-24 00:00:00+00:00,22.615585327148438,26.025999069213867,19.47599983215332,16.279802322387695,32.03999710083008,12.970000267028809,2020-07-24
2020-07-25 00:00:00+00:00,22.861417770385742,27.625999450683594,19.575998306274414,15.509273529052734,42.47999954223633,19.8799991607666,2020-07-25
2020-07-26 00:00:00+00:00,22.3405818939209,26.97599983215332,18.875999450683594,17.67302894592285,35.63999938964844,14.380000114440918,2020-07-26
2020-07-27 00:00:00+00:00,22.878082275390625,27.375999450683594,19.025999069213867,19.130874633789062,37.439998626708984,20.889999389648438,2020-07-27
2020-07-28 00:00:00+00:00,22.76141929626465,27.875999450683594,19.72599983215332,17.287498474121094,33.119998931884766,17.420000076293945,2020-07-28
2020-07-29 00:00:00+00:00,22.092666625976562,25.92599868774414,20.275999069213867,15.124283790588379,28.079999923706055,14.34000015258789,2020-07-29
2020-07-30 00:00:00+00:00,22.88016700744629,26.825998306274414,20.125999450683594,14.154914855957031,29.8799991607666,18.549999237060547,2020-07-30
2020-07-31 00:00:00+00:00,22.7780818939209,27.625999450683594,19.875999450683594,17.317459106445312,32.76000213623047,19.489999771118164,2020-07-31
2020-08-01 00:00:00+00:00,22.005163192749023,25.47599983215332,19.72599983215332,22.461807250976562,45.36000061035156,12.819999694824219,2020-08-01
2020-08-02 00:00:00+00:00,21.473915100097656,23.72599983215332,19.72599983215332,26.80731201171875,57.959999084472656,11.779999732971191,2020-08-02
2020-08-03 00:00:00+00:00,22.336416244506836,25.92599868774414,20.025999069213867,28.822490692138672,62.63999557495117,11.760000228881836,2020-08-03
2020-08-04 00:00:00+00:00,22.032249450683594,24.625999450683594,20.17599868774414,35.994598388671875,66.23999786376953,11.390000343322754,2020-08-04
2020-08-05 00:00:00+00:00,22.503082275390625,26.375999450683594,20.075998306274414,42.57294845581055,84.95999908447266,20.190000534057617,2020-08-05
2020-08-06 00:00:00+00:00,23.205167770385742,26.47599983215332,21.17599868774414,29.697269439697266,70.91999816894531,15.819999694824219,2020-08-06
2020-08-07 00:00:00+00:00,22.365583419799805,24.625999450683594,20.875999450683594,22.453149795532227,45.36000061035156,7.369999885559082,2020-08-07
2020-08-08 00:00:00+00:00,22.38641929626465,25.42599868774414,20.625999450683594,24.84000015258789,54.36000061035156,11.0,2020-08-08
2020-08-09 00:00:00+00:00,21.426000595092773,24.275999069213867,19.625999450683594,22.197729110717773,46.79999923706055,10.979999542236328,2020-08-09
2020-08-10 00:00:00+00:00,21.60516929626465,24.825998306274414,19.72599983215332,23.80359649658203,50.39999771118164,10.4399995803833,2020-08-10
2020-08-11 00:00:00+00:00,22.334333419799805,25.97599983215332,19.47599983215332,23.04281234741211,50.03999710083008,17.350000381469727,2020-08-11
2020-08-12 00:00:00+00:00,22.582250595092773,25.775999069213867,19.67599868774414,25.919998168945312,47.15999984741211,11.949999809265137,2020-08-12
2020-08-13 00:00:00+00:00,22.967666625976562,26.775999069213867,19.525999069213867,24.6934814453125,45.71999740600586,15.779999732971191,2020-08-13
2020-08-14 00:00:00+00:00,22.275999069213867,25.97599983215332,19.375999450683594,24.031177520751953,44.63999557495117,12.390000343322754,2020-08-14
2020-08-15 00:00:00+00:00,21.967666625976562,25.375999450683594,19.325998306274414,27.067115783691406,49.68000030517578,10.420000076293945,2020-08-15
2020-08-16 00:00:00+00:00,21.9343318939209,25.775999069213867,19.775999069213867,26.758922576904297,56.880001068115234,14.229999542236328,2020-08-16
2020-08-17 00:00:00+00:00,22.16349983215332,27.47599983215332,19.025999069213867,25.050413131713867,53.279998779296875,17.219999313354492,2020-08-17
2020-08-18 00:00:00+00:00,21.930166244506836,25.92599868774414,18.625999450683594,22.668567657470703,42.119998931884766,15.260000228881836,2020-08-18
2020-08-19 00:00:00+00:00,22.740585327148438,26.625999450683594,19.075998306274414,22.2647705078125,41.03999710083008,16.559999465942383,2020-08-19
2020-08-20 00:00:00+00:00,22.034332275390625,26.075998306274414,19.025999069213867,21.1298828125,39.959999084472656,13.039999961853027,2020-08-20
2020-08-21 00:00:00+00:00,22.667665481567383,27.47599983215332,18.97599983215332,21.17583465576172,42.47999954223633,16.06999969482422,2020-08-21
2020-08-22 00:00:00+00:00,23.27808380126953,27.575998306274414,19.22599983215332,15.13713264465332,34.20000076293945,21.6200008392334,2020-08-22
2020-08-23 00:00:00+00:00,23.132253646850586,27.47599983215332,19.92599868774414,14.799459457397461,32.03999710083008,19.030000686645508,2020-08-23
2020-08-24 00:00:00+00:00,22.498916625976562,26.325998306274414,20.025999069213867,12.979984283447266,27.0,9.329999923706055,2020-08-24
2020-08-25 00:00:00+00:00,23.8405818939209,28.17599868774414,19.875999450683594,9.746630668640137,23.399999618530273,22.889999389648438,2020-08-25
2020-08-26 00:00:00+00:00,23.544748306274414,27.67599868774414,19.575998306274414,10.739831924438477,24.479999542236328,20.950000762939453,2020-08-26
2020-08-27 00:00:00+00:00,22.93433380126953,27.825998306274414,19.025999069213867,13.979870796203613,29.15999984741211,21.139999389648438,2020-08-27
2020-08-28 00:00:00+00:00,23.501001358032227,28.72599983215332,18.92599868774414,13.905508995056152,29.51999855041504,24.559999465942383,2020-08-28
2020-08-29 00:00:00+00:00,23.657249450683594,29.67599868774414,18.775999069213867,15.683775901794434,30.599998474121094,24.84000015258789,2020-08-29
2020-08-30 00:00:00+00:00,23.65724754333496,28.575998306274414,20.075998306274414,12.522619247436523,27.35999870300293,22.40999984741211,2020-08-30
2020-08-31 00:00:00+00:00,23.217666625976562,27.42599868774414,19.97599983215332,11.983187675476074,25.559999465942383,20.610000610351562,2020-08-31
2020-09-01 00:00:00+00:00,22.53641700744629,26.825998306274414,19.625999450683594,16.41852569580078,33.119998931884766,17.989999771118164,2020-09-01
2020-09-02 00:00:00+00:00,22.096834182739258,26.22599983215332,19.67599868774414,17.377225875854492,38.15999984741211,13.479999542236328,2020-09-02
2020-09-03 00:00:00+00:00,22.892669677734375,27.325998306274414,19.97599983215332,8.534353256225586,24.479999542236328,17.739999771118164,2020-09-03
2020-09-04 00:00:00+00:00,23.628082275390625,28.325998306274414,20.125999450683594,12.979984283447266,27.35999870300293,19.6299991607666,2020-09-04
2020-09-05 00:00:00+00:00,23.45932960510254,27.47599983215332,21.125999450683594,12.646200180053711,26.639999389648438,18.670000076293945,2020-09-05
2020-09-06 00:00:00+00:00,23.51558494567871,28.17599868774414,20.47599983215332,13.849475860595703,31.319997787475586,20.190000534057617,2020-09-06
2020-09-07 00:00:00+00:00,22.817665100097656,26.42599868774414,20.17599868774414,21.924562454223633,44.279998779296875,18.309999465942383,2020-09-07
2020-09-08 00:00:00+00:00,23.19891929626465,27.97599983215332,19.92599868774414,12.015588760375977,26.639999389648438,21.219999313354492,2020-09-08
2020-09-09 00:00:00+00:00,22.60516929626465,26.325998306274414,20.125999450683594,16.039201736450195,32.76000213623047,16.149999618530273,2020-09-09
2020-09-10 00:00:00+00:00,22.005165100097656,25.575998306274414,20.025999069213867,19.376562118530273,41.03999710083008,13.960000038146973,2020-09-10
2020-09-11 00:00:00+00:00,21.744749069213867,25.17599868774414,19.775999069213867,24.696102142333984,47.15999984741211,11.5,2020-09-11
2020-09-12 00:00:00+00:00,21.1843318939209,23.375999450683594,19.72599983215332,22.59699058532715,43.19999694824219,7.769999980926514,2020-09-12
2020-09-13 00:00:00+00:00,20.68641471862793,22.775999069213867,19.275999069213867,18.888851165771484,38.15999984741211,6.630000114440918,2020-09-13
2020-09-14 00:00:00+00:00,20.959333419799805,24.17599868774414,19.125999450683594,20.991426467895508,38.880001068115234,8.180000305175781,2020-09-14
2020-09-15 00:00:00+00:00,21.790586471557617,26.375999450683594,19.17599868774414,21.897945404052734,43.19999694824219,16.68000030517578,2020-09-15
2020-09-16 00:00:00+00:00,22.190582275390625,26.42599868774414,19.22599983215332,21.48569679260254,43.560001373291016,17.56999969482422,2020-09-16
2020-09-17 00:00:00+00:00,22.690582275390625,27.125999450683594,19.575998306274414,20.83339500427246,40.31999969482422,20.15999984741211,2020-09-17
2020-09-18 00:00:00+00:00,22.14058494567871,25.72599983215332,19.825998306274414,24.09849739074707,48.23999786376953,14.489999771118164,2020-09-18
2020-09-19 00:00:00+00:00,21.315584182739258,23.875999450683594,19.775999069213867,23.444265365600586,47.880001068115234,9.279999732971191,2020-09-19
2020-09-20 00:00:00+00:00,20.6218318939209,22.47599983215332,19.775999069213867,28.03611946105957,63.36000061035156,6.21999979019165,2020-09-20
2020-09-21 00:00:00+00:00,20.92391586303711,22.525999069213867,19.625999450683594,32.1107063293457,61.92000198364258,8.270000457763672,2020-09-21
2020-09-22 00:00:00+00:00,22.05933380126953,26.97599983215332,18.47599983215332,34.60871505737305,63.36000061035156,19.06999969482422,2020-09-22
2020-09-23 00:00:00+00:00,22.31141471862793,27.375999450683594,18.125999450683594,26.717721939086914,49.31999969482422,18.1200008392334,2020-09-23
2020-09-24 00:00:00+00:00,22.68016815185547,27.17599868774414,18.97599983215332,16.327497482299805,32.39999771118164,18.469999313354492,2020-09-24
2020-09-25 00:00:00+00:00,22.686418533325195,26.525999069213867,19.92599868774414,13.339445114135742,28.440000534057617,16.860000610351562,2020-09-25
2020-09-26 00:00:00+00:00,21.642667770385742,24.625999450683594,19.42599868774414,18.37411117553711,34.91999816894531,10.140000343322754,2020-09-26
2020-09-27 00:00:00+00:00,21.817665100097656,25.325998306274414,18.875999450683594,15.844088554382324,32.39999771118164,12.720000267028809,2020-09-27
2020-09-28 00:00:00+00:00,22.440582275390625,26.42599868774414,19.22599983215332,14.277982711791992,29.8799991607666,18.479999542236328,2020-09-28
2020-09-29 00:00:00+00:00,22.01350212097168,25.775999069213867,19.72599983215332,18.504138946533203,35.63999938964844,15.880000114440918,2020-09-29
2020-09-30 00:00:00+00:00,20.765583038330078,23.67599868774414,18.525999069213867,15.716793060302734,29.15999984741211,6.210000038146973,2020-09-30
2020-10-01 00:00:00+00:00,22.205169677734375,26.125999450683594,18.625999450683594,21.1298828125,40.31999969482422,18.200000762939453,2020-10-01
2020-10-02 00:00:00+00:00,22.7760009765625,27.075998306274414,18.825998306274414,14.113653182983398,27.35999870300293,18.719999313354492,2020-10-02
2020-10-03 00:00:00+00:00,22.44474983215332,26.97599983215332,19.42599868774414,16.05535316467285,32.03999710083008,19.920000076293945,2020-10-03
2020-10-04 00:00:00+00:00,21.91141700744629,26.325998306274414,18.325998306274414,17.654687881469727,34.560001373291016,16.200000762939453,2020-10-04
2020-10-05 00:00:00+00:00,22.32391357421875,27.025999069213867,18.17599868774414,18.08977508544922,36.71999740600586,19.25,2020-10-05
2020-10-06 00:00:00+00:00,23.20100212097168,27.875999450683594,19.025999069213867,12.181625366210938,27.35999870300293,22.049999237060547,2020-10-06
2020-10-07 00:00:00+00:00,23.24266815185547,28.025999069213867,18.775999069213867,13.708390235900879,29.15999984741211,20.729999542236328,2020-10-07
2020-10-08 00:00:00+00:00,23.636415481567383,28.275999069213867,18.825998306274414,9.832679748535156,24.119998931884766,22.280000686645508,2020-10-08
2020-10-09 00:00:00+00:00,22.98433494567871,27.775999069213867,19.025999069213867,8.78872013092041,22.68000030517578,19.25,2020-10-09
2020-10-10 00:00:00+00:00,22.21141815185547,26.025999069213867,19.375999450683594,13.397611618041992,28.079999923706055,14.25,2020-10-10
2020-10-11 00:00:00+00:00,21.32183265686035,24.375999450683594,19.375999450683594,19.559633255004883,39.599998474121094,8.520000457763672,2020-10-11
2020-10-12 00:00:00+00:00,21.23225212097168,24.625999450683594,19.825998306274414,18.844202041625977,38.519996643066406,11.479999542236328,2020-10-12
2020-10-13 00:00:00+00:00,21.457250595092773,24.92599868774414,18.525999069213867,27.0,54.0,16.889999389648438,2020-10-13
2020-10-14 00:00:00+00:00,21.511415481567383,24.92599868774414,18.47599983215332,31.079071044921875,56.15999984741211,17.040000915527344,2020-10-14
2020-10-15 00:00:00+00:00,22.123918533325195,26.525999069213867,18.625999450683594,27.381305694580078,50.39999771118164,19.309999465942383,2020-10-15
2020-10-16 00:00:00+00:00,22.173913955688477,26.67599868774414,17.375999450683594,17.78268814086914,36.0,19.93000030517578,2020-10-16
2020-10-17 00:00:00+00:00,22.886415481567383,27.17599868774414,17.17599868774414,10.002559661865234,21.239999771118164,21.790000915527344,2020-10-17
2020-10-18 00:00:00+00:00,22.582250595092773,26.825998306274414,19.47599983215332,10.086426734924316,21.959999084472656,15.25,2020-10-18
2020-10-19 00:00:00+00:00,22.007253646850586,24.97599983215332,19.72599983215332,13.392773628234863,27.719999313354492,12.510000228881836,2020-10-19
2020-10-20 00:00:00+00:00,21.838499069213867,24.825998306274414,19.875999450683594,15.30741024017334,30.599998474121094,11.100000381469727,2020-10-20
2020-10-21 00:00:00+00:00,21.615585327148438,25.17599868774414,19.47599983215332,15.277749061584473,29.8799991607666,10.890000343322754,2020-10-21
2020-10-22 00:00:00+00:00,21.517667770385742,24.42599868774414,19.825998306274414,15.273505210876465,31.68000030517578,12.819999694824219,2020-10-22
2020-10-23 00:00:00+00:00,21.461416244506836,25.125999450683594,17.97599983215332,14.707221984863281,26.639999389648438,14.460000038146973,2020-10-23
2020-10-24 00:00:00+00:00,21.190584182739258,26.025999069213867,16.775999069213867,10.948972702026367,24.479999542236328,16.639999389648438,2020-10-24
2020-10-25 00:00:00+00:00,22.282251358032227,27.17599868774414,18.72599983215332,12.303365707397461,25.919998168945312,17.0,2020-10-25
2020-10-26 00:00:00+00:00,22.405166625976562,27.775999069213867,17.525999069213867,13.60876178741455,25.919998168945312,20.729999542236328,2020-10-26
2020-10-27 00:00:00+00:00,22.111419677734375,27.375999450683594,17.825998306274414,16.087610244750977,30.23999786376953,21.84000015258789,2020-10-27
2020-10-28 00:00:00+00:00,21.73433494567871,27.025999069213867,17.325998306274414,17.317459106445312,34.91999816894531,23.700000762939453,2020-10-28
2020-10-29 00:00:00+00:00,21.2739200592041,26.325998306274414,17.275999069213867,17.377225875854492,34.20000076293945,19.25,2020-10-29
2020-10-30 00:00:00+00:00,21.698915481567383,27.075998306274414,17.42599868774414,14.007655143737793,28.440000534057617,22.010000228881836,2020-10-30
2020-10-31 00:00:00+00:00,22.630165100097656,26.875999450683594,17.47599983215332,8.161764144897461,21.239999771118164,19.84000015258789,2020-10-31
2020-11-01 00:00:00+00:00,23.06974983215332,27.025999069213867,18.325998306274414,12.979984283447266,24.119998931884766,19.290000915527344,2020-11-01
2020-11-02 00:00:00+00:00,23.380165100097656,27.875999450683594,19.125999450683594,12.324414253234863,24.479999542236328,19.920000076293945,2020-11-02
2020-11-03 00:00:00+00:00,23.042665481567383,27.525999069213867,19.025999069213867,14.372974395751953,30.599998474121094,20.06999969482422,2020-11-03
2020-11-04 00:00:00+00:00,23.034334182739258,27.72599983215332,19.42599868774414,15.575981140136719,28.799999237060547,18.399999618530273,2020-11-04
2020-11-05 00:00:00+00:00,22.771835327148438,27.775999069213867,19.625999450683594,16.981164932250977,34.20000076293945,18.75,2020-11-05
2020-11-06 00:00:00+00:00,22.99683380126953,27.525999069213867,19.775999069213867,16.981164932250977,38.15999984741211,19.170000076293945,2020-11-06
2020-11-07 00:00:00+00:00,22.75933265686035,27.275999069213867,19.47599983215332,16.62248992919922,33.839996337890625,18.030000686645508,2020-11-07
2020-11-08 00:00:00+00:00,22.49683380126953,27.325998306274414,18.67599868774414,22.380884170532227,41.39999771118164,17.799999237060547,2020-11-08
2020-11-09 00:00:00+00:00,20.91975212097168,26.575998306274414,14.97599983215332,16.41852569580078,33.119998931884766,20.549999237060547,2020-11-09
2020-11-10 00:00:00+00:00,19.6489200592041,26.22599983215332,14.925999641418457,14.812589645385742,31.68000030517578,23.709999084472656,2020-11-10
2020-11-11 00:00:00+00:00,21.513498306274414,27.22599983215332,14.87600040435791,15.141413688659668,32.39999771118164,22.670000076293945,2020-11-11
2020-11-12 00:00:00+00:00,22.60308265686035,27.72599983215332,18.625999450683594,18.289274215698242,34.91999816894531,15.859999656677246,2020-11-12
2020-11-13 00:00:00+00:00,22.15724754333496,26.625999450683594,19.375999450683594,21.746503829956055,39.599998474121094,16.610000610351562,2020-11-13
2020-11-14 00:00:00+00:00,22.3405818939209,27.325998306274414,18.17599868774414,20.69608497619629,39.23999786376953,15.25,2020-11-14
2020-11-15 00:00:00+00:00,21.813499450683594,26.47599983215332,18.125999450683594,23.688983917236328,46.07999801635742,12.34000015258789,2020-11-15
2020-11-16 00:00:00+00:00,21.311416625976562,24.72599983215332,19.47599983215332,18.0,35.63999938964844,10.550000190734863,2020-11-16
2020-11-17 00:00:00+00:00,21.917665481567383,25.72599983215332,19.275999069213867,27.419145584106445,50.03999710083008,14.850000381469727,2020-11-17
2020-11-18 00:00:00+00:00,21.81974983215332,26.025999069213867,18.72599983215332,20.858264923095703,38.880001068115234,15.34000015258789,2020-11-18
2020-11-19 00:00:00+00:00,21.811416625976562,26.275999069213867,18.47599983215332,20.364673614501953,39.23999786376953,17.31999969482422,2020-11-19
2020-11-20 00:00:00+00:00,21.338499069213867,26.625999450683594,16.47599983215332,16.17998504638672,33.47999954223633,21.600000381469727,2020-11-20
2020-11-21 00:00:00+00:00,19.532251358032227,26.075998306274414,13.826000213623047,14.489720344543457,29.8799991607666,23.010000228881836,2020-11-21
2020-11-22 00:00:00+00:00,20.238500595092773,26.47599983215332,14.576000213623047,19.770523071289062,39.23999786376953,22.3700008392334,2020-11-22
2020-11-23 00:00:00+00:00,21.60933494567871,26.92599868774414,16.875999450683594,21.794126510620117,42.47999954223633,19.1200008392334,2020-11-23
2020-11-24 00:00:00+00:00,21.305166244506836,26.72599983215332,17.775999069213867,22.148046493530273,41.76000213623047,18.010000228881836,2020-11-24
2020-11-25 00:00:00+00:00,20.846834182739258,24.97599983215332,17.72599983215332,28.5128173828125,53.279998779296875,12.850000381469727,2020-11-25
2020-11-26 00:00:00+00:00,18.890583038330078,20.575998306274414,17.42599868774414,24.743289947509766,49.68000030517578,2.5799999237060547,2020-11-26
2020-11-27 00:00:00+00:00,19.094749450683594,23.42599868774414,15.87600040435791,23.749088287353516,45.36000061035156,15.989999771118164,2020-11-27
2020-11-28 00:00:00+00:00,21.01558494567871,25.025999069213867,15.72599983215332,15.34968376159668,31.68000030517578,16.649999618530273,2020-11-28
2020-11-29 00:00:00+00:00,21.428083419799805,25.875999450683594,18.375999450683594,17.819089889526367,34.91999816894531,15.050000190734863,2020-11-29
2020-11-30 00:00:00+00:00,21.051000595092773,25.325998306274414,16.47599983215332,18.455047607421875,35.63999938964844,13.430000305175781,2020-11-30
2020-12-01 00:00:00+00:00,19.846832275390625,25.125999450683594,16.075998306274414,19.008546829223633,37.439998626708984,20.6200008392334,2020-12-01
2020-12-02 00:00:00+00:00,20.586416244506836,25.825998306274414,16.825998306274414,18.59844970703125,37.439998626708984,19.399999618530273,2020-12-02
2020-12-03 00:00:00+00:00,20.017667770385742,22.825998306274414,17.92599868774414,23.113008499145508,43.19999694824219,6.519999980926514,2020-12-03
2020-12-04 00:00:00+00:00,20.57183265686035,22.97599983215332,19.075998306274414,26.98799705505371,48.959999084472656,5.78000020980835,2020-12-04
2020-12-05 00:00:00+00:00,20.813501358032227,24.47599983215332,18.275999069213867,25.41762924194336,46.07999801635742,15.0,2020-12-05
2020-12-06 00:00:00+00:00,21.08641815185547,24.825998306274414,18.525999069213867,24.821731567382812,47.880001068115234,14.579999923706055,2020-12-06
2020-12-07 00:00:00+00:00,21.3051700592041,25.625999450683594,19.22599983215332,23.93390655517578,46.07999801635742,12.510000228881836,2020-12-07
2020-12-08 00:00:00+00:00,21.02808380126953,25.025999069213867,18.92599868774414,23.143827438354492,43.560001373291016,13.59000015258789,2020-12-08
2020-12-09 00:00:00+00:00,20.54475212097168,25.375999450683594,16.72599983215332,19.602651596069336,36.71999740600586,14.279999732971191,2020-12-09
2020-12-10 00:00:00+00:00,19.78849983215332,25.075998306274414,15.925999641418457,12.496719360351562,27.35999870300293,20.200000762939453,2020-12-10
2020-12-11 00:00:00+00:00,19.655168533325195,25.375999450683594,15.526000022888184,13.493998527526855,23.03999900817871,20.920000076293945,2020-12-11
2020-12-12 00:00:00+00:00,19.04891586303711,24.775999069213867,14.72599983215332,14.044614791870117,24.119998931884766,21.34000015258789,2020-12-12
2020-12-13 00:00:00+00:00,19.280166625976562,24.92599868774414,14.97599983215332,12.074766159057617,22.319997787475586,20.350000381469727,2020-12-13
2020-12-14 00:00:00+00:00,19.255165100097656,25.025999069213867,14.276000022888184,15.978484153747559,27.0,20.719999313354492,2020-12-14
2020-12-15 00:00:00+00:00,19.82183265686035,25.025999069213867,14.425999641418457,19.917469024658203,38.519996643066406,19.790000915527344,2020-12-15
2020-12-16 00:00:00+00:00,20.71766471862793,24.625999450683594,17.075998306274414,21.313093185424805,37.79999923706055,13.630000114440918,2020-12-16
2020-12-17 00:00:00+00:00,21.080167770385742,24.67599868774414,17.325998306274414,20.724246978759766,38.519996643066406,11.279999732971191,2020-12-17
2020-12-18 00:00:00+00:00,20.46558380126953,25.47599983215332,17.22599983215332,19.039199829101562,38.15999984741211,20.1299991607666,2020-12-18
2020-12-19 00:00:00+00:00,20.55099868774414,25.67599868774414,16.67599868774414,21.1298828125,39.959999084472656,19.479999542236328,2020-12-19
2020-12-20 00:00:00+00:00,19.763498306274414,24.625999450683594,16.575998306274414,20.545246124267578,39.599998474121094,13.579999923706055,2020-12-20
2020-12-21 00:00:00+00:00,18.125999450683594,24.17599868774414,13.925999641418457,17.25373077392578,34.91999816894531,20.90999984741211,2020-12-21
2020-12-22 00:00:00+00:00,19.238500595092773,25.47599983215332,14.175999641418457,14.039999008178711,28.079999923706055,20.420000076293945,2020-12-22
2020-12-23 00:00:00+00:00,20.365583419799805,26.075998306274414,15.37600040435791,14.458381652832031,29.51999855041504,18.309999465942383,2020-12-23
2020-12-24 00:00:00+00:00,20.45100212097168,26.375999450683594,15.326000213623047,14.764389038085938,26.280000686645508,18.010000228881836,2020-12-24
2020-12-25 00:00:00+00:00,19.753082275390625,26.22599983215332,14.826000213623047,15.273505210876465,27.0,20.690000534057617,2020-12-25
2020-12-26 00:00:00+00:00,19.348915100097656,25.525999069213867,14.826000213623047,15.58430004119873,31.319997787475586,21.280000686645508,2020-12-26
2020-12-27 00:00:00+00:00,19.915584564208984,27.275999069213867,14.526000022888184,13.708390235900879,29.51999855041504,21.31999969482422,2020-12-27
2020-12-28 00:00:00+00:00,19.890583038330078,26.67599868774414,14.97599983215332,13.397611618041992,29.51999855041504,19.479999542236328,2020-12-28
2020-12-29 00:00:00+00:00,21.1218318939209,27.42599868774414,15.425999641418457,18.003599166870117,32.03999710083008,17.5,2020-12-29
2020-12-30 00:00:00+00:00,21.873918533325195,27.47599983215332,17.97599983215332,20.063339233398438,40.31999969482422,18.639999389648438,2020-12-30
2020-12-31 00:00:00+00:00,19.96974754333496,24.275999069213867,16.67599868774414,19.930479049682617,39.23999786376953,8.920000076293945,2020-12-31
2021-01-01 00:00:00+00:00,19.563499450683594,24.97599983215332,14.37600040435791,19.06300926208496,38.880001068115234,20.40999984741211,2021-01-01
2021-01-02 00:00:00+00:00,20.386417388916016,26.275999069213867,14.37600040435791,19.82943344116211,40.31999969482422,15.779999732971191,2021-01-02
2021-01-03 00:00:00+00:00,21.500999450683594,26.47599983215332,17.67599868774414,19.839235305786133,39.599998474121094,14.670000076293945,2021-01-03
2021-01-04 00:00:00+00:00,20.73641586303711,24.575998306274414,17.72599983215332,22.96393585205078,42.119998931884766,12.529999732971191,2021-01-04
2021-01-05 00:00:00+00:00,21.190582275390625,25.17599868774414,18.125999450683594,18.888851165771484,38.15999984741211,12.390000343322754,2021-01-05
2021-01-06 00:00:00+00:00,21.07808494567871,25.575998306274414,19.025999069213867,16.039201736450195,32.03999710083008,10.470000267028809,2021-01-06
2021-01-07 00:00:00+00:00,21.376001358032227,24.67599868774414,19.17599868774414,19.164718627929688,37.439998626708984,11.0,2021-01-07
2021-01-08 00:00:00+00:00,21.596832275390625,25.92599868774414,18.775999069213867,15.62997055053711,29.51999855041504,14.5,2021-01-08
2021-01-09 00:00:00+00:00,21.1218318939209,25.075998306274414,18.42599868774414,15.844088554382324,29.8799991607666,11.170000076293945,2021-01-09
2021-01-10 00:00:00+00:00,21.58641815185547,25.67599868774414,18.075998306274414,17.518356323242188,34.91999816894531,13.1899995803833,2021-01-10
2021-01-11 00:00:00+00:00,20.93433380126953,23.775999069213867,17.22599983215332,15.782622337341309,28.079999923706055,8.449999809265137,2021-01-11
2021-01-12 00:00:00+00:00,21.055166244506836,26.375999450683594,17.525999069213867,22.206485748291016,43.19999694824219,17.350000381469727,2021-01-12
2021-01-13 00:00:00+00:00,20.59058380126953,26.625999450683594,15.87600040435791,21.602998733520508,42.47999954223633,19.030000686645508,2021-01-13
2021-01-14 00:00:00+00:00,20.761415481567383,26.22599983215332,15.72599983215332,19.645580291748047,40.31999969482422,16.950000762939453,2021-01-14
2021-01-15 00:00:00+00:00,21.182249069213867,26.875999450683594,17.17599868774414,17.90253448486328,36.71999740600586,18.079999923706055,2021-01-15
2021-01-16 00:00:00+00:00,21.332250595092773,27.125999450683594,17.17599868774414,15.496735572814941,27.35999870300293,20.049999237060547,2021-01-16
2021-01-17 00:00:00+00:00,20.273916244506836,27.025999069213867,13.776000022888184,16.039201736450195,27.719999313354492,21.15999984741211,2021-01-17
2021-01-18 00:00:00+00:00,19.863496780395508,26.42599868774414,14.276000022888184,20.26579475402832,34.20000076293945,22.020000457763672,2021-01-18
2021-01-19 00:00:00+00:00,19.86349868774414,26.125999450683594,14.87600040435791,11.275529861450195,25.19999885559082,21.799999237060547,2021-01-19
2021-01-20 00:00:00+00:00,21.436418533325195,28.025999069213867,15.076000213623047,12.864648818969727,24.84000015258789,21.979999542236328,2021-01-20
2021-01-21 00:00:00+00:00,22.676000595092773,28.075998306274414,17.625999450683594,11.54247760772705,20.880001068115234,19.75,2021-01-21
2021-01-22 00:00:00+00:00,22.821836471557617,28.125999450683594,18.42599868774414,15.124283790588379,27.0,20.309999465942383,2021-01-22
2021-01-23 00:00:00+00:00,21.71141815185547,27.825998306274414,16.92599868774414,16.700275421142578,31.319997787475586,22.399999618530273,2021-01-23
2021-01-24 00:00:00+00:00,20.936418533325195,27.625999450683594,15.87600040435791,13.849475860595703,25.919998168945312,23.030000686645508,2021-01-24
2021-01-25 00:00:00+00:00,20.213499069213867,27.275999069213867,14.276000022888184,12.43433952331543,28.799999237060547,22.3799991607666,2021-01-25
2021-01-26 00:00:00+00:00,20.567670822143555,28.42599868774414,14.62600040435791,15.111424446105957,29.8799991607666,22.84000015258789,2021-01-26
2021-01-27 00:00:00+00:00,20.455167770385742,27.775999069213867,14.87600040435791,16.235960006713867,31.319997787475586,23.18000030517578,2021-01-27
2021-01-28 00:00:00+00:00,20.41766929626465,26.775999069213867,14.72599983215332,16.520822525024414,32.39999771118164,23.31999969482422,2021-01-28
2021-01-29 00:00:00+00:00,21.34266471862793,27.72599983215332,16.17599868774414,16.450069427490234,29.15999984741211,22.56999969482422,2021-01-29
2021-01-30 00:00:00+00:00,22.096832275390625,27.875999450683594,16.875999450683594,14.88241958618164,32.03999710083008,18.530000686645508,2021-01-30
2021-01-31 00:00:00+00:00,22.0593318939209,28.67599868774414,16.275999069213867,18.723459243774414,34.91999816894531,21.8700008392334,2021-01-31
2021-02-01 00:00:00+00:00,21.323917388916016,28.075998306274414,15.326000213623047,16.93531036376953,34.560001373291016,23.200000762939453,2021-02-01
2021-02-02 00:00:00+00:00,21.407249450683594,27.67599868774414,15.776000022888184,18.22894287109375,38.15999984741211,22.940000534057617,2021-02-02
2021-02-03 00:00:00+00:00,20.96558380126953,27.325998306274414,15.026000022888184,16.93531036376953,34.560001373291016,18.8799991607666,2021-02-03
2021-02-04 00:00:00+00:00,20.719751358032227,27.525999069213867,14.776000022888184,16.39482879638672,33.47999954223633,23.25,2021-02-04
2021-02-05 00:00:00+00:00,20.655168533325195,28.22599983215332,14.276000022888184,20.00835609436035,34.91999816894531,23.610000610351562,2021-02-05
2021-02-06 00:00:00+00:00,20.89683723449707,28.42599868774414,14.026000022888184,16.65753936767578,30.96000099182129,23.860000610351562,2021-02-06
2021-02-07 00:00:00+00:00,20.534332275390625,27.97599983215332,14.62600040435791,20.630229949951172,41.76000213623047,24.540000915527344,2021-02-07
2021-02-08 00:00:00+00:00,20.669750213623047,28.075998306274414,14.326000213623047,21.129884719848633,41.39999771118164,24.280000686645508,2021-02-08
2021-02-09 00:00:00+00:00,20.011415481567383,27.17599868774414,13.526000022888184,16.215991973876953,35.63999938964844,23.739999771118164,2021-02-09
2021-02-10 00:00:00+00:00,20.057249069213867,28.275999069213867,13.276000022888184,12.605141639709473,29.51999855041504,24.700000762939453,2021-02-10
2021-02-11 00:00:00+00:00,20.578081130981445,28.17599868774414,13.826000213623047,15.986595153808594,29.8799991607666,24.440000534057617,2021-02-11
2021-02-12 00:00:00+00:00,20.65724754333496,29.025999069213867,13.026000022888184,16.167966842651367,28.079999923706055,25.360000610351562,2021-02-12
2021-02-13 00:00:00+00:00,20.801002502441406,28.825998306274414,13.776000022888184,15.51762866973877,26.280000686645508,25.059999465942383,2021-02-13
2021-02-14 00:00:00+00:00,21.67183494567871,29.275999069213867,14.425999641418457,15.827720642089844,28.440000534057617,24.530000686645508,2021-02-14
2021-02-15 00:00:00+00:00,22.782249450683594,30.22599983215332,16.275999069213867,19.134262084960938,33.119998931884766,24.420000076293945,2021-02-15
2021-02-16 00:00:00+00:00,22.7447509765625,29.575998306274414,16.375999450683594,14.264361381530762,25.559999465942383,24.270000457763672,2021-02-16
2021-02-17 00:00:00+00:00,22.79058265686035,29.625999450683594,16.325998306274414,20.3168888092041,35.63999938964844,22.829999923706055,2021-02-17
2021-02-18 00:00:00+00:00,22.1822509765625,28.575998306274414,16.775999069213867,17.076297760009766,33.47999954223633,22.09000015258789,2021-02-18
2021-02-19 00:00:00+00:00,21.48433494567871,28.575998306274414,16.825998306274414,15.496735572814941,30.96000099182129,22.489999771118164,2021-02-19
2021-02-20 00:00:00+00:00,20.019750595092773,25.72599983215332,16.72599983215332,18.289274215698242,37.439998626708984,18.190000534057617,2021-02-20
2021-02-21 00:00:00+00:00,19.548917770385742,23.22599983215332,16.775999069213867,19.82943344116211,37.79999923706055,14.170000076293945,2021-02-21
2021-02-22 00:00:00+00:00,21.22391700744629,27.22599983215332,16.825998306274414,15.124283790588379,31.68000030517578,19.950000762939453,2021-02-22
2021-02-23 00:00:00+00:00,22.59891700744629,29.075998306274414,16.72599983215332,16.57564353942871,29.51999855041504,23.020000457763672,2021-02-23
2021-02-24 00:00:00+00:00,22.890581130981445,29.575998306274414,16.875999450683594,13.708391189575195,28.079999923706055,23.950000762939453,2021-02-24
2021-02-25 00:00:00+00:00,23.5260009765625,30.875999450683594,16.875999450683594,11.04326057434082,28.079999923706055,23.760000228881836,2021-02-25
2021-02-26 00:00:00+00:00,24.094755172729492,31.525999069213867,16.22599983215332,13.849475860595703,30.599998474121094,24.940000534057617,2021-02-26
2021-02-27 00:00:00+00:00,25.007247924804688,32.176002502441406,17.025999069213867,13.722564697265625,29.8799991607666,23.889999389648438,2021-02-27
2021-02-28 00:00:00+00:00,24.4010009765625,32.176002502441406,16.075998306274414,17.654687881469727,37.79999923706055,25.520000457763672,2021-02-28
2021-03-01 00:00:00+00:00,24.221837997436523,31.92599868774414,16.075998306274414,16.263872146606445,36.0,25.969999313354492,2021-03-01
2021-03-02 00:00:00+00:00,24.54683494567871,32.82600021362305,16.97599983215332,23.93390655517578,47.880001068115234,24.739999771118164,2021-03-02
2021-03-03 00:00:00+00:00,24.032251358032227,31.325998306274414,16.875999450683594,21.995380401611328,44.63999557495117,25.93000030517578,2021-03-03
2021-03-04 00:00:00+00:00,22.969749450683594,30.275999069213867,15.526000022888184,21.252199172973633,43.91999816894531,26.459999084472656,2021-03-04
2021-03-05 00:00:00+00:00,23.48433494567871,31.325998306274414,15.326000213623047,15.277749061584473,27.719999313354492,26.549999237060547,2021-03-05
2021-03-06 00:00:00+00:00,24.703081130981445,33.0260009765625,16.22599983215332,13.004921913146973,29.8799991607666,26.139999389648438,2021-03-06
2021-03-07 00:00:00+00:00,25.103086471557617,32.676002502441406,17.17599868774414,16.93531036376953,35.279998779296875,26.270000457763672,2021-03-07
2021-03-08 00:00:00+00:00,24.236413955688477,31.72599983215332,17.22599983215332,16.51690101623535,32.03999710083008,26.729999542236328,2021-03-08
2021-03-09 00:00:00+00:00,24.319747924804688,31.67599868774414,17.075998306274414,21.578989028930664,37.79999923706055,26.719999313354492,2021-03-09
2021-03-10 00:00:00+00:00,25.163497924804688,31.72599983215332,17.875999450683594,21.27353286743164,37.439998626708984,25.65999984741211,2021-03-10
2021-03-11 00:00:00+00:00,24.678085327148438,31.625999450683594,18.67599868774414,16.489416122436523,33.47999954223633,23.68000030517578,2021-03-11
2021-03-12 00:00:00+00:00,23.950998306274414,31.42599868774414,16.575998306274414,17.1746768951416,33.119998931884766,26.559999465942383,2021-03-12
2021-03-13 00:00:00+00:00,24.06766700744629,31.275999069213867,16.025999069213867,16.73516082763672,31.319997787475586,26.670000076293945,2021-03-13
2021-03-14 00:00:00+00:00,24.5260009765625,31.825998306274414,16.825998306274414,20.304128646850586,34.91999816894531,26.709999084472656,2021-03-14
2021-03-15 00:00:00+00:00,24.95100212097168,31.92599868774414,17.075998306274414,16.676977157592773,29.15999984741211,26.450000762939453,2021-03-15
2021-03-16 00:00:00+00:00,25.503082275390625,32.875999450683594,17.575998306274414,17.287498474121094,32.03999710083008,26.020000457763672,2021-03-16
2021-03-17 00:00:00+00:00,25.378082275390625,32.5260009765625,17.325998306274414,17.068706512451172,34.20000076293945,26.329999923706055,2021-03-17
2021-03-18 00:00:00+00:00,25.2447509765625,32.625999450683594,18.22599983215332,18.289274215698242,39.599998474121094,25.68000030517578,2021-03-18
2021-03-19 00:00:00+00:00,24.913497924804688,32.875999450683594,17.775999069213867,16.946786880493164,37.79999923706055,26.579999923706055,2021-03-19
2021-03-20 00:00:00+00:00,25.22391700744629,32.2760009765625,17.125999450683594,15.13713264465332,28.440000534057617,26.700000762939453,2021-03-20
2021-03-21 00:00:00+00:00,25.846832275390625,33.125999450683594,18.575998306274414,16.7661075592041,32.03999710083008,26.739999771118164,2021-03-21
2021-03-22 00:00:00+00:00,25.998916625976562,33.676002502441406,18.125999450683594,18.356470108032227,39.599998474121094,26.600000381469727,2021-03-22
2021-03-23 00:00:00+00:00,26.3718318939209,33.82600021362305,18.525999069213867,16.793140411376953,35.63999938964844,26.440000534057617,2021-03-23
2021-03-24 00:00:00+00:00,26.5885009765625,33.875999450683594,18.97599983215332,18.75112533569336,39.23999786376953,26.420000076293945,2021-03-24
2021-03-25 00:00:00+00:00,26.88016700744629,34.22600173950195,19.67599868774414,23.400001525878906,44.279998779296875,23.260000228881836,2021-03-25
2021-03-26 00:00:00+00:00,27.128084182739258,34.32600021362305,19.875999450683594,19.82943344116211,41.76000213623047,26.719999313354492,2021-03-26
2021-03-27 00:00:00+00:00,27.05933380126953,34.32600021362305,19.525999069213867,18.08977508544922,39.23999786376953,26.56999969482422,2021-03-27
2021-03-28 00:00:00+00:00,27.332246780395508,34.7760009765625,20.17599868774414,19.130874633789062,38.15999984741211,23.40999984741211,2021-03-28
2021-03-29 00:00:00+00:00,27.45308494567871,34.375999450683594,20.325998306274414,17.555307388305664,38.519996643066406,23.209999084472656,2021-03-29
2021-03-30 00:00:00+00:00,27.832250595092773,34.926002502441406,20.47599983215332,15.034041404724121,33.119998931884766,24.1200008392334,2021-03-30
2021-03-31 00:00:00+00:00,28.526002883911133,35.375999450683594,21.72599983215332,13.319999694824219,32.03999710083008,24.290000915527344,2021-03-31
2021-04-01 00:00:00+00:00,27.748918533325195,35.47600173950195,20.325998306274414,14.843179702758789,34.560001373291016,27.040000915527344,2021-04-01
2021-04-02 00:00:00+00:00,27.548913955688477,35.22600173950195,19.97599983215332,16.119800567626953,31.68000030517578,26.739999771118164,2021-04-02
2021-04-03 00:00:00+00:00,27.475997924804688,34.125999450683594,21.075998306274414,21.203357696533203,41.76000213623047,21.479999542236328,2021-04-03
2021-04-04 00:00:00+00:00,27.7447509765625,33.676002502441406,21.525999069213867,13.441070556640625,33.47999954223633,21.09000015258789,2021-04-04
2021-04-05 00:00:00+00:00,27.37183380126953,33.57600021362305,20.42599868774414,21.533897399902344,42.47999954223633,21.780000686645508,2021-04-05
2021-04-06 00:00:00+00:00,27.16974639892578,34.926002502441406,19.825998306274414,19.41665267944336,38.15999984741211,26.899999618530273,2021-04-06
2021-04-07 00:00:00+00:00,27.41558837890625,34.72600173950195,19.125999450683594,22.65713119506836,43.19999694824219,26.649999618530273,2021-04-07
2021-04-08 00:00:00+00:00,27.26558494567871,34.7760009765625,20.375999450683594,17.55161476135254,35.63999938964844,26.469999313354492,2021-04-08
2021-04-09 00:00:00+00:00,26.98016929626465,34.2760009765625,19.72599983215332,17.67302894592285,39.23999786376953,24.579999923706055,2021-04-09
2021-04-10 00:00:00+00:00,26.503080368041992,33.82600021362305,19.625999450683594,17.015474319458008,35.63999938964844,27.09000015258789,2021-04-10
2021-04-11 00:00:00+00:00,26.79058265686035,33.82600021362305,19.825998306274414,17.287498474121094,36.36000061035156,25.06999969482422,2021-04-11
2021-04-12 00:00:00+00:00,26.478086471557617,33.676002502441406,20.97599983215332,19.336389541625977,42.119998931884766,22.65999984741211,2021-04-12
2021-04-13 00:00:00+00:00,26.91558074951172,33.125999450683594,21.375999450683594,16.87013816833496,32.76000213623047,23.530000686645508,2021-04-13
2021-04-14 00:00:00+00:00,24.29683494567871,30.125999450683594,20.275999069213867,16.13587188720703,31.68000030517578,16.90999984741211,2021-04-14
2021-04-15 00:00:00+00:00,22.792665481567383,28.72599983215332,19.075998306274414,11.54247760772705,28.079999923706055,18.040000915527344,2021-04-15
2021-04-16 00:00:00+00:00,24.771835327148438,30.025999069213867,19.275999069213867,12.031756401062012,33.119998931884766,21.610000610351562,2021-04-16
2021-04-17 00:00:00+00:00,26.75516700744629,32.375999450683594,20.775999069213867,13.830748558044434,26.280000686645508,24.270000457763672,2021-04-17
2021-04-18 00:00:00+00:00,26.313499450683594,33.07600021362305,20.625999450683594,12.261157035827637,34.20000076293945,22.450000762939453,2021-04-18
2021-04-19 00:00:00+00:00,27.107255935668945,33.426002502441406,20.92599868774414,12.101570129394531,25.559999465942383,22.8799991607666,2021-04-19
2021-04-20 00:00:00+00:00,24.986412048339844,31.025999069213867,20.875999450683594,11.792404174804688,29.15999984741211,18.290000915527344,2021-04-20
2021-04-21 00:00:00+00:00,24.892667770385742,30.92599868774414,20.67599868774414,10.5142183303833,28.799999237060547,18.65999984741211,2021-04-21
2021-04-22 00:00:00+00:00,25.961416244506836,32.176002502441406,20.525999069213867,16.099689483642578,33.839996337890625,20.899999618530273,2021-04-22
2021-04-23 00:00:00+00:00,24.236417770385742,31.025999069213867,20.42599868774414,11.988594055175781,28.799999237060547,19.889999389648438,2021-04-23
2021-04-24 00:00:00+00:00,24.0593318939209,30.075998306274414,20.72599983215332,11.11345100402832,33.119998931884766,17.84000015258789,2021-04-24
2021-04-25 00:00:00+00:00,25.992666244506836,31.97599983215332,20.775999069213867,11.50311279296875,23.399999618530273,23.780000686645508,2021-04-25
2021-04-26 00:00:00+00:00,26.28224754333496,32.676002502441406,20.97599983215332,10.948972702026367,22.68000030517578,24.899999618530273,2021-04-26
2021-04-27 00:00:00+00:00,26.20100212097168,32.926002502441406,20.125999450683594,13.661038398742676,28.440000534057617,23.889999389648438,2021-04-27
2021-04-28 00:00:00+00:00,27.094749450683594,32.676002502441406,20.275999069213867,12.313894271850586,23.03999900817871,23.1200008392334,2021-04-28
2021-04-29 00:00:00+00:00,26.148916244506836,32.0260009765625,21.42599868774414,12.181625366210938,28.079999923706055,22.239999771118164,2021-04-29
2021-04-30 00:00:00+00:00,26.5885009765625,33.0260009765625,21.275999069213867,18.861387252807617,37.79999923706055,22.18000030517578,2021-04-30
2021-05-01 00:00:00+00:00,26.84891700744629,32.875999450683594,21.17599868774414,14.336860656738281,30.23999786376953,23.670000076293945,2021-05-01
2021-05-02 00:00:00+00:00,26.761415481567383,32.676002502441406,21.275999069213867,14.336860656738281,27.719999313354492,23.299999237060547,2021-05-02
2021-05-03 00:00:00+00:00,26.48016929626465,32.125999450683594,21.67599868774414,15.408671379089355,27.0,20.920000076293945,2021-05-03
2021-05-04 00:00:00+00:00,25.034334182739258,30.22599983215332,20.825998306274414,14.489720344543457,28.799999237060547,17.309999465942383,2021-05-04
2021-05-05 00:00:00+00:00,26.9947509765625,33.82600021362305,20.17599868774414,19.29613494873047,33.839996337890625,25.110000610351562,2021-05-05
2021-05-06 00:00:00+00:00,27.313499450683594,33.07600021362305,22.025999069213867,16.055355072021484,34.20000076293945,23.489999771118164,2021-05-06
2021-05-07 00:00:00+00:00,26.10933494567871,31.375999450683594,21.325998306274414,16.595178604125977,39.599998474121094,20.260000228881836,2021-05-07
2021-05-08 00:00:00+00:00,26.873918533325195,33.2760009765625,21.375999450683594,20.089160919189453,35.279998779296875,23.829999923706055,2021-05-08
2021-05-09 00:00:00+00:00,27.50933265686035,33.47600173950195,21.525999069213867,16.039201736450195,29.51999855041504,23.979999542236328,2021-05-09
2021-05-10 00:00:00+00:00,26.111417770385742,32.22600173950195,22.025999069213867,11.753876686096191,27.0,20.15999984741211,2021-05-10
2021-05-11 00:00:00+00:00,25.867666244506836,31.625999450683594,21.67599868774414,9.585739135742188,22.68000030517578,19.350000381469727,2021-05-11
2021-05-12 00:00:00+00:00,25.01558494567871,30.92599868774414,21.17599868774414,13.979870796203613,25.19999885559082,21.739999771118164,2021-05-12
2021-05-13 00:00:00+00:00,25.188499450683594,31.075998306274414,20.97599983215332,12.224106788635254,29.8799991607666,21.3700008392334,2021-05-13
2021-05-14 00:00:00+00:00,25.8405818939209,31.575998306274414,20.775999069213867,22.319997787475586,45.0,22.229999542236328,2021-05-14
2021-05-15 00:00:00+00:00,22.63224983215332,26.42599868774414,20.72599983215332,22.75131607055664,44.63999557495117,11.640000343322754,2021-05-15
2021-05-16 00:00:00+00:00,22.553083419799805,25.825998306274414,20.025999069213867,20.774213790893555,44.63999557495117,9.579999923706055,2021-05-16
2021-05-17 00:00:00+00:00,24.432249069213867,30.17599868774414,20.17599868774414,16.29174041748047,32.76000213623047,22.959999084472656,2021-05-17
2021-05-18 00:00:00+00:00,24.83641815185547,30.47599983215332,20.17599868774414,19.134262084960938,38.880001068115234,24.34000015258789,2021-05-18
2021-05-19 00:00:00+00:00,24.880170822143555,30.72599983215332,20.17599868774414,14.458381652832031,29.8799991607666,24.06999969482422,2021-05-19
2021-05-20 00:00:00+00:00,23.757247924804688,29.275999069213867,20.875999450683594,15.978486061096191,33.839996337890625,19.389999389648438,2021-05-20
2021-05-21 00:00:00+00:00,23.08641815185547,28.875999450683594,20.47599983215332,15.815435409545898,38.519996643066406,17.559999465942383,2021-05-21
2021-05-22 00:00:00+00:00,23.35724639892578,27.775999069213867,20.22599983215332,14.2006196975708,30.96000099182129,14.539999961853027,2021-05-22
2021-05-23 00:00:00+00:00,24.84474754333496,29.275999069213867,20.325998306274414,15.778517723083496,34.20000076293945,21.739999771118164,2021-05-23
2021-05-24 00:00:00+00:00,24.990585327148438,30.275999069213867,20.275999069213867,20.469409942626953,43.560001373291016,22.760000228881836,2021-05-24
2021-05-25 00:00:00+00:00,23.55516815185547,29.325998306274414,20.325998306274414,17.87355613708496,37.07999801635742,18.09000015258789,2021-05-25
2021-05-26 00:00:00+00:00,23.859331130981445,28.575998306274414,19.575998306274414,21.971799850463867,43.560001373291016,18.790000915527344,2021-05-26
2021-05-27 00:00:00+00:00,24.21558380126953,29.825998306274414,18.325998306274414,24.187068939208984,45.71999740600586,22.940000534057617,2021-05-27
2021-05-28 00:00:00+00:00,24.544748306274414,30.575998306274414,18.375999450683594,19.353137969970703,40.31999969482422,25.799999237060547,2021-05-28
2021-05-29 00:00:00+00:00,24.63641929626465,29.67599868774414,20.025999069213867,15.496735572814941,32.39999771118164,21.440000534057617,2021-05-29
2021-05-30 00:00:00+00:00,25.117666244506836,31.025999069213867,20.17599868774414,16.56391143798828,36.71999740600586,24.209999084472656,2021-05-30
2021-05-31 00:00:00+00:00,25.36766815185547,31.625999450683594,20.17599868774414,15.58430004119873,35.279998779296875,24.700000762939453,2021-05-31
2021-06-01 00:00:00+00:00,25.571836471557617,31.47599983215332,20.575998306274414,17.317459106445312,33.119998931884766,21.90999984741211,2021-06-01
2021-06-02 00:00:00+00:00,24.761415481567383,30.775999069213867,21.025999069213867,11.874544143676758,24.119998931884766,19.920000076293945,2021-06-02
2021-06-03 00:00:00+00:00,23.76350212097168,29.275999069213867,21.025999069213867,9.290511131286621,29.51999855041504,17.739999771118164,2021-06-03
2021-06-04 00:00:00+00:00,22.855165481567383,26.275999069213867,20.92599868774414,10.079999923706055,23.03999900817871,12.720000267028809,2021-06-04
2021-06-05 00:00:00+00:00,22.848920822143555,26.875999450683594,20.22599983215332,13.896186828613281,27.719999313354492,15.600000381469727,2021-06-05
2021-06-06 00:00:00+00:00,23.475997924804688,26.97599983215332,19.775999069213867,14.007655143737793,31.319997787475586,20.270000457763672,2021-06-06
2021-06-07 00:00:00+00:00,24.35308265686035,28.92599868774414,19.97599983215332,14.685175895690918,30.599998474121094,24.299999237060547,2021-06-07
2021-06-08 00:00:00+00:00,24.350997924804688,29.47599983215332,19.525999069213867,18.331741333007812,33.839996337890625,25.3700008392334,2021-06-08
2021-06-09 00:00:00+00:00,23.35308265686035,28.275999069213867,19.125999450683594,22.96393585205078,45.71999740600586,20.520000457763672,2021-06-09
2021-06-10 00:00:00+00:00,23.626001358032227,28.125999450683594,19.275999069213867,23.424909591674805,45.0,21.09000015258789,2021-06-10
2021-06-11 00:00:00+00:00,23.605165481567383,28.42599868774414,19.625999450683594,27.511159896850586,51.839996337890625,19.059999465942383,2021-06-11
2021-06-12 00:00:00+00:00,23.128082275390625,27.92599868774414,20.325998306274414,32.11272430419922,64.43999481201172,18.649999618530273,2021-06-12
2021-06-13 00:00:00+00:00,22.517667770385742,25.97599983215332,19.97599983215332,29.598918914794922,61.92000198364258,12.9399995803833,2021-06-13
2021-06-14 00:00:00+00:00,21.409332275390625,24.075998306274414,19.825998306274414,28.410364151000977,58.31999969482422,9.029999732971191,2021-06-14
2021-06-15 00:00:00+00:00,22.63433074951172,26.22599983215332,19.875999450683594,29.834423065185547,54.71999740600586,13.100000381469727,2021-06-15
2021-06-16 00:00:00+00:00,22.759336471557617,26.92599868774414,20.17599868774414,29.49803924560547,62.63999557495117,17.860000610351562,2021-06-16
2021-06-17 00:00:00+00:00,23.330167770385742,27.775999069213867,20.17599868774414,32.73625564575195,60.12000274658203,18.829999923706055,2021-06-17
2021-06-18 00:00:00+00:00,23.240583419799805,27.775999069213867,19.92599868774414,29.957971572875977,63.720001220703125,18.270000457763672,2021-06-18
2021-06-19 00:00:00+00:00,22.753082275390625,26.825998306274414,20.025999069213867,27.248456954956055,51.47999954223633,11.239999771118164,2021-06-19
2021-06-20 00:00:00+00:00,23.53641700744629,28.325998306274414,19.42599868774414,26.400545120239258,52.19999694824219,20.200000762939453,2021-06-20
2021-06-21 00:00:00+00:00,23.68433380126953,28.67599868774414,19.42599868774414,21.349546432495117,43.91999816894531,19.40999984741211,2021-06-21
2021-06-22 00:00:00+00:00,24.35725212097168,29.47599983215332,19.525999069213867,19.969457626342773,39.599998474121094,19.579999923706055,2021-06-22
2021-06-23 00:00:00+00:00,24.738502502441406,29.72599983215332,20.22599983215332,14.458381652832031,32.76000213623047,22.65999984741211,2021-06-23
2021-06-24 00:00:00+00:00,24.267667770385742,29.075998306274414,19.575998306274414,19.386592864990234,42.119998931884766,21.459999084472656,2021-06-24
2021-06-25 00:00:00+00:00,24.72599983215332,30.275999069213867,19.47599983215332,20.83339500427246,41.39999771118164,23.149999618530273,2021-06-25
2021-06-26 00:00:00+00:00,22.788497924804688,27.97599983215332,19.625999450683594,20.150354385375977,50.39999771118164,17.68000030517578,2021-06-26
2021-06-27 00:00:00+00:00,22.128084182739258,24.875999450683594,19.17599868774414,23.188583374023438,46.79999923706055,11.829999923706055,2021-06-27
2021-06-28 00:00:00+00:00,23.9010009765625,28.375999450683594,18.92599868774414,13.797911643981934,30.599998474121094,16.709999084472656,2021-06-28
2021-06-29 00:00:00+00:00,25.459335327148438,29.875999450683594,19.97599983215332,11.50311279296875,24.479999542236328,24.290000915527344,2021-06-29
2021-06-30 00:00:00+00:00,25.815582275390625,30.67599868774414,20.825998306274414,10.82995891571045,24.84000015258789,21.3799991607666,2021-06-30
2021-07-01 00:00:00+00:00,24.26350212097168,30.375999450683594,20.625999450683594,15.629972457885742,30.23999786376953,20.25,2021-07-01
2021-07-02 00:00:00+00:00,23.87183380126953,28.325998306274414,19.97599983215332,17.193532943725586,36.36000061035156,19.719999313354492,2021-07-02
2021-07-03 00:00:00+00:00,23.71974754333496,29.525999069213867,19.875999450683594,12.682018280029297,29.15999984741211,20.040000915527344,2021-07-03
2021-07-04 00:00:00+00:00,23.351003646850586,28.67599868774414,20.42599868774414,14.399999618530273,30.96000099182129,15.619999885559082,2021-07-04
2021-07-05 00:00:00+00:00,23.632247924804688,28.775999069213867,19.825998306274414,15.273505210876465,31.319997787475586,16.079999923706055,2021-07-05
2021-07-06 00:00:00+00:00,23.882247924804688,28.575998306274414,19.875999450683594,10.464797019958496,24.479999542236328,21.299999237060547,2021-07-06
2021-07-07 00:00:00+00:00,23.519746780395508,28.17599868774414,20.325998306274414,13.783817291259766,24.84000015258789,18.979999542236328,2021-07-07
2021-07-08 00:00:00+00:00,23.6822509765625,28.72599983215332,20.275999069213867,15.683775901794434,29.15999984741211,14.75,2021-07-08
2021-07-09 00:00:00+00:00,22.41975212097168,27.525999069213867,19.97599983215332,15.844090461730957,38.15999984741211,14.069999694824219,2021-07-09
2021-07-10 00:00:00+00:00,21.89058494567871,26.125999450683594,19.625999450683594,23.993398666381836,47.15999984741211,11.930000305175781,2021-07-10
2021-07-11 00:00:00+00:00,22.294748306274414,26.625999450683594,19.775999069213867,30.633865356445312,55.439998626708984,13.59000015258789,2021-07-11
2021-07-12 00:00:00+00:00,22.7780818939209,27.42599868774414,20.025999069213867,29.52219581604004,65.87999725341797,12.859999656677246,2021-07-12
2021-07-13 00:00:00+00:00,21.967666625976562,26.125999450683594,19.875999450683594,30.926488876342773,67.67999267578125,14.970000267028809,2021-07-13
2021-07-14 00:00:00+00:00,21.209333419799805,23.47599983215332,19.275999069213867,20.721118927001953,52.91999816894531,9.260000228881836,2021-07-14
2021-07-15 00:00:00+00:00,20.542667388916016,23.125999450683594,19.125999450683594,25.14851951599121,45.71999740600586,7.840000152587891,2021-07-15
2021-07-16 00:00:00+00:00,21.290586471557617,23.525999069213867,19.92599868774414,22.972400665283203,45.71999740600586,8.789999961853027,2021-07-16
2021-07-17 00:00:00+00:00,22.063499450683594,25.92599868774414,20.025999069213867,18.792551040649414,36.71999740600586,14.569999694824219,2021-07-17
2021-07-18 00:00:00+00:00,20.792665481567383,22.42599868774414,19.775999069213867,23.87155532836914,44.279998779296875,6.340000152587891,2021-07-18
2021-07-19 00:00:00+00:00,22.58641815185547,26.825998306274414,19.17599868774414,28.476430892944336,52.19999694824219,19.079999923706055,2021-07-19
2021-07-20 00:00:00+00:00,22.54266929626465,26.525999069213867,19.47599983215332,28.001426696777344,56.519996643066406,17.239999771118164,2021-07-20
2021-07-21 00:00:00+00:00,22.178083419799805,25.17599868774414,20.575998306274414,29.239891052246094,66.95999908447266,12.079999923706055,2021-07-21
2021-07-22 00:00:00+00:00,20.928083419799805,23.22599983215332,19.375999450683594,33.82659149169922,74.52000427246094,8.9399995803833,2021-07-22
2021-07-23 00:00:00+00:00,21.94474983215332,25.42599868774414,19.92599868774414,28.59451675415039,63.36000061035156,16.229999542236328,2021-07-23
2021-07-24 00:00:00+00:00,22.719751358032227,27.525999069213867,19.72599983215332,24.122682571411133,50.03999710083008,18.239999771118164,2021-07-24
2021-07-25 00:00:00+00:00,23.10516357421875,27.625999450683594,19.875999450683594,24.251283645629883,45.0,18.299999237060547,2021-07-25
2021-07-26 00:00:00+00:00,22.657249450683594,26.72599983215332,19.17599868774414,26.302181243896484,60.12000274658203,14.970000267028809,2021-07-26
2021-07-27 00:00:00+00:00,22.942663192749023,27.375999450683594,19.125999450683594,26.478973388671875,50.39999771118164,17.90999984741211,2021-07-27
2021-07-28 00:00:00+00:00,23.07808494567871,27.92599868774414,19.525999069213867,27.059932708740234,52.560001373291016,20.030000686645508,2021-07-28
2021-07-29 00:00:00+00:00,22.655166625976562,26.825998306274414,19.42599868774414,26.758922576904297,50.39999771118164,16.110000610351562,2021-07-29
2021-07-30 00:00:00+00:00,22.967668533325195,27.42599868774414,19.17599868774414,27.059932708740234,54.71999740600586,18.219999313354492,2021-07-30
2021-07-31 00:00:00+00:00,23.2447509765625,28.275999069213867,19.42599868774414,28.174455642700195,57.959999084472656,20.68000030517578,2021-07-31
2021-08-01 00:00:00+00:00,22.892667770385742,27.775999069213867,18.72599983215332,27.834308624267578,51.839996337890625,18.729999542236328,2021-08-01
2021-08-02 00:00:00+00:00,23.015579223632812,27.525999069213867,18.825998306274414,27.741029739379883,51.119998931884766,19.270000457763672,2021-08-02
2021-08-03 00:00:00+00:00,23.061416625976562,28.125999450683594,19.575998306274414,25.455842971801758,47.15999984741211,19.040000915527344,2021-08-03
2021-08-04 00:00:00+00:00,23.080169677734375,27.525999069213867,19.17599868774414,27.343414306640625,52.19999694824219,18.84000015258789,2021-08-04
2021-08-05 00:00:00+00:00,22.957252502441406,27.825998306274414,19.825998306274414,25.006397247314453,47.15999984741211,18.270000457763672,2021-08-05
2021-08-06 00:00:00+00:00,23.409332275390625,27.97599983215332,20.025999069213867,26.400545120239258,50.7599983215332,19.459999084472656,2021-08-06
2021-08-07 00:00:00+00:00,22.953081130981445,27.92599868774414,19.72599983215332,20.721118927001953,42.839996337890625,19.6299991607666,2021-08-07
2021-08-08 00:00:00+00:00,23.6510009765625,28.325998306274414,20.275999069213867,15.119998931884766,30.23999786376953,18.760000228881836,2021-08-08
2021-08-09 00:00:00+00:00,23.536420822143555,28.17599868774414,20.075998306274414,14.044614791870117,26.639999389648438,18.610000610351562,2021-08-09
2021-08-10 00:00:00+00:00,22.85725212097168,27.72599983215332,19.67599868774414,18.043148040771484,36.36000061035156,16.40999984741211,2021-08-10
2021-08-11 00:00:00+00:00,23.194747924804688,27.775999069213867,19.72599983215332,20.377399444580078,39.23999786376953,19.6299991607666,2021-08-11
2021-08-12 00:00:00+00:00,22.37183380126953,26.575998306274414,19.575998306274414,21.734580993652344,40.68000030517578,16.8700008392334,2021-08-12
2021-08-13 00:00:00+00:00,22.538497924804688,28.025999069213867,19.125999450683594,21.63896369934082,40.68000030517578,17.950000762939453,2021-08-13
2021-08-14 00:00:00+00:00,22.30516815185547,27.025999069213867,18.67599868774414,21.5308895111084,40.31999969482422,16.540000915527344,2021-08-14
2021-08-15 00:00:00+00:00,22.694747924804688,26.625999450683594,19.22599983215332,22.55105972290039,43.560001373291016,17.959999084472656,2021-08-15
2021-08-16 00:00:00+00:00,22.55933380126953,26.575998306274414,19.42599868774414,19.191747665405273,37.07999801635742,15.380000114440918,2021-08-16
2021-08-17 00:00:00+00:00,22.01558494567871,25.325998306274414,19.525999069213867,16.263872146606445,34.91999816894531,10.970000267028809,2021-08-17
2021-08-18 00:00:00+00:00,22.707250595092773,27.42599868774414,19.775999069213867,20.00835609436035,41.03999710083008,16.950000762939453,2021-08-18
2021-08-19 00:00:00+00:00,22.611419677734375,26.275999069213867,18.97599983215332,23.04281234741211,43.19999694824219,13.779999732971191,2021-08-19
2021-08-20 00:00:00+00:00,23.21141815185547,28.22599983215332,19.125999450683594,13.358860969543457,30.23999786376953,19.950000762939453,2021-08-20
2021-08-21 00:00:00+00:00,22.46558380126953,26.775999069213867,19.625999450683594,8.55710220336914,20.880001068115234,14.430000305175781,2021-08-21
2021-08-22 00:00:00+00:00,22.269750595092773,27.22599983215332,19.22599983215332,6.369049549102783,20.51999855041504,18.59000015258789,2021-08-22
2021-08-23 00:00:00+00:00,22.18016242980957,26.875999450683594,18.875999450683594,12.599998474121094,21.959999084472656,16.719999313354492,2021-08-23
2021-08-24 00:00:00+00:00,23.2135009765625,27.775999069213867,19.025999069213867,10.002559661865234,23.759998321533203,22.639999389648438,2021-08-24
2021-08-25 00:00:00+00:00,23.030168533325195,27.325998306274414,19.875999450683594,13.281023025512695,24.119998931884766,18.649999618530273,2021-08-25
2021-08-26 00:00:00+00:00,23.244749069213867,27.875999450683594,20.275999069213867,15.175612449645996,32.03999710083008,21.43000030517578,2021-08-26
2021-08-27 00:00:00+00:00,22.5885009765625,26.72599983215332,20.42599868774414,13.698933601379395,28.440000534057617,16.3799991607666,2021-08-27
2021-08-28 00:00:00+00:00,21.66558265686035,24.67599868774414,19.875999450683594,19.523155212402344,38.15999984741211,10.3100004196167,2021-08-28
2021-08-29 00:00:00+00:00,21.46558380126953,25.17599868774414,19.42599868774414,22.461807250976562,41.39999771118164,11.609999656677246,2021-08-29
2021-08-30 00:00:00+00:00,22.350997924804688,26.42599868774414,19.325998306274414,23.051246643066406,55.07999801635742,18.530000686645508,2021-08-30
2021-08-31 00:00:00+00:00,22.959333419799805,27.92599868774414,19.125999450683594,17.873554229736328,35.63999938964844,19.170000076293945,2021-08-31
2021-09-01 00:00:00+00:00,23.16349983215332,27.575998306274414,19.575998306274414,13.684735298156738,27.35999870300293,20.579999923706055,2021-09-01
2021-09-02 00:00:00+00:00,22.311416625976562,27.375999450683594,19.67599868774414,13.319999694824219,28.799999237060547,16.690000534057617,2021-09-02
2021-09-03 00:00:00+00:00,21.511415481567383,25.325998306274414,19.525999069213867,14.869351387023926,33.47999954223633,11.199999809265137,2021-09-03
2021-09-04 00:00:00+00:00,21.430166244506836,24.72599983215332,19.67599868774414,23.26669692993164,44.63999557495117,11.369999885559082,2021-09-04
2021-09-05 00:00:00+00:00,21.534334182739258,25.525999069213867,19.375999450683594,22.505037307739258,49.31999969482422,12.569999694824219,2021-09-05
2021-09-06 00:00:00+00:00,21.575998306274414,24.47599983215332,19.47599983215332,22.96393585205078,51.839996337890625,10.210000038146973,2021-09-06
2021-09-07 00:00:00+00:00,22.0260009765625,25.575998306274414,19.075998306274414,28.137632369995117,60.12000274658203,17.020000457763672,2021-09-07
2021-09-08 00:00:00+00:00,22.46974754333496,27.325998306274414,19.075998306274414,24.482646942138672,47.15999984741211,19.1200008392334,2021-09-08
2021-09-09 00:00:00+00:00,23.01350212097168,27.47599983215332,19.075998306274414,24.1307430267334,44.63999557495117,18.670000076293945,2021-09-09
2021-09-10 00:00:00+00:00,22.794748306274414,27.375999450683594,18.775999069213867,23.749088287353516,43.560001373291016,17.280000686645508,2021-09-10
2021-09-11 00:00:00+00:00,22.434335708618164,27.125999450683594,19.525999069213867,23.838960647583008,44.63999557495117,16.75,2021-09-11
2021-09-12 00:00:00+00:00,22.286415100097656,25.525999069213867,19.875999450683594,25.516864776611328,53.279998779296875,15.069999694824219,2021-09-12
2021-09-13 00:00:00+00:00,23.080167770385742,27.22599983215332,20.17599868774414,29.96661949157715,55.07999801635742,17.280000686645508,2021-09-13
2021-09-14 00:00:00+00:00,23.10725212097168,28.025999069213867,19.22599983215332,23.34454917907715,46.439998626708984,19.829999923706055,2021-09-14
2021-09-15 00:00:00+00:00,22.96766471862793,28.125999450683594,19.375999450683594,18.67147445678711,36.71999740600586,20.510000228881836,2021-09-15
2021-09-16 00:00:00+00:00,23.28641700744629,27.72599983215332,19.325998306274414,18.0,35.63999938964844,20.799999237060547,2021-09-16
2021-09-17 00:00:00+00:00,23.70100212097168,28.575998306274414,19.125999450683594,14.044614791870117,29.51999855041504,23.889999389648438,2021-09-17
2021-09-18 00:00:00+00:00,23.863500595092773,28.325998306274414,19.625999450683594,9.885261535644531,23.759998321533203,23.860000610351562,2021-09-18
2021-09-19 00:00:00+00:00,24.140581130981445,28.92599868774414,20.17599868774414,16.279802322387695,31.319997787475586,21.950000762939453,2021-09-19
2021-09-20 00:00:00+00:00,23.842666625976562,27.92599868774414,20.275999069213867,9.793059349060059,23.399999618530273,20.360000610351562,2021-09-20
2021-09-21 00:00:00+00:00,23.63433265686035,28.375999450683594,19.72599983215332,15.827720642089844,33.839996337890625,21.889999389648438,2021-09-21
2021-09-22 00:00:00+00:00,23.373916625976562,27.92599868774414,19.625999450683594,17.906156539916992,36.0,17.15999984741211,2021-09-22
2021-09-23 00:00:00+00:00,23.507253646850586,28.525999069213867,19.97599983215332,18.356470108032227,36.0,20.280000686645508,2021-09-23
2021-09-24 00:00:00+00:00,23.313499450683594,28.17599868774414,19.875999450683594,17.102840423583984,33.47999954223633,18.799999237060547,2021-09-24
2021-09-25 00:00:00+00:00,22.907251358032227,27.575998306274414,19.67599868774414,14.489720344543457,30.96000099182129,18.610000610351562,2021-09-25
2021-09-26 00:00:00+00:00,23.057252883911133,27.625999450683594,19.575998306274414,17.848159790039062,33.839996337890625,18.479999542236328,2021-09-26
2021-09-27 00:00:00+00:00,21.986413955688477,26.72599983215332,19.025999069213867,24.291330337524414,45.36000061035156,18.1299991607666,2021-09-27
2021-09-28 00:00:00+00:00,22.473915100097656,26.97599983215332,18.775999069213867,24.387176513671875,45.36000061035156,19.040000915527344,2021-09-28
2021-09-29 00:00:00+00:00,22.798917770385742,27.47599983215332,18.92599868774414,20.59879493713379,39.23999786376953,17.65999984741211,2021-09-29
2021-09-30 00:00:00+00:00,22.688501358032227,26.47599983215332,19.42599868774414,10.002559661865234,21.599998474121094,16.350000381469727,2021-09-30
2021-10-01 00:00:00+00:00,23.05516815185547,27.72599983215332,19.775999069213867,13.217443466186523,33.839996337890625,18.799999237060547,2021-10-01
2021-10-02 00:00:00+00:00,23.109331130981445,27.92599868774414,20.22599983215332,13.755579948425293,28.440000534057617,18.809999465942383,2021-10-02
2021-10-03 00:00:00+00:00,23.388498306274414,28.22599983215332,19.72599983215332,13.319999694824219,28.799999237060547,19.309999465942383,2021-10-03
2021-10-04 00:00:00+00:00,23.698915481567383,28.375999450683594,20.025999069213867,15.51762866973877,31.68000030517578,22.530000686645508,2021-10-04
2021-10-05 00:00:00+00:00,22.98433494567871,28.275999069213867,19.825998306274414,12.303365707397461,30.96000099182129,18.540000915527344,2021-10-05
2021-10-06 00:00:00+00:00,21.555166244506836,23.825998306274414,19.47599983215332,13.55150032043457,34.20000076293945,8.550000190734863,2021-10-06
2021-10-07 00:00:00+00:00,23.248918533325195,27.575998306274414,19.97599983215332,11.44097900390625,25.559999465942383,17.799999237060547,2021-10-07
2021-10-08 00:00:00+00:00,22.513498306274414,26.42599868774414,19.875999450683594,14.241629600524902,28.079999923706055,15.960000038146973,2021-10-08
2021-10-09 00:00:00+00:00,21.92183494567871,25.525999069213867,19.575998306274414,15.484185218811035,37.439998626708984,15.079999923706055,2021-10-09
2021-10-10 00:00:00+00:00,22.205167770385742,26.97599983215332,19.525999069213867,15.188416481018066,30.96000099182129,17.8799991607666,2021-10-10
2021-10-11 00:00:00+00:00,22.203081130981445,26.025999069213867,19.92599868774414,13.049689292907715,28.079999923706055,14.649999618530273,2021-10-11
2021-10-12 00:00:00+00:00,21.178083419799805,24.575998306274414,19.525999069213867,11.841755867004395,25.19999885559082,9.09000015258789,2021-10-12
2021-10-13 00:00:00+00:00,21.64058494567871,25.575998306274414,19.125999450683594,17.41447639465332,34.20000076293945,13.9399995803833,2021-10-13
2021-10-14 00:00:00+00:00,22.144750595092773,26.92599868774414,19.025999069213867,11.01388168334961,25.559999465942383,18.309999465942383,2021-10-14
2021-10-15 00:00:00+00:00,22.35516929626465,27.275999069213867,19.375999450683594,6.792466163635254,21.599998474121094,17.329999923706055,2021-10-15
2021-10-16 00:00:00+00:00,22.5572509765625,27.67599868774414,19.97599983215332,10.028438568115234,22.68000030517578,17.110000610351562,2021-10-16
2021-10-17 00:00:00+00:00,22.7760009765625,27.375999450683594,19.72599983215332,13.441070556640625,25.19999885559082,18.739999771118164,2021-10-17
2021-10-18 00:00:00+00:00,22.39891242980957,26.825998306274414,19.625999450683594,17.55161476135254,33.839996337890625,17.670000076293945,2021-10-18
2021-10-19 00:00:00+00:00,23.032249450683594,26.775999069213867,20.325998306274414,11.480557441711426,25.559999465942383,20.270000457763672,2021-10-19
2021-10-20 00:00:00+00:00,23.00724983215332,28.125999450683594,19.275999069213867,11.090103149414062,26.639999389648438,16.6200008392334,2021-10-20
2021-10-21 00:00:00+00:00,22.44891929626465,28.125999450683594,18.075998306274414,11.983187675476074,24.84000015258789,19.65999984741211,2021-10-21
2021-10-22 00:00:00+00:00,22.813501358032227,27.72599983215332,18.775999069213867,11.792404174804688,23.03999900817871,18.760000228881836,2021-10-22
2021-10-23 00:00:00+00:00,21.928083419799805,27.47599983215332,17.875999450683594,9.686609268188477,27.719999313354492,17.760000228881836,2021-10-23
2021-10-24 00:00:00+00:00,21.292667388916016,26.42599868774414,18.025999069213867,14.618837356567383,25.19999885559082,16.719999313354492,2021-10-24
2021-10-25 00:00:00+00:00,22.176000595092773,26.825998306274414,17.875999450683594,14.777549743652344,29.51999855041504,19.719999313354492,2021-10-25
2021-10-26 00:00:00+00:00,22.182249069213867,26.375999450683594,18.125999450683594,14.241629600524902,29.15999984741211,19.579999923706055,2021-10-26
2021-10-27 00:00:00+00:00,21.753082275390625,26.825998306274414,17.22599983215332,17.57744026184082,34.20000076293945,18.940000534057617,2021-10-27
2021-10-28 00:00:00+00:00,22.01558494567871,26.875999450683594,17.67599868774414,16.087610244750977,32.03999710083008,19.540000915527344,2021-10-28
2021-10-29 00:00:00+00:00,21.501001358032227,25.97599983215332,18.67599868774414,22.32290267944336,39.959999084472656,15.720000267028809,2021-10-29
2021-10-30 00:00:00+00:00,22.29683494567871,27.375999450683594,19.22599983215332,17.377225875854492,32.76000213623047,16.0,2021-10-30
2021-10-31 00:00:00+00:00,21.93433380126953,27.275999069213867,19.72599983215332,18.5146427154541,42.47999954223633,17.850000381469727,2021-10-31
2021-11-01 00:00:00+00:00,21.063501358032227,23.875999450683594,18.775999069213867,20.730501174926758,39.959999084472656,10.229999542236328,2021-11-01
2021-11-02 00:00:00+00:00,21.75724983215332,25.525999069213867,19.22599983215332,23.93390655517578,43.19999694824219,15.869999885559082,2021-11-02
2021-11-03 00:00:00+00:00,21.544748306274414,25.575998306274414,19.42599868774414,18.486621856689453,35.279998779296875,14.029999732971191,2021-11-03
2021-11-04 00:00:00+00:00,21.771833419799805,26.625999450683594,18.47599983215332,13.627795219421387,27.35999870300293,15.25,2021-11-04
2021-11-05 00:00:00+00:00,21.271833419799805,25.775999069213867,18.47599983215332,10.086426734924316,24.479999542236328,12.0,2021-11-05
2021-11-06 00:00:00+00:00,21.971832275390625,26.325998306274414,18.875999450683594,13.60876178741455,27.35999870300293,15.989999771118164,2021-11-06
2021-11-07 00:00:00+00:00,21.29891586303711,24.075998306274414,19.125999450683594,19.959720611572266,36.71999740600586,13.489999771118164,2021-11-07
2021-11-08 00:00:00+00:00,20.511417388916016,24.325998306274414,18.325998306274414,17.0762996673584,31.319997787475586,10.619999885559082,2021-11-08
2021-11-09 00:00:00+00:00,20.211416244506836,23.775999069213867,17.17599868774414,15.273505210876465,29.51999855041504,11.640000343322754,2021-11-09
2021-11-10 00:00:00+00:00,19.69266700744629,22.325998306274414,17.47599983215332,15.315873146057129,29.51999855041504,8.199999809265137,2021-11-10
2021-11-11 00:00:00+00:00,17.938501358032227,19.125999450683594,17.17599868774414,23.210927963256836,41.39999771118164,4.670000076293945,2021-11-11
2021-11-12 00:00:00+00:00,20.1843318939209,23.575998306274414,17.97599983215332,16.919998168945312,33.119998931884766,7.820000171661377,2021-11-12
2021-11-13 00:00:00+00:00,21.44683074951172,25.575998306274414,18.97599983215332,8.287821769714355,18.35999870300293,12.6899995803833,2021-11-13
2021-11-14 00:00:00+00:00,21.22599983215332,25.625999450683594,18.97599983215332,8.404285430908203,20.880001068115234,13.1899995803833,2021-11-14
2021-11-15 00:00:00+00:00,21.832246780395508,26.275999069213867,19.525999069213867,10.948972702026367,24.119998931884766,15.130000114440918,2021-11-15
2021-11-16 00:00:00+00:00,21.521835327148438,25.67599868774414,19.22599983215332,14.825706481933594,29.15999984741211,12.510000228881836,2021-11-16
2021-11-17 00:00:00+00:00,21.688499450683594,26.525999069213867,19.42599868774414,13.722564697265625,27.35999870300293,14.369999885559082,2021-11-17
2021-11-18 00:00:00+00:00,20.05516815185547,21.125999450683594,19.42599868774414,20.08270835876465,35.279998779296875,2.930000066757202,2021-11-18
2021-11-19 00:00:00+00:00,20.59058380126953,22.42599868774414,19.17599868774414,16.422470092773438,29.8799991607666,5.519999980926514,2021-11-19
2021-11-20 00:00:00+00:00,21.192668914794922,24.825998306274414,19.42599868774414,14.113652229309082,28.079999923706055,12.140000343322754,2021-11-20
2021-11-21 00:00:00+00:00,21.75516700744629,26.625999450683594,18.42599868774414,9.605998039245605,20.51999855041504,16.540000915527344,2021-11-21
2021-11-22 00:00:00+00:00,21.7135009765625,26.375999450683594,18.625999450683594,17.33989715576172,32.39999771118164,16.260000228881836,2021-11-22
2021-11-23 00:00:00+00:00,22.298917770385742,26.97599983215332,19.17599868774414,13.202726364135742,28.799999237060547,17.969999313354492,2021-11-23
2021-11-24 00:00:00+00:00,21.557249069213867,26.525999069213867,18.625999450683594,21.28875732421875,41.39999771118164,19.09000015258789,2021-11-24
2021-11-25 00:00:00+00:00,21.813501358032227,26.17599868774414,18.325998306274414,21.734580993652344,40.68000030517578,16.639999389648438,2021-11-25
2021-11-26 00:00:00+00:00,21.492666244506836,25.47599983215332,17.97599983215332,22.87062644958496,41.03999710083008,12.84000015258789,2021-11-26
2021-11-27 00:00:00+00:00,20.011417388916016,21.67599868774414,18.575998306274414,22.183128356933594,39.959999084472656,7.230000019073486,2021-11-27
2021-11-28 00:00:00+00:00,20.88224983215332,23.875999450683594,19.42599868774414,17.78268814086914,34.91999816894531,9.569999694824219,2021-11-28
2021-11-29 00:00:00+00:00,21.1197509765625,24.075998306274414,19.325998306274414,26.042211532592773,45.36000061035156,12.520000457763672,2021-11-29
2021-11-30 00:00:00+00:00,21.21558380126953,24.97599983215332,18.575998306274414,22.197729110717773,40.31999969482422,16.280000686645508,2021-11-30
2021-12-01 00:00:00+00:00,21.548917770385742,25.47599983215332,18.775999069213867,19.130874633789062,34.91999816894531,14.640000343322754,2021-12-01
2021-12-02 00:00:00+00:00,21.551000595092773,25.875999450683594,18.47599983215332,13.441070556640625,22.68000030517578,15.260000228881836,2021-12-02
2021-12-03 00:00:00+00:00,21.511415481567383,26.375999450683594,18.22599983215332,8.90590763092041,17.639999389648438,15.850000381469727,2021-12-03
2021-12-04 00:00:00+00:00,21.332250595092773,25.075998306274414,17.825998306274414,6.6380720138549805,18.0,14.149999618530273,2021-12-04
2021-12-05 00:00:00+00:00,21.592666625976562,26.67599868774414,18.125999450683594,7.895416259765625,17.639999389648438,17.549999237060547,2021-12-05
2021-12-06 00:00:00+00:00,21.66558265686035,25.775999069213867,18.125999450683594,12.096214294433594,25.19999885559082,16.5,2021-12-06
2021-12-07 00:00:00+00:00,21.45308494567871,26.575998306274414,17.275999069213867,13.089353561401367,27.0,17.079999923706055,2021-12-07
2021-12-08 00:00:00+00:00,21.72599983215332,26.825998306274414,17.375999450683594,15.294703483581543,30.599998474121094,19.270000457763672,2021-12-08
2021-12-09 00:00:00+00:00,21.8697509765625,26.625999450683594,18.125999450683594,14.145755767822266,28.079999923706055,17.579999923706055,2021-12-09
2021-12-10 00:00:00+00:00,21.1843318939209,26.075998306274414,17.72599983215332,17.10662841796875,33.839996337890625,20.399999618530273,2021-12-10
2021-12-11 00:00:00+00:00,21.117666244506836,25.375999450683594,18.17599868774414,19.839235305786133,37.439998626708984,14.520000457763672,2021-12-11
2021-12-12 00:00:00+00:00,21.017667770385742,25.17599868774414,17.17599868774414,22.53093719482422,42.119998931884766,15.619999885559082,2021-12-12
2021-12-13 00:00:00+00:00,20.678083419799805,25.075998306274414,18.22599983215332,18.12913703918457,36.36000061035156,14.470000267028809,2021-12-13
2021-12-14 00:00:00+00:00,20.701000213623047,24.97599983215332,17.525999069213867,19.602651596069336,36.36000061035156,14.90999984741211,2021-12-14
2021-12-15 00:00:00+00:00,20.426000595092773,25.325998306274414,17.325998306274414,16.071491241455078,31.68000030517578,16.079999923706055,2021-12-15
2021-12-16 00:00:00+00:00,20.713499069213867,25.625999450683594,16.92599868774414,14.021525382995605,29.15999984741211,16.25,2021-12-16
2021-12-17 00:00:00+00:00,20.294748306274414,25.775999069213867,16.025999069213867,13.661038398742676,25.559999465942383,19.6200008392334,2021-12-17
2021-12-18 00:00:00+00:00,19.51558494567871,25.325998306274414,14.47599983215332,13.10419750213623,27.35999870300293,21.15999984741211,2021-12-18
2021-12-19 00:00:00+00:00,18.292665481567383,24.17599868774414,13.526000022888184,15.978484153747559,31.68000030517578,21.739999771118164,2021-12-19
2021-12-20 00:00:00+00:00,18.49266815185547,24.42599868774414,13.22599983215332,13.797911643981934,28.440000534057617,21.329999923706055,2021-12-20
2021-12-21 00:00:00+00:00,18.94058609008789,24.92599868774414,13.87600040435791,10.446206092834473,20.15999984741211,20.979999542236328,2021-12-21
2021-12-22 00:00:00+00:00,19.269750595092773,25.525999069213867,13.826000213623047,11.01388168334961,18.35999870300293,21.09000015258789,2021-12-22
2021-12-23 00:00:00+00:00,19.448917388916016,26.22599983215332,13.776000022888184,11.525623321533203,19.799999237060547,20.959999084472656,2021-12-23
2021-12-24 00:00:00+00:00,19.463502883911133,26.625999450683594,13.175999641418457,11.753876686096191,23.399999618530273,21.299999237060547,2021-12-24
2021-12-25 00:00:00+00:00,20.088499069213867,27.67599868774414,13.026000022888184,11.874544143676758,21.599998474121094,21.34000015258789,2021-12-25
2021-12-26 00:00:00+00:00,20.605167388916016,27.72599983215332,14.526000022888184,13.3637113571167,23.759998321533203,21.200000762939453,2021-12-26
2021-12-27 00:00:00+00:00,19.788497924804688,26.075998306274414,15.47599983215332,14.75999927520752,28.440000534057617,20.6200008392334,2021-12-27
2021-12-28 00:00:00+00:00,20.511415481567383,26.075998306274414,16.075998306274414,16.981164932250977,30.599998474121094,19.770000457763672,2021-12-28
2021-12-29 00:00:00+00:00,20.642663955688477,26.125999450683594,16.47599983215332,18.014392852783203,31.319997787475586,19.479999542236328,2021-12-29
2021-12-30 00:00:00+00:00,20.392667770385742,26.025999069213867,15.22599983215332,19.799999237060547,36.71999740600586,17.299999237060547,2021-12-30
2021-12-31 00:00:00+00:00,20.846834182739258,26.17599868774414,18.22599983215332,24.993438720703125,45.0,16.020000457763672,2021-12-31
2022-01-01 00:00:00+00:00,20.5280818939209,25.875999450683594,16.42599868774414,22.10118293762207,40.31999969482422,15.25,2022-01-01
2022-01-02 00:00:00+00:00,20.705167770385742,27.025999069213867,15.826000213623047,18.782203674316406,37.07999801635742,19.520000457763672,2022-01-02
2022-01-03 00:00:00+00:00,20.417665481567383,26.92599868774414,15.62600040435791,16.235960006713867,30.599998474121094,18.280000686645508,2022-01-03
2022-01-04 00:00:00+00:00,20.311418533325195,26.47599983215332,15.72599983215332,16.215991973876953,31.319997787475586,20.920000076293945,2022-01-04
2022-01-05 00:00:00+00:00,20.38433265686035,26.42599868774414,14.826000213623047,15.542661666870117,28.079999923706055,21.3700008392334,2022-01-05
2022-01-06 00:00:00+00:00,21.080167770385742,26.97599983215332,17.17599868774414,17.1746768951416,30.96000099182129,20.649999618530273,2022-01-06
2022-01-07 00:00:00+00:00,21.453081130981445,26.325998306274414,17.775999069213867,17.287498474121094,32.39999771118164,16.549999237060547,2022-01-07
2022-01-08 00:00:00+00:00,21.53641700744629,26.97599983215332,17.125999450683594,13.708391189575195,24.479999542236328,16.440000534057617,2022-01-08
2022-01-09 00:00:00+00:00,21.40308380126953,27.025999069213867,17.075998306274414,12.889809608459473,24.84000015258789,17.469999313354492,2022-01-09
2022-01-10 00:00:00+00:00,21.50724983215332,27.025999069213867,16.775999069213867,16.17998695373535,27.0,19.65999984741211,2022-01-10
2022-01-11 00:00:00+00:00,21.755165100097656,27.92599868774414,16.275999069213867,12.594856262207031,23.399999618530273,20.389999389648438,2022-01-11
2022-01-12 00:00:00+00:00,21.79266929626465,27.125999450683594,17.625999450683594,12.979984283447266,27.35999870300293,19.010000228881836,2022-01-12
2022-01-13 00:00:00+00:00,21.4635009765625,27.375999450683594,17.075998306274414,14.693999290466309,30.96000099182129,21.290000915527344,2022-01-13
2022-01-14 00:00:00+00:00,21.434335708618164,27.325998306274414,16.17599868774414,13.044721603393555,28.799999237060547,21.100000381469727,2022-01-14
2022-01-15 00:00:00+00:00,22.061416625976562,28.22599983215332,16.625999450683594,16.62248992919922,28.440000534057617,21.75,2022-01-15
2022-01-16 00:00:00+00:00,21.60308265686035,27.025999069213867,17.625999450683594,19.493261337280273,34.91999816894531,19.709999084472656,2022-01-16
2022-01-17 00:00:00+00:00,20.817668914794922,26.825998306274414,16.42599868774414,17.280000686645508,33.47999954223633,19.440000534057617,2022-01-17
2022-01-18 00:00:00+00:00,21.23641586303711,27.275999069213867,16.025999069213867,14.685175895690918,28.440000534057617,18.850000381469727,2022-01-18
2022-01-19 00:00:00+00:00,20.532251358032227,27.125999450683594,13.97599983215332,12.218805313110352,27.35999870300293,22.09000015258789,2022-01-19
2022-01-20 00:00:00+00:00,20.81974983215332,28.22599983215332,13.776000022888184,12.964998245239258,28.440000534057617,22.280000686645508,2022-01-20
2022-01-21 00:00:00+00:00,22.0885009765625,30.17599868774414,15.22599983215332,18.0,36.71999740600586,22.510000228881836,2022-01-21
2022-01-22 00:00:00+00:00,21.455163955688477,29.17599868774414,14.425999641418457,12.53813362121582,27.0,22.15999984741211,2022-01-22
2022-01-23 00:00:00+00:00,21.16141700744629,28.525999069213867,13.776000022888184,12.904882431030273,28.079999923706055,22.59000015258789,2022-01-23
2022-01-24 00:00:00+00:00,20.96558380126953,27.525999069213867,13.87600040435791,13.237037658691406,27.719999313354492,22.59000015258789,2022-01-24
2022-01-25 00:00:00+00:00,21.119752883911133,27.625999450683594,14.62600040435791,14.168641090393066,28.799999237060547,19.75,2022-01-25
2022-01-26 00:00:00+00:00,22.000999450683594,27.42599868774414,17.67599868774414,12.979984283447266,24.84000015258789,20.020000457763672,2022-01-26
2022-01-27 00:00:00+00:00,21.046833038330078,25.22599983215332,17.42599868774414,16.595178604125977,28.440000534057617,14.880000114440918,2022-01-27
2022-01-28 00:00:00+00:00,20.92183494567871,26.625999450683594,16.775999069213867,23.979890823364258,45.36000061035156,19.079999923706055,2022-01-28
2022-01-29 00:00:00+00:00,21.44266700744629,27.875999450683594,15.97599983215332,19.296133041381836,37.79999923706055,18.09000015258789,2022-01-29
2022-01-30 00:00:00+00:00,22.125999450683594,28.17599868774414,17.125999450683594,11.770402908325195,20.51999855041504,16.959999084472656,2022-01-30
2022-01-31 00:00:00+00:00,23.532249450683594,29.67599868774414,18.325998306274414,15.546833038330078,26.280000686645508,21.559999465942383,2022-01-31
2022-02-01 00:00:00+00:00,22.86766815185547,29.47599983215332,16.97599983215332,10.137691497802734,23.399999618530273,22.719999313354492,2022-02-01
2022-02-02 00:00:00+00:00,22.66141700744629,29.875999450683594,16.72599983215332,13.661038398742676,22.68000030517578,23.0,2022-02-02
2022-02-03 00:00:00+00:00,22.575998306274414,29.025999069213867,16.775999069213867,13.479582786560059,29.15999984741211,22.229999542236328,2022-02-03
2022-02-04 00:00:00+00:00,22.0593318939209,29.42599868774414,15.526000022888184,12.31389331817627,27.719999313354492,24.079999923706055,2022-02-04
2022-02-05 00:00:00+00:00,22.734331130981445,29.67599868774414,16.17599868774414,15.89309310913086,27.0,23.489999771118164,2022-02-05
2022-02-06 00:00:00+00:00,22.60308265686035,28.275999069213867,18.47599983215332,15.946009635925293,30.23999786376953,20.350000381469727,2022-02-06
2022-02-07 00:00:00+00:00,22.757247924804688,29.025999069213867,16.325998306274414,13.684735298156738,24.119998931884766,20.149999618530273,2022-02-07
2022-02-08 00:00:00+00:00,22.242666244506836,28.825998306274414,16.125999450683594,17.581125259399414,29.51999855041504,22.6200008392334,2022-02-08
2022-02-09 00:00:00+00:00,21.757253646850586,28.575998306274414,15.425999641418457,17.581125259399414,31.319997787475586,23.299999237060547,2022-02-09
2022-02-10 00:00:00+00:00,21.803083419799805,28.875999450683594,15.925999641418457,13.039753913879395,28.440000534057617,24.030000686645508,2022-02-10
2022-02-11 00:00:00+00:00,22.24891471862793,29.125999450683594,15.925999641418457,20.724246978759766,39.959999084472656,24.229999542236328,2022-02-11
2022-02-12 00:00:00+00:00,22.211416244506836,28.825998306274414,16.17599868774414,20.478906631469727,39.599998474121094,23.649999618530273,2022-02-12
2022-02-13 00:00:00+00:00,21.859331130981445,28.575998306274414,16.025999069213867,13.698933601379395,29.8799991607666,22.889999389648438,2022-02-13
2022-02-14 00:00:00+00:00,22.142667770385742,28.325998306274414,15.87600040435791,17.10662841796875,29.15999984741211,21.040000915527344,2022-02-14
2022-02-15 00:00:00+00:00,22.62183380126953,28.72599983215332,16.025999069213867,19.245697021484375,32.76000213623047,21.170000076293945,2022-02-15
2022-02-16 00:00:00+00:00,22.78641700744629,29.47599983215332,16.075998306274414,15.79083251953125,27.719999313354492,19.549999237060547,2022-02-16
2022-02-17 00:00:00+00:00,22.615583419799805,29.525999069213867,16.025999069213867,21.791152954101562,37.07999801635742,21.450000762939453,2022-02-17
2022-02-18 00:00:00+00:00,22.40724754333496,29.42599868774414,15.22599983215332,19.799999237060547,36.0,23.81999969482422,2022-02-18
2022-02-19 00:00:00+00:00,22.48016929626465,29.67599868774414,15.97599983215332,15.876774787902832,34.20000076293945,24.84000015258789,2022-02-19
2022-02-20 00:00:00+00:00,23.12183380126953,30.775999069213867,16.025999069213867,12.239999771118164,25.19999885559082,24.959999084472656,2022-02-20
2022-02-21 00:00:00+00:00,24.16766929626465,31.47599983215332,16.97599983215332,13.049689292907715,22.319997787475586,24.719999313354492,2022-02-21
2022-02-22 00:00:00+00:00,24.40308380126953,31.42599868774414,17.525999069213867,19.803272247314453,33.119998931884766,23.719999313354492,2022-02-22
2022-02-23 00:00:00+00:00,22.832250595092773,29.875999450683594,16.22599983215332,17.771753311157227,34.560001373291016,24.940000534057617,2022-02-23
2022-02-24 00:00:00+00:00,22.146833419799805,29.025999069213867,15.72599983215332,14.917211532592773,30.23999786376953,25.610000610351562,2022-02-24
2022-02-25 00:00:00+00:00,22.503082275390625,30.72599983215332,14.675999641418457,16.645864486694336,30.23999786376953,25.899999618530273,2022-02-25
2022-02-26 00:00:00+00:00,22.44474983215332,29.72599983215332,15.776000022888184,16.808568954467773,30.599998474121094,25.68000030517578,2022-02-26
2022-02-27 00:00:00+00:00,22.978086471557617,29.97599983215332,17.075998306274414,16.919998168945312,29.15999984741211,25.3799991607666,2022-02-27
2022-02-28 00:00:00+00:00,22.978086471557617,29.375999450683594,15.97599983215332,17.654687881469727,29.8799991607666,25.969999313354492,2022-02-28
2022-03-01 00:00:00+00:00,23.638498306274414,30.075998306274414,17.025999069213867,19.08339500427246,33.47999954223633,24.709999084472656,2022-03-01
2022-03-02 00:00:00+00:00,23.192665100097656,30.22599983215332,16.825998306274414,19.70815086364746,39.599998474121094,25.559999465942383,2022-03-02
2022-03-03 00:00:00+00:00,23.186416625976562,30.525999069213867,16.275999069213867,22.3924617767334,43.91999816894531,25.290000915527344,2022-03-03
2022-03-04 00:00:00+00:00,23.413497924804688,31.275999069213867,16.075998306274414,23.219301223754883,45.36000061035156,25.959999084472656,2022-03-04
2022-03-05 00:00:00+00:00,23.60308074951172,30.92599868774414,15.87600040435791,20.377399444580078,41.03999710083008,25.690000534057617,2022-03-05
2022-03-06 00:00:00+00:00,23.47391700744629,30.67599868774414,17.275999069213867,22.553936004638672,44.63999557495117,21.729999542236328,2022-03-06
2022-03-07 00:00:00+00:00,21.798917770385742,27.775999069213867,17.67599868774414,22.45026397705078,43.560001373291016,19.200000762939453,2022-03-07
2022-03-08 00:00:00+00:00,23.69683265686035,30.17599868774414,17.325998306274414,17.076297760009766,33.839996337890625,25.739999771118164,2022-03-08
2022-03-09 00:00:00+00:00,24.72391700744629,31.775999069213867,17.625999450683594,17.819089889526367,34.91999816894531,26.049999237060547,2022-03-09
2022-03-10 00:00:00+00:00,25.01350212097168,32.5260009765625,18.42599868774414,18.250259399414062,37.439998626708984,25.270000457763672,2022-03-10
2022-03-11 00:00:00+00:00,25.05516815185547,32.375999450683594,18.17599868774414,18.792551040649414,35.63999938964844,26.450000762939453,2022-03-11
2022-03-12 00:00:00+00:00,25.25099754333496,32.22600173950195,17.92599868774414,19.586116790771484,39.23999786376953,26.1299991607666,2022-03-12
2022-03-13 00:00:00+00:00,25.232248306274414,31.875999450683594,18.575998306274414,19.134260177612305,38.519996643066406,24.030000686645508,2022-03-13
2022-03-14 00:00:00+00:00,25.671831130981445,32.82600021362305,18.375999450683594,17.906156539916992,37.07999801635742,25.979999542236328,2022-03-14
2022-03-15 00:00:00+00:00,25.032251358032227,33.125999450683594,17.42599868774414,13.527571678161621,29.51999855041504,26.219999313354492,2022-03-15
2022-03-16 00:00:00+00:00,25.471832275390625,33.22600173950195,18.17599868774414,20.364673614501953,39.959999084472656,25.889999389648438,2022-03-16
2022-03-17 00:00:00+00:00,26.592668533325195,33.7760009765625,18.375999450683594,16.489416122436523,34.91999816894531,25.93000030517578,2022-03-17
2022-03-18 00:00:00+00:00,26.248916625976562,34.22600173950195,19.22599983215332,10.853865623474121,25.559999465942383,24.780000686645508,2022-03-18
2022-03-19 00:00:00+00:00,26.488502502441406,32.32600021362305,19.17599868774414,19.930477142333984,36.71999740600586,20.860000610351562,2022-03-19
2022-03-20 00:00:00+00:00,24.167665481567383,29.92599868774414,19.825998306274414,10.594036102294922,23.399999618530273,9.149999618530273,2022-03-20
2022-03-21 00:00:00+00:00,25.146835327148438,32.97600173950195,20.525999069213867,17.0725040435791,32.76000213623047,20.68000030517578,2022-03-21
2022-03-22 00:00:00+00:00,24.930166244506836,31.17599868774414,20.97599983215332,12.245292663574219,26.639999389648438,17.010000228881836,2022-03-22
2022-03-23 00:00:00+00:00,26.57391929626465,32.926002502441406,20.575998306274414,15.79083251953125,31.319997787475586,22.600000381469727,2022-03-23
2022-03-24 00:00:00+00:00,26.236417770385742,32.676002502441406,20.67599868774414,21.09612274169922,39.959999084472656,21.969999313354492,2022-03-24
2022-03-25 00:00:00+00:00,26.044748306274414,32.22600173950195,20.325998306274414,13.854154586791992,33.119998931884766,22.200000762939453,2022-03-25
2022-03-26 00:00:00+00:00,26.388504028320312,33.176002502441406,20.17599868774414,14.336860656738281,25.559999465942383,23.290000915527344,2022-03-26
2022-03-27 00:00:00+00:00,26.859336853027344,34.22600173950195,20.775999069213867,19.652175903320312,37.79999923706055,24.149999618530273,2022-03-27
2022-03-28 00:00:00+00:00,27.28849983215332,34.32600021362305,21.075998306274414,15.15852165222168,33.47999954223633,23.84000015258789,2022-03-28
2022-03-29 00:00:00+00:00,27.375999450683594,33.97600173950195,21.22599983215332,13.049689292907715,30.23999786376953,24.079999923706055,2022-03-29
2022-03-30 00:00:00+00:00,27.753082275390625,33.875999450683594,21.47599983215332,16.039201736450195,28.079999923706055,23.270000457763672,2022-03-30
2022-03-31 00:00:00+00:00,27.15724754333496,32.2760009765625,21.67599868774414,11.212135314941406,26.639999389648438,21.309999465942383,2022-03-31
2022-04-01 00:00:00+00:00,27.1510066986084,33.5260009765625,20.775999069213867,16.43430519104004,32.03999710083008,22.969999313354492,2022-04-01
2022-04-02 00:00:00+00:00,26.482248306274414,32.7760009765625,20.075998306274414,14.044614791870117,32.39999771118164,23.65999984741211,2022-04-02
2022-04-03 00:00:00+00:00,26.461416244506836,33.676002502441406,19.875999450683594,19.079999923706055,37.439998626708984,26.40999984741211,2022-04-03
2022-04-04 00:00:00+00:00,26.31349754333496,32.926002502441406,19.625999450683594,19.245697021484375,39.959999084472656,25.469999313354492,2022-04-04
2022-04-05 00:00:00+00:00,25.909332275390625,33.125999450683594,18.92599868774414,22.33160972595215,41.03999710083008,25.40999984741211,2022-04-05
2022-04-06 00:00:00+00:00,26.26141929626465,33.82600021362305,18.875999450683594,15.629972457885742,34.20000076293945,26.709999084472656,2022-04-06
2022-04-07 00:00:00+00:00,27.015586853027344,35.32600021362305,19.42599868774414,26.613229751586914,48.599998474121094,25.739999771118164,2022-04-07
2022-04-08 00:00:00+00:00,26.60933494567871,33.176002502441406,19.575998306274414,15.546833038330078,32.03999710083008,24.389999389648438,2022-04-08
2022-04-09 00:00:00+00:00,26.928083419799805,33.72600173950195,20.525999069213867,17.238698959350586,34.20000076293945,24.639999389648438,2022-04-09
2022-04-10 00:00:00+00:00,26.801000595092773,34.07600021362305,20.325998306274414,18.837322235107422,38.880001068115234,25.260000228881836,2022-04-10
2022-04-11 00:00:00+00:00,27.092666625976562,33.97600173950195,20.575998306274414,17.518356323242188,36.36000061035156,25.8799991607666,2022-04-11
2022-04-12 00:00:00+00:00,26.41349983215332,33.32600021362305,21.17599868774414,18.837324142456055,40.68000030517578,24.079999923706055,2022-04-12
2022-04-13 00:00:00+00:00,25.544748306274414,31.575998306274414,21.075998306274414,21.897945404052734,42.839996337890625,19.920000076293945,2022-04-13
2022-04-14 00:00:00+00:00,24.6822509765625,32.176002502441406,20.375999450683594,15.778517723083496,31.319997787475586,16.690000534057617,2022-04-14
2022-04-15 00:00:00+00:00,26.034337997436523,33.676002502441406,20.625999450683594,10.00903606414795,39.599998474121094,23.309999465942383,2022-04-15
2022-04-16 00:00:00+00:00,25.72808074951172,33.82600021362305,20.125999450683594,21.413192749023438,39.599998474121094,24.690000534057617,2022-04-16
2022-04-17 00:00:00+00:00,24.11766242980957,32.97600173950195,19.325998306274414,21.794126510620117,39.23999786376953,19.889999389648438,2022-04-17
2022-04-18 00:00:00+00:00,24.27391815185547,31.72599983215332,19.17599868774414,15.91346549987793,27.719999313354492,21.950000762939453,2022-04-18
2022-04-19 00:00:00+00:00,26.60308265686035,33.176002502441406,19.525999069213867,17.068706512451172,33.119998931884766,24.68000030517578,2022-04-19
2022-04-20 00:00:00+00:00,27.55933380126953,34.375999450683594,20.575998306274414,15.946009635925293,32.39999771118164,24.75,2022-04-20
2022-04-21 00:00:00+00:00,26.721834182739258,33.72600173950195,20.075998306274414,18.214717864990234,35.63999938964844,25.559999465942383,2022-04-21
2022-04-22 00:00:00+00:00,26.219749450683594,33.375999450683594,20.125999450683594,19.486608505249023,36.71999740600586,25.729999542236328,2022-04-22
2022-04-23 00:00:00+00:00,26.330169677734375,32.97600173950195,20.275999069213867,16.327497482299805,31.68000030517578,24.170000076293945,2022-04-23
2022-04-24 00:00:00+00:00,26.563499450683594,33.176002502441406,20.875999450683594,13.905508995056152,25.919998168945312,19.360000610351562,2022-04-24
2022-04-25 00:00:00+00:00,27.736417770385742,34.72600173950195,21.22599983215332,15.072783470153809,29.8799991607666,24.020000457763672,2022-04-25
2022-04-26 00:00:00+00:00,28.026002883911133,34.72600173950195,21.525999069213867,14.685175895690918,29.15999984741211,25.1200008392334,2022-04-26
2022-04-27 00:00:00+00:00,28.303085327148438,35.32600021362305,21.22599983215332,17.33989715576172,33.839996337890625,26.09000015258789,2022-04-27
2022-04-28 00:00:00+00:00,27.8051700592041,34.875999450683594,21.775999069213867,14.512063980102539,30.599998474121094,25.959999084472656,2022-04-28
2022-04-29 00:00:00+00:00,29.10933494567871,37.125999450683594,21.775999069213867,17.974781036376953,35.279998779296875,25.59000015258789,2022-04-29
2022-04-30 00:00:00+00:00,27.8385009765625,34.676002502441406,21.775999069213867,17.317459106445312,35.279998779296875,24.1299991607666,2022-04-30
2022-05-01 00:00:00+00:00,27.719749450683594,34.22600173950195,21.67599868774414,14.182354927062988,34.20000076293945,23.3700008392334,2022-05-01
2022-05-02 00:00:00+00:00,27.365583419799805,34.22600173950195,21.125999450683594,14.058449745178223,30.96000099182129,24.200000762939453,2022-05-02
2022-05-03 00:00:00+00:00,26.484331130981445,34.07600021362305,20.67599868774414,21.578989028930664,36.0,23.40999984741211,2022-05-03
2022-05-04 00:00:00+00:00,25.94474983215332,33.2760009765625,20.47599983215332,8.66994857788086,23.03999900817871,24.459999084472656,2022-05-04
2022-05-05 00:00:00+00:00,24.686416625976562,31.375999450683594,20.275999069213867,16.676977157592773,36.71999740600586,19.639999389648438,2022-05-05
2022-05-06 00:00:00+00:00,24.032249450683594,31.025999069213867,20.17599868774414,10.495713233947754,27.719999313354492,19.75,2022-05-06
2022-05-07 00:00:00+00:00,25.386415481567383,31.47599983215332,20.42599868774414,15.496735572814941,32.03999710083008,22.06999969482422,2022-05-07
2022-05-08 00:00:00+00:00,26.563501358032227,33.0260009765625,19.72599983215332,14.5610990524292,30.599998474121094,22.420000076293945,2022-05-08
2022-05-09 00:00:00+00:00,25.613508224487305,31.575998306274414,19.875999450683594,16.520822525024414,30.23999786376953,17.829999923706055,2022-05-09
2022-05-10 00:00:00+00:00,23.0260009765625,27.17599868774414,20.775999069213867,23.933908462524414,43.19999694824219,6.889999866485596,2022-05-10
2022-05-11 00:00:00+00:00,22.6510009765625,25.525999069213867,20.625999450683594,27.741029739379883,48.599998474121094,6.96999979019165,2022-05-11
2022-05-12 00:00:00+00:00,21.9010009765625,24.775999069213867,20.325998306274414,22.14804458618164,41.03999710083008,11.039999961853027,2022-05-12
2022-05-13 00:00:00+00:00,22.6197509765625,27.275999069213867,20.22599983215332,20.431386947631836,36.71999740600586,11.149999618530273,2022-05-13
2022-05-14 00:00:00+00:00,23.469749450683594,28.825998306274414,20.775999069213867,16.343366622924805,30.599998474121094,14.9399995803833,2022-05-14
2022-05-15 00:00:00+00:00,23.882247924804688,29.17599868774414,20.875999450683594,15.58430004119873,29.51999855041504,18.34000015258789,2022-05-15
2022-05-16 00:00:00+00:00,23.042665481567383,27.625999450683594,20.67599868774414,15.003839492797852,30.96000099182129,14.319999694824219,2022-05-16
2022-05-17 00:00:00+00:00,23.061418533325195,28.025999069213867,20.525999069213867,13.10419750213623,26.639999389648438,14.899999618530273,2022-05-17
2022-05-18 00:00:00+00:00,22.75724983215332,27.325998306274414,20.375999450683594,16.243940353393555,32.76000213623047,12.329999923706055,2022-05-18
2022-05-19 00:00:00+00:00,21.12183380126953,24.625999450683594,18.47599983215332,26.2824649810791,47.15999984741211,14.0,2022-05-19
2022-05-20 00:00:00+00:00,22.348915100097656,26.17599868774414,18.775999069213867,22.89611053466797,48.959999084472656,18.81999969482422,2022-05-20
2022-05-21 00:00:00+00:00,22.75933074951172,26.92599868774414,19.275999069213867,27.804027557373047,51.47999954223633,18.950000762939453,2022-05-21
2022-05-22 00:00:00+00:00,22.84474754333496,27.775999069213867,19.67599868774414,23.051246643066406,46.07999801635742,18.989999771118164,2022-05-22
2022-05-23 00:00:00+00:00,24.407251358032227,29.47599983215332,20.525999069213867,19.995397567749023,36.71999740600586,25.09000015258789,2022-05-23
2022-05-24 00:00:00+00:00,24.561416625976562,29.525999069213867,20.17599868774414,14.578887939453125,29.51999855041504,23.3700008392334,2022-05-24
2022-05-25 00:00:00+00:00,24.85516929626465,29.575998306274414,20.375999450683594,13.281023025512695,25.919998168945312,21.690000534057617,2022-05-25
2022-05-26 00:00:00+00:00,23.423917770385742,29.47599983215332,19.92599868774414,13.10419750213623,29.51999855041504,21.729999542236328,2022-05-26
2022-05-27 00:00:00+00:00,23.88642120361328,29.375999450683594,19.22599983215332,15.496735572814941,31.68000030517578,25.43000030517578,2022-05-27
2022-05-28 00:00:00+00:00,24.26558494567871,29.525999069213867,19.42599868774414,15.463244438171387,33.119998931884766,25.65999984741211,2022-05-28
2022-05-29 00:00:00+00:00,24.284332275390625,29.72599983215332,19.525999069213867,14.5610990524292,31.319997787475586,25.690000534057617,2022-05-29
2022-05-30 00:00:00+00:00,23.686416625976562,29.875999450683594,19.275999069213867,22.039527893066406,40.68000030517578,22.940000534057617,2022-05-30
2022-05-31 00:00:00+00:00,23.678085327148438,29.375999450683594,19.42599868774414,16.62248992919922,30.96000099182129,22.90999984741211,2022-05-31
2022-06-01 00:00:00+00:00,23.182249069213867,29.17599868774414,19.47599983215332,18.86138916015625,34.91999816894531,19.84000015258789,2022-06-01
2022-06-02 00:00:00+00:00,23.930166244506836,29.525999069213867,20.22599983215332,16.215991973876953,30.96000099182129,22.31999969482422,2022-06-02
2022-06-03 00:00:00+00:00,23.832250595092773,29.775999069213867,19.72599983215332,24.033876419067383,42.119998931884766,25.280000686645508,2022-06-03
2022-06-04 00:00:00+00:00,24.91975212097168,31.42599868774414,19.825998306274414,14.00302791595459,37.07999801635742,25.100000381469727,2022-06-04
2022-06-05 00:00:00+00:00,23.969749450683594,30.275999069213867,20.275999069213867,21.0284366607666,36.0,23.079999923706055,2022-06-05
2022-06-06 00:00:00+00:00,23.54475212097168,29.125999450683594,19.875999450683594,13.797911643981934,35.279998779296875,22.170000076293945,2022-06-06
2022-06-07 00:00:00+00:00,22.98433494567871,27.325998306274414,19.875999450683594,18.398780822753906,31.68000030517578,15.130000114440918,2022-06-07
2022-06-08 00:00:00+00:00,23.801002502441406,29.375999450683594,19.97599983215332,19.493261337280273,37.439998626708984,24.309999465942383,2022-06-08
2022-06-09 00:00:00+00:00,23.85099983215332,29.575998306274414,19.42599868774414,20.907913208007812,37.79999923706055,24.399999618530273,2022-06-09
2022-06-10 00:00:00+00:00,23.911413192749023,29.025999069213867,19.325998306274414,21.17583465576172,40.31999969482422,21.959999084472656,2022-06-10
2022-06-11 00:00:00+00:00,23.209333419799805,28.47599983215332,19.325998306274414,20.730501174926758,39.23999786376953,21.530000686645508,2022-06-11
2022-06-12 00:00:00+00:00,22.969749450683594,28.375999450683594,19.275999069213867,19.665359497070312,36.36000061035156,21.739999771118164,2022-06-12
2022-06-13 00:00:00+00:00,23.79683494567871,28.825998306274414,19.325998306274414,16.946786880493164,35.279998779296875,23.110000610351562,2022-06-13
2022-06-14 00:00:00+00:00,23.55933380126953,29.275999069213867,19.47599983215332,14.021525382995605,27.35999870300293,23.229999542236328,2022-06-14
2022-06-15 00:00:00+00:00,22.959333419799805,27.67599868774414,20.025999069213867,16.61079216003418,32.03999710083008,17.0,2022-06-15
2022-06-16 00:00:00+00:00,23.03849983215332,28.67599868774414,19.825998306274414,15.042658805847168,30.23999786376953,20.450000762939453,2022-06-16
2022-06-17 00:00:00+00:00,22.90308380126953,28.17599868774414,19.525999069213867,12.218805313110352,24.84000015258789,18.56999969482422,2022-06-17
2022-06-18 00:00:00+00:00,22.392667770385742,26.67599868774414,19.97599983215332,10.691452980041504,22.68000030517578,17.06999969482422,2022-06-18
2022-06-19 00:00:00+00:00,22.700998306274414,27.625999450683594,19.22599983215332,12.397806167602539,25.559999465942383,18.200000762939453,2022-06-19
2022-06-20 00:00:00+00:00,23.140581130981445,28.025999069213867,19.47599983215332,16.167966842651367,31.68000030517578,20.399999618530273,2022-06-20
2022-06-21 00:00:00+00:00,22.244752883911133,27.025999069213867,19.875999450683594,19.852294921875,49.68000030517578,15.390000343322754,2022-06-21
2022-06-22 00:00:00+00:00,22.1530818939209,26.22599983215332,19.67599868774414,19.694992065429688,38.15999984741211,16.81999969482422,2022-06-22
2022-06-23 00:00:00+00:00,22.1197509765625,26.775999069213867,19.42599868774414,21.09612274169922,40.68000030517578,13.600000381469727,2022-06-23
2022-06-24 00:00:00+00:00,23.14682960510254,27.47599983215332,19.625999450683594,25.07109832763672,49.31999969482422,18.959999084472656,2022-06-24
2022-06-25 00:00:00+00:00,22.565584182739258,27.92599868774414,20.22599983215332,27.248456954956055,53.279998779296875,17.920000076293945,2022-06-25
2022-06-26 00:00:00+00:00,23.07808494567871,27.17599868774414,19.67599868774414,27.511159896850586,49.68000030517578,19.229999542236328,2022-06-26
2022-06-27 00:00:00+00:00,23.140581130981445,27.875999450683594,19.775999069213867,23.795427322387695,46.07999801635742,19.260000228881836,2022-06-27
2022-06-28 00:00:00+00:00,22.915586471557617,27.42599868774414,19.525999069213867,19.4699764251709,35.63999938964844,16.309999465942383,2022-06-28
2022-06-29 00:00:00+00:00,22.52391815185547,27.72599983215332,19.67599868774414,22.553936004638672,43.91999816894531,17.229999542236328,2022-06-29
2022-06-30 00:00:00+00:00,22.494749069213867,27.67599868774414,19.525999069213867,19.70815086364746,41.03999710083008,17.709999084472656,2022-06-30
2022-07-01 00:00:00+00:00,22.928085327148438,27.275999069213867,19.67599868774414,24.923337936401367,46.07999801635742,18.790000915527344,2022-07-01
2022-07-02 00:00:00+00:00,23.530168533325195,28.22599983215332,20.22599983215332,24.066205978393555,44.63999557495117,19.510000228881836,2022-07-02
2022-07-03 00:00:00+00:00,22.63641929626465,28.075998306274414,19.97599983215332,20.19211769104004,39.599998474121094,16.459999084472656,2022-07-03
2022-07-04 00:00:00+00:00,21.771833419799805,25.275999069213867,19.825998306274414,29.1622257232666,55.07999801635742,10.680000305175781,2022-07-04
2022-07-05 00:00:00+00:00,21.33641815185547,24.075998306274414,19.72599983215332,27.19370460510254,48.959999084472656,8.930000305175781,2022-07-05
2022-07-06 00:00:00+00:00,21.63016700744629,24.92599868774414,19.825998306274414,25.864940643310547,45.36000061035156,10.40999984741211,2022-07-06
2022-07-07 00:00:00+00:00,21.275999069213867,24.125999450683594,19.575998306274414,24.50381088256836,45.36000061035156,13.050000190734863,2022-07-07
2022-07-08 00:00:00+00:00,22.136415481567383,26.17599868774414,19.525999069213867,31.079071044921875,55.79999923706055,18.209999084472656,2022-07-08
2022-07-09 00:00:00+00:00,21.00933265686035,23.72599983215332,19.525999069213867,27.741029739379883,48.599998474121094,10.65999984741211,2022-07-09
2022-07-10 00:00:00+00:00,21.430166244506836,25.025999069213867,19.325998306274414,30.147716522216797,60.12000274658203,13.020000457763672,2022-07-10
2022-07-11 00:00:00+00:00,20.907251358032227,24.125999450683594,18.97599983215332,27.778379440307617,54.71999740600586,11.229999542236328,2022-07-11
2022-07-12 00:00:00+00:00,22.26350212097168,26.125999450683594,19.525999069213867,31.973190307617188,58.31999969482422,16.799999237060547,2022-07-12
2022-07-13 00:00:00+00:00,21.867666244506836,26.275999069213867,19.92599868774414,32.78965759277344,64.79999542236328,15.890000343322754,2022-07-13
2022-07-14 00:00:00+00:00,22.0260009765625,26.22599983215332,19.625999450683594,34.82895278930664,69.47999572753906,18.670000076293945,2022-07-14
2022-07-15 00:00:00+00:00,22.817663192749023,27.025999069213867,19.67599868774414,29.237674713134766,56.15999984741211,19.790000915527344,2022-07-15
2022-07-16 00:00:00+00:00,22.325998306274414,27.17599868774414,19.775999069213867,28.988384246826172,51.839996337890625,17.860000610351562,2022-07-16
2022-07-17 00:00:00+00:00,22.667665481567383,27.72599983215332,20.075998306274414,27.047956466674805,48.959999084472656,16.170000076293945,2022-07-17
2022-07-18 00:00:00+00:00,21.95100212097168,26.825998306274414,18.92599868774414,22.06597328186035,41.03999710083008,13.760000228881836,2022-07-18
2022-07-19 00:00:00+00:00,22.67183494567871,27.47599983215332,19.275999069213867,17.727943420410156,32.76000213623047,19.639999389648438,2022-07-19
2022-07-20 00:00:00+00:00,23.080163955688477,28.67599868774414,19.775999069213867,12.218805313110352,25.19999885559082,21.639999389648438,2022-07-20
2022-07-21 00:00:00+00:00,22.857248306274414,27.97599983215332,19.97599983215332,17.33989715576172,31.68000030517578,18.959999084472656,2022-07-21
2022-07-22 00:00:00+00:00,22.311416625976562,26.875999450683594,19.275999069213867,16.923830032348633,35.63999938964844,15.800000190734863,2022-07-22
2022-07-23 00:00:00+00:00,21.882253646850586,26.97599983215332,18.72599983215332,19.82943344116211,37.07999801635742,16.5,2022-07-23
2022-07-24 00:00:00+00:00,22.228086471557617,26.325998306274414,18.67599868774414,22.461807250976562,42.47999954223633,18.229999542236328,2022-07-24
2022-07-25 00:00:00+00:00,22.90516471862793,27.42599868774414,18.92599868774414,19.82616424560547,37.439998626708984,22.229999542236328,2022-07-25
2022-07-26 00:00:00+00:00,22.088499069213867,26.875999450683594,18.325998306274414,16.808570861816406,33.839996337890625,18.149999618530273,2022-07-26
2022-07-27 00:00:00+00:00,22.469749450683594,28.42599868774414,18.72599983215332,13.679999351501465,26.280000686645508,21.15999984741211,2022-07-27
2022-07-28 00:00:00+00:00,22.592668533325195,28.025999069213867,18.72599983215332,12.181625366210938,22.319997787475586,19.799999237060547,2022-07-28
2022-07-29 00:00:00+00:00,22.938499450683594,28.97599983215332,18.875999450683594,12.475960731506348,21.599998474121094,21.969999313354492,2022-07-29
2022-07-30 00:00:00+00:00,23.032249450683594,28.275999069213867,19.325998306274414,12.889809608459473,24.479999542236328,21.09000015258789,2022-07-30
2022-07-31 00:00:00+00:00,23.063499450683594,28.22599983215332,19.47599983215332,11.525623321533203,28.079999923706055,19.6299991607666,2022-07-31
2022-08-01 00:00:00+00:00,22.64682960510254,27.875999450683594,19.875999450683594,13.089353561401367,29.15999984741211,19.34000015258789,2022-08-01
2022-08-02 00:00:00+00:00,22.45308494567871,27.625999450683594,19.375999450683594,14.118243217468262,28.440000534057617,16.260000228881836,2022-08-02
2022-08-03 00:00:00+00:00,21.8093318939209,26.825998306274414,19.22599983215332,11.43531322479248,23.759998321533203,14.25,2022-08-03
2022-08-04 00:00:00+00:00,21.571836471557617,25.025999069213867,19.67599868774414,22.55105972290039,41.76000213623047,10.5,2022-08-04
2022-08-05 00:00:00+00:00,20.83016586303711,23.17599868774414,19.625999450683594,31.869657516479492,58.31999969482422,10.0,2022-08-05
2022-08-06 00:00:00+00:00,21.588502883911133,25.025999069213867,19.625999450683594,28.62396240234375,55.07999801635742,14.079999923706055,2022-08-06
2022-08-07 00:00:00+00:00,21.519750595092773,24.025999069213867,19.825998306274414,29.9146785736084,51.839996337890625,12.039999961853027,2022-08-07
2022-08-08 00:00:00+00:00,22.036415100097656,25.92599868774414,20.075998306274414,32.37998962402344,61.19999694824219,15.329999923706055,2022-08-08
2022-08-09 00:00:00+00:00,22.242666244506836,26.42599868774414,19.375999450683594,36.58917999267578,64.79999542236328,19.190000534057617,2022-08-09
2022-08-10 00:00:00+00:00,22.205167770385742,26.47599983215332,19.375999450683594,34.94968032836914,61.19999694824219,20.049999237060547,2022-08-10
2022-08-11 00:00:00+00:00,22.648916244506836,27.17599868774414,19.575998306274414,31.983318328857422,60.12000274658203,20.239999771118164,2022-08-11
2022-08-12 00:00:00+00:00,22.66141700744629,26.72599983215332,19.47599983215332,28.16295623779297,50.7599983215332,17.899999618530273,2022-08-12
2022-08-13 00:00:00+00:00,22.469751358032227,27.42599868774414,18.72599983215332,23.0849552154541,42.119998931884766,18.1200008392334,2022-08-13
2022-08-14 00:00:00+00:00,22.176002502441406,26.22599983215332,18.42599868774414,22.505037307739258,41.76000213623047,15.850000381469727,2022-08-14
2022-08-15 00:00:00+00:00,22.54683494567871,27.625999450683594,18.325998306274414,18.448022842407227,36.0,20.690000534057617,2022-08-15
2022-08-16 00:00:00+00:00,23.163497924804688,27.72599983215332,18.575998306274414,12.819234848022461,28.079999923706055,23.760000228881836,2022-08-16
2022-08-17 00:00:00+00:00,23.463502883911133,28.025999069213867,19.275999069213867,14.021525382995605,25.19999885559082,22.610000610351562,2022-08-17
2022-08-18 00:00:00+00:00,23.382247924804688,28.325998306274414,19.42599868774414,16.87013816833496,33.119998931884766,21.829999923706055,2022-08-18
2022-08-19 00:00:00+00:00,23.015579223632812,27.575998306274414,19.075998306274414,19.174856185913086,35.279998779296875,19.3799991607666,2022-08-19
2022-08-20 00:00:00+00:00,22.992666244506836,27.125999450683594,19.075998306274414,16.854766845703125,34.20000076293945,17.68000030517578,2022-08-20
2022-08-21 00:00:00+00:00,22.198915481567383,25.97599983215332,19.47599983215332,17.639999389648438,37.79999923706055,14.930000305175781,2022-08-21
2022-08-22 00:00:00+00:00,22.126005172729492,27.275999069213867,19.275999069213867,23.499481201171875,42.839996337890625,19.59000015258789,2022-08-22
2022-08-23 00:00:00+00:00,22.08641815185547,27.47599983215332,19.17599868774414,20.570463180541992,39.23999786376953,19.3700008392334,2022-08-23
2022-08-24 00:00:00+00:00,21.35099983215332,25.825998306274414,19.17599868774414,18.998315811157227,35.279998779296875,13.5600004196167,2022-08-24
2022-08-25 00:00:00+00:00,21.78849983215332,26.72599983215332,19.125999450683594,17.974781036376953,33.839996337890625,16.40999984741211,2022-08-25
2022-08-26 00:00:00+00:00,21.834335327148438,26.125999450683594,19.375999450683594,16.43430519104004,30.599998474121094,13.979999542236328,2022-08-26
2022-08-27 00:00:00+00:00,21.698915481567383,27.42599868774414,19.325998306274414,16.99260902404785,31.68000030517578,16.200000762939453,2022-08-27
2022-08-28 00:00:00+00:00,22.08641242980957,26.97599983215332,19.22599983215332,16.299694061279297,30.599998474121094,17.75,2022-08-28
2022-08-29 00:00:00+00:00,22.2447509765625,27.17599868774414,19.525999069213867,10.703569412231445,23.759998321533203,14.449999809265137,2022-08-29
2022-08-30 00:00:00+00:00,22.709333419799805,28.025999069213867,19.275999069213867,14.685175895690918,29.15999984741211,21.809999465942383,2022-08-30
2022-08-31 00:00:00+00:00,22.350997924804688,27.47599983215332,19.525999069213867,20.063339233398438,36.71999740600586,17.010000228881836,2022-08-31
2022-09-01 00:00:00+00:00,21.846834182739258,27.075998306274414,19.375999450683594,14.404499053955078,30.23999786376953,14.470000267028809,2022-09-01
2022-09-02 00:00:00+00:00,22.692665100097656,27.625999450683594,19.025999069213867,12.074766159057617,23.759998321533203,20.25,2022-09-02
2022-09-03 00:00:00+00:00,23.150999069213867,27.92599868774414,19.025999069213867,8.647496223449707,16.19999885559082,20.829999923706055,2022-09-03
2022-09-04 00:00:00+00:00,23.111419677734375,28.47599983215332,19.275999069213867,11.92898941040039,23.03999900817871,19.770000457763672,2022-09-04
2022-09-05 00:00:00+00:00,22.4635009765625,28.72599983215332,18.275999069213867,12.43433952331543,22.68000030517578,20.56999969482422,2022-09-05
2022-09-06 00:00:00+00:00,22.228086471557617,27.575998306274414,18.625999450683594,11.275529861450195,20.15999984741211,20.75,2022-09-06
2022-09-07 00:00:00+00:00,21.890581130981445,26.275999069213867,19.825998306274414,16.981164932250977,34.20000076293945,13.989999771118164,2022-09-07
2022-09-08 00:00:00+00:00,21.03225326538086,23.47599983215332,19.42599868774414,18.94708251953125,34.560001373291016,9.819999694824219,2022-09-08
2022-09-09 00:00:00+00:00,22.16974639892578,26.22599983215332,19.67599868774414,22.59699058532715,40.68000030517578,17.719999313354492,2022-09-09
2022-09-10 00:00:00+00:00,21.8697509765625,26.72599983215332,19.47599983215332,23.54080581665039,46.07999801635742,14.899999618530273,2022-09-10
2022-09-11 00:00:00+00:00,22.546831130981445,26.92599868774414,19.67599868774414,30.396024703979492,54.36000061035156,19.100000381469727,2022-09-11
2022-09-12 00:00:00+00:00,22.40308380126953,27.025999069213867,18.625999450683594,31.10616683959961,54.71999740600586,20.489999771118164,2022-09-12
2022-09-13 00:00:00+00:00,22.321836471557617,27.025999069213867,18.92599868774414,22.40692710876465,40.68000030517578,18.139999389648438,2022-09-13
2022-09-14 00:00:00+00:00,22.044748306274414,27.075998306274414,18.67599868774414,19.191747665405273,35.279998779296875,18.09000015258789,2022-09-14
2022-09-15 00:00:00+00:00,21.938501358032227,26.375999450683594,18.325998306274414,18.681882858276367,35.279998779296875,16.149999618530273,2022-09-15
2022-09-16 00:00:00+00:00,22.394746780395508,27.47599983215332,18.625999450683594,17.935081481933594,34.91999816894531,20.280000686645508,2022-09-16
2022-09-17 00:00:00+00:00,22.486413955688477,27.22599983215332,18.825998306274414,14.372974395751953,30.599998474121094,20.950000762939453,2022-09-17
2022-09-18 00:00:00+00:00,22.625999450683594,27.17599868774414,18.47599983215332,14.830076217651367,30.599998474121094,21.229999542236328,2022-09-18
2022-09-19 00:00:00+00:00,21.888498306274414,27.42599868774414,17.575998306274414,20.88310432434082,41.76000213623047,17.520000457763672,2022-09-19
2022-09-20 00:00:00+00:00,21.815584182739258,27.325998306274414,17.47599983215332,20.957443237304688,37.439998626708984,21.010000228881836,2022-09-20
2022-09-21 00:00:00+00:00,21.9010009765625,27.025999069213867,17.875999450683594,17.81181526184082,34.560001373291016,19.170000076293945,2022-09-21
2022-09-22 00:00:00+00:00,21.826004028320312,27.47599983215332,17.525999069213867,20.545246124267578,38.519996643066406,23.149999618530273,2022-09-22
2022-09-23 00:00:00+00:00,22.153085708618164,27.125999450683594,18.025999069213867,16.873979568481445,33.119998931884766,23.979999542236328,2022-09-23
2022-09-24 00:00:00+00:00,22.384336471557617,27.97599983215332,18.17599868774414,17.877180099487305,35.279998779296875,22.25,2022-09-24
2022-09-25 00:00:00+00:00,22.80933380126953,27.825998306274414,18.275999069213867,14.512063980102539,30.599998474121094,23.1200008392334,2022-09-25
2022-09-26 00:00:00+00:00,22.303083419799805,26.375999450683594,19.875999450683594,16.279802322387695,36.0,15.069999694824219,2022-09-26
2022-09-27 00:00:00+00:00,23.14058494567871,27.625999450683594,20.025999069213867,16.37505340576172,30.599998474121094,18.209999084472656,2022-09-27
2022-09-28 00:00:00+00:00,23.344749450683594,27.92599868774414,19.325998306274414,14.336860656738281,30.23999786376953,20.969999313354492,2022-09-28
2022-09-29 00:00:00+00:00,22.661415100097656,27.875999450683594,18.775999069213867,17.102840423583984,34.91999816894531,22.389999389648438,2022-09-29
2022-09-30 00:00:00+00:00,21.253084182739258,24.92599868774414,18.67599868774414,19.652175903320312,38.519996643066406,12.09000015258789,2022-09-30
2022-10-01 00:00:00+00:00,20.628084182739258,22.92599868774414,19.47599983215332,17.87355613708496,36.71999740600586,6.199999809265137,2022-10-01
2022-10-02 00:00:00+00:00,21.896835327148438,26.92599868774414,18.575998306274414,20.37103843688965,38.15999984741211,16.65999984741211,2022-10-02
2022-10-03 00:00:00+00:00,22.4635009765625,26.825998306274414,18.67599868774414,19.201873779296875,36.71999740600586,16.829999923706055,2022-10-03
2022-10-04 00:00:00+00:00,22.390581130981445,26.775999069213867,18.47599983215332,18.998315811157227,36.0,17.389999389648438,2022-10-04
2022-10-05 00:00:00+00:00,22.655166625976562,27.275999069213867,19.22599983215332,17.87355613708496,34.20000076293945,19.969999313354492,2022-10-05
2022-10-06 00:00:00+00:00,21.286418914794922,25.67599868774414,18.275999069213867,16.750640869140625,34.560001373291016,13.970000267028809,2022-10-06
2022-10-07 00:00:00+00:00,21.751001358032227,26.825998306274414,17.72599983215332,14.512063980102539,29.51999855041504,19.450000762939453,2022-10-07
2022-10-08 00:00:00+00:00,22.500999450683594,27.025999069213867,16.47599983215332,11.252518653869629,21.239999771118164,20.219999313354492,2022-10-08
2022-10-09 00:00:00+00:00,21.511415481567383,26.125999450683594,19.125999450683594,13.830748558044434,26.280000686645508,12.869999885559082,2022-10-09
2022-10-10 00:00:00+00:00,22.13224983215332,26.825998306274414,19.875999450683594,9.44957160949707,20.880001068115234,15.220000267028809,2022-10-10
2022-10-11 00:00:00+00:00,21.982248306274414,25.92599868774414,18.775999069213867,13.896186828613281,27.719999313354492,16.280000686645508,2022-10-11
2022-10-12 00:00:00+00:00,21.367666244506836,26.075998306274414,18.67599868774414,10.805997848510742,22.68000030517578,14.880000114440918,2022-10-12
2022-10-13 00:00:00+00:00,21.988500595092773,26.375999450683594,18.825998306274414,9.793058395385742,20.15999984741211,17.389999389648438,2022-10-13
2022-10-14 00:00:00+00:00,21.75099754333496,26.47599983215332,18.775999069213867,10.315114974975586,18.719999313354492,16.1299991607666,2022-10-14
2022-10-15 00:00:00+00:00,22.421831130981445,27.42599868774414,18.875999450683594,13.783817291259766,25.919998168945312,20.0,2022-10-15
2022-10-16 00:00:00+00:00,22.142667770385742,26.575998306274414,19.47599983215332,13.830748558044434,27.719999313354492,16.389999389648438,2022-10-16
2022-10-17 00:00:00+00:00,22.16975212097168,27.325998306274414,18.97599983215332,16.19999885559082,33.47999954223633,19.6299991607666,2022-10-17
2022-10-18 00:00:00+00:00,21.79475212097168,26.42599868774414,18.375999450683594,9.6932954788208,20.51999855041504,15.260000228881836,2022-10-18
2022-10-19 00:00:00+00:00,21.92183494567871,27.17599868774414,18.17599868774414,7.199999809265137,20.51999855041504,18.149999618530273,2022-10-19
2022-10-20 00:00:00+00:00,21.771833419799805,26.875999450683594,18.125999450683594,15.256525993347168,33.47999954223633,19.350000381469727,2022-10-20
2022-10-21 00:00:00+00:00,21.365585327148438,27.075998306274414,17.47599983215332,18.94024085998535,38.15999984741211,18.579999923706055,2022-10-21
2022-10-22 00:00:00+00:00,21.392667770385742,26.825998306274414,16.075998306274414,16.80085563659668,31.68000030517578,23.1299991607666,2022-10-22
2022-10-23 00:00:00+00:00,20.1197509765625,25.72599983215332,14.925999641418457,13.584932327270508,27.35999870300293,24.100000381469727,2022-10-23
2022-10-24 00:00:00+00:00,19.4343318939209,25.025999069213867,13.776000022888184,15.6837739944458,30.599998474121094,24.600000381469727,2022-10-24
2022-10-25 00:00:00+00:00,19.957250595092773,25.075998306274414,14.076000213623047,10.691452980041504,24.479999542236328,24.760000228881836,2022-10-25
2022-10-26 00:00:00+00:00,20.05099868774414,25.625999450683594,14.576000213623047,10.29625129699707,22.68000030517578,23.950000762939453,2022-10-26
2022-10-27 00:00:00+00:00,21.069747924804688,27.125999450683594,15.425999641418457,12.41347599029541,25.559999465942383,23.219999313354492,2022-10-27
2022-10-28 00:00:00+00:00,21.257251739501953,25.92599868774414,17.375999450683594,15.484185218811035,30.96000099182129,17.229999542236328,2022-10-28
2022-10-29 00:00:00+00:00,21.673917770385742,25.97599983215332,18.125999450683594,19.008546829223633,35.279998779296875,18.149999618530273,2022-10-29
2022-10-30 00:00:00+00:00,21.121829986572266,25.92599868774414,17.67599868774414,17.55161476135254,32.39999771118164,16.110000610351562,2022-10-30
2022-10-31 00:00:00+00:00,21.213499069213867,26.42599868774414,17.125999450683594,16.489416122436523,33.119998931884766,21.209999084472656,2022-10-31
2022-11-01 00:00:00+00:00,20.35308265686035,24.575998306274414,18.525999069213867,16.39482879638672,35.279998779296875,12.149999618530273,2022-11-01
2022-11-02 00:00:00+00:00,19.848918914794922,23.67599868774414,17.525999069213867,19.353139877319336,37.07999801635742,9.09000015258789,2022-11-02
2022-11-03 00:00:00+00:00,21.430166244506836,25.22599983215332,18.875999450683594,19.13764762878418,36.36000061035156,17.639999389648438,2022-11-03
2022-11-04 00:00:00+00:00,21.988500595092773,26.72599983215332,18.97599983215332,19.995397567749023,36.36000061035156,19.350000381469727,2022-11-04
2022-11-05 00:00:00+00:00,21.811416625976562,26.875999450683594,18.025999069213867,18.723459243774414,35.279998779296875,20.110000610351562,2022-11-05
2022-11-06 00:00:00+00:00,21.275999069213867,26.17599868774414,17.17599868774414,18.532133102416992,34.560001373291016,18.530000686645508,2022-11-06
2022-11-07 00:00:00+00:00,21.00516700744629,26.275999069213867,17.275999069213867,15.192682266235352,30.599998474121094,22.540000915527344,2022-11-07
2022-11-08 00:00:00+00:00,21.29683494567871,27.125999450683594,16.275999069213867,15.941944122314453,31.68000030517578,20.860000610351562,2022-11-08
2022-11-09 00:00:00+00:00,21.038501739501953,26.92599868774414,16.325998306274414,13.854154586791992,28.799999237060547,22.889999389648438,2022-11-09
2022-11-10 00:00:00+00:00,21.54475212097168,27.17599868774414,16.625999450683594,17.67302894592285,32.39999771118164,20.809999465942383,2022-11-10
2022-11-11 00:00:00+00:00,19.47391700744629,21.875999450683594,18.025999069213867,23.90410804748535,42.47999954223633,6.090000152587891,2022-11-11
2022-11-12 00:00:00+00:00,20.548917770385742,23.125999450683594,18.67599868774414,26.826641082763672,48.23999786376953,8.970000267028809,2022-11-12
2022-11-13 00:00:00+00:00,21.009334564208984,24.525999069213867,18.72599983215332,23.576562881469727,43.560001373291016,11.130000114440918,2022-11-13
2022-11-14 00:00:00+00:00,21.42183494567871,26.575998306274414,18.375999450683594,16.299694061279297,31.319997787475586,18.1200008392334,2022-11-14
2022-11-15 00:00:00+00:00,21.505165100097656,25.875999450683594,18.275999069213867,11.212135314941406,23.399999618530273,18.139999389648438,2022-11-15
2022-11-16 00:00:00+00:00,21.065580368041992,26.775999069213867,14.826000213623047,11.212135314941406,25.19999885559082,20.8700008392334,2022-11-16
2022-11-17 00:00:00+00:00,19.58432960510254,25.92599868774414,13.37600040435791,13.044723510742188,27.0,22.780000686645508,2022-11-17
2022-11-18 00:00:00+00:00,19.19683265686035,25.775999069213867,13.076000213623047,14.255271911621094,29.51999855041504,21.969999313354492,2022-11-18
2022-11-19 00:00:00+00:00,18.786415100097656,25.375999450683594,12.97599983215332,16.808570861816406,33.839996337890625,22.690000534057617,2022-11-19
2022-11-20 00:00:00+00:00,18.726001739501953,24.67599868774414,13.826000213623047,13.378250122070312,28.440000534057617,18.979999542236328,2022-11-20
2022-11-21 00:00:00+00:00,19.857250213623047,24.97599983215332,14.026000022888184,13.79791259765625,29.15999984741211,17.15999984741211,2022-11-21
2022-11-22 00:00:00+00:00,20.34891700744629,24.72599983215332,16.825998306274414,15.575981140136719,28.440000534057617,10.300000190734863,2022-11-22
2022-11-23 00:00:00+00:00,20.584331512451172,24.125999450683594,18.42599868774414,9.007196426391602,21.959999084472656,8.550000190734863,2022-11-23
2022-11-24 00:00:00+00:00,21.0905818939209,26.375999450683594,18.625999450683594,16.41852569580078,31.319997787475586,9.970000267028809,2022-11-24
2022-11-25 00:00:00+00:00,21.569747924804688,26.67599868774414,18.075998306274414,15.273505210876465,30.23999786376953,17.040000915527344,2022-11-25
2022-11-26 00:00:00+00:00,21.755165100097656,27.325998306274414,18.025999069213867,11.54247760772705,25.919998168945312,18.989999771118164,2022-11-26
2022-11-27 00:00:00+00:00,22.180166244506836,26.775999069213867,18.775999069213867,9.885261535644531,20.880001068115234,17.360000610351562,2022-11-27
2022-11-28 00:00:00+00:00,22.307249069213867,27.325998306274414,18.42599868774414,7.9932966232299805,19.440000534057617,18.579999923706055,2022-11-28
2022-11-29 00:00:00+00:00,21.59058380126953,27.275999069213867,16.17599868774414,12.574259757995605,26.280000686645508,19.65999984741211,2022-11-29
2022-11-30 00:00:00+00:00,20.290584564208984,26.075998306274414,15.826000213623047,12.261157989501953,25.559999465942383,21.239999771118164,2022-11-30
2022-12-01 00:00:00+00:00,21.436418533325195,26.375999450683594,17.67599868774414,17.654687881469727,32.03999710083008,13.539999961853027,2022-12-01
2022-12-02 00:00:00+00:00,22.315582275390625,26.92599868774414,19.025999069213867,15.188414573669434,30.23999786376953,17.5,2022-12-02
2022-12-03 00:00:00+00:00,22.303083419799805,27.325998306274414,18.42599868774414,17.69867706298828,35.279998779296875,18.219999313354492,2022-12-03
2022-12-04 00:00:00+00:00,22.305166244506836,27.72599983215332,17.525999069213867,17.227420806884766,35.279998779296875,19.350000381469727,2022-12-04
2022-12-05 00:00:00+00:00,21.921831130981445,27.22599983215332,17.125999450683594,20.83339500427246,39.959999084472656,16.639999389648438,2022-12-05
2022-12-06 00:00:00+00:00,21.457250595092773,27.125999450683594,16.625999450683594,14.399999618530273,29.51999855041504,19.68000030517578,2022-12-06
2022-12-07 00:00:00+00:00,20.519750595092773,27.075998306274414,16.17599868774414,16.450069427490234,32.76000213623047,17.3799991607666,2022-12-07
2022-12-08 00:00:00+00:00,21.198915481567383,25.67599868774414,15.97599983215332,18.775300979614258,36.36000061035156,15.210000038146973,2022-12-08
2022-12-09 00:00:00+00:00,17.515586853027344,19.42599868774414,15.826000213623047,21.611997604370117,39.599998474121094,6.849999904632568,2022-12-09
2022-12-10 00:00:00+00:00,18.05933380126953,18.525999069213867,16.625999450683594,25.759504318237305,44.63999557495117,2.609999895095825,2022-12-10
2022-12-11 00:00:00+00:00,19.559335708618164,21.875999450683594,17.875999450683594,13.722564697265625,21.959999084472656,6.820000171661377,2022-12-11
2022-12-12 00:00:00+00:00,20.782249450683594,23.875999450683594,19.025999069213867,17.786331176757812,35.279998779296875,13.369999885559082,2022-12-12
2022-12-13 00:00:00+00:00,20.544748306274414,24.575998306274414,18.375999450683594,20.304128646850586,39.959999084472656,15.579999923706055,2022-12-13
2022-12-14 00:00:00+00:00,20.303085327148438,25.075998306274414,16.875999450683594,21.30093002319336,39.599998474121094,17.149999618530273,2022-12-14
2022-12-15 00:00:00+00:00,19.70308494567871,25.67599868774414,15.22599983215332,14.799459457397461,29.8799991607666,21.209999084472656,2022-12-15
2022-12-16 00:00:00+00:00,19.834333419799805,25.97599983215332,15.276000022888184,16.559999465942383,32.03999710083008,21.0,2022-12-16
2022-12-17 00:00:00+00:00,20.41558265686035,26.17599868774414,15.526000022888184,18.837322235107422,36.0,20.260000228881836,2022-12-17
2022-12-18 00:00:00+00:00,20.94683265686035,26.025999069213867,16.775999069213867,20.972896575927734,39.599998474121094,17.329999923706055,2022-12-18
2022-12-19 00:00:00+00:00,19.344749450683594,24.67599868774414,14.87600040435791,17.068706512451172,34.20000076293945,20.780000686645508,2022-12-19
2022-12-20 00:00:00+00:00,19.821834564208984,26.375999450683594,14.87600040435791,16.422470092773438,31.68000030517578,20.799999237060547,2022-12-20
2022-12-21 00:00:00+00:00,19.13016700744629,25.775999069213867,14.326000213623047,16.17998504638672,32.03999710083008,20.8799991607666,2022-12-21
2022-12-22 00:00:00+00:00,19.188499450683594,25.775999069213867,13.326000213623047,19.201873779296875,37.07999801635742,21.270000457763672,2022-12-22
2022-12-23 00:00:00+00:00,19.219751358032227,26.42599868774414,12.925999641418457,14.529914855957031,28.079999923706055,21.350000381469727,2022-12-23
2022-12-24 00:00:00+00:00,19.85516357421875,26.72599983215332,13.12600040435791,15.277749061584473,28.799999237060547,21.15999984741211,2022-12-24
2022-12-25 00:00:00+00:00,20.815584182739258,25.525999069213867,16.42599868774414,21.178895950317383,38.519996643066406,11.970000267028809,2022-12-25
2022-12-26 00:00:00+00:00,21.66975212097168,26.42599868774414,18.97599983215332,19.562946319580078,37.07999801635742,14.869999885559082,2022-12-26
2022-12-27 00:00:00+00:00,21.582250595092773,26.67599868774414,18.67599868774414,19.694992065429688,36.71999740600586,14.8100004196167,2022-12-27
2022-12-28 00:00:00+00:00,21.66349983215332,26.97599983215332,16.575998306274414,14.241629600524902,29.51999855041504,17.84000015258789,2022-12-28
2022-12-29 00:00:00+00:00,20.861417770385742,27.42599868774414,15.826000213623047,14.113653182983398,29.15999984741211,20.489999771118164,2022-12-29
2022-12-30 00:00:00+00:00,20.634334564208984,27.17599868774414,15.12600040435791,13.910168647766113,28.079999923706055,21.190000534057617,2022-12-30
2022-12-31 00:00:00+00:00,20.2780818939209,27.17599868774414,14.826000213623047,10.365250587463379,25.19999885559082,21.40999984741211,2022-12-31
2023-01-01 00:00:00+00:00,20.94683265686035,27.47599983215332,15.026000022888184,16.039201736450195,28.079999923706055,21.100000381469727,2023-01-01
2023-01-02 00:00:00+00:00,20.363500595092773,26.72599983215332,14.925999641418457,16.235960006713867,33.47999954223633,21.229999542236328,2023-01-02
2023-01-03 00:00:00+00:00,20.232248306274414,26.47599983215332,15.12600040435791,14.917211532592773,29.8799991607666,20.399999618530273,2023-01-03
2023-01-04 00:00:00+00:00,20.53224754333496,26.375999450683594,16.025999069213867,17.313716888427734,31.68000030517578,21.1299991607666,2023-01-04
2023-01-05 00:00:00+00:00,19.740583419799805,25.125999450683594,15.175999641418457,20.4186954498291,39.23999786376953,14.5,2023-01-05
2023-01-06 00:00:00+00:00,19.801000595092773,26.825998306274414,14.97599983215332,22.910259246826172,44.279998779296875,19.579999923706055,2023-01-06
2023-01-07 00:00:00+00:00,20.438501358032227,26.575998306274414,15.826000213623047,18.07902717590332,36.71999740600586,17.93000030517578,2023-01-07
2023-01-08 00:00:00+00:00,20.040584564208984,26.67599868774414,14.47599983215332,14.973576545715332,30.599998474121094,19.950000762939453,2023-01-08
2023-01-09 00:00:00+00:00,18.813499450683594,26.125999450683594,13.12600040435791,14.113653182983398,27.719999313354492,22.260000228881836,2023-01-09
2023-01-10 00:00:00+00:00,18.221834182739258,26.625999450683594,11.925999641418457,17.057313919067383,34.91999816894531,22.440000534057617,2023-01-10
2023-01-11 00:00:00+00:00,18.85516929626465,27.22599983215332,12.175999641418457,14.68958854675293,31.319997787475586,22.469999313354492,2023-01-11
2023-01-12 00:00:00+00:00,19.669748306274414,28.22599983215332,12.276000022888184,13.513193130493164,29.8799991607666,22.549999237060547,2023-01-12
2023-01-13 00:00:00+00:00,19.95724868774414,28.42599868774414,12.925999641418457,14.145755767822266,25.559999465942383,22.110000610351562,2023-01-13
2023-01-14 00:00:00+00:00,19.857250213623047,29.025999069213867,12.526000022888184,12.181625366210938,24.119998931884766,22.489999771118164,2023-01-14
2023-01-15 00:00:00+00:00,19.711416244506836,28.42599868774414,11.97599983215332,14.182354927062988,24.479999542236328,22.829999923706055,2023-01-15
2023-01-16 00:00:00+00:00,20.38224983215332,28.97599983215332,12.47599983215332,16.96589469909668,28.079999923706055,22.399999618530273,2023-01-16
2023-01-17 00:00:00+00:00,19.894750595092773,28.575998306274414,13.576000213623047,13.905508995056152,26.280000686645508,22.540000915527344,2023-01-17
2023-01-18 00:00:00+00:00,19.31141471862793,27.47599983215332,13.526000022888184,14.777549743652344,28.440000534057617,21.600000381469727,2023-01-18
2023-01-19 00:00:00+00:00,19.409334182739258,27.125999450683594,13.776000022888184,16.65753936767578,29.15999984741211,22.68000030517578,2023-01-19
2023-01-20 00:00:00+00:00,19.982248306274414,26.525999069213867,13.526000022888184,16.595178604125977,31.319997787475586,21.780000686645508,2023-01-20
2023-01-21 00:00:00+00:00,20.736417770385742,26.575998306274414,14.87600040435791,14.241628646850586,30.96000099182129,20.719999313354492,2023-01-21
2023-01-22 00:00:00+00:00,20.23849868774414,26.72599983215332,14.72599983215332,17.90253448486328,36.0,21.1299991607666,2023-01-22
2023-01-23 00:00:00+00:00,20.89891815185547,27.42599868774414,14.87600040435791,17.55530548095703,31.319997787475586,17.68000030517578,2023-01-23
2023-01-24 00:00:00+00:00,21.62183380126953,27.875999450683594,16.17599868774414,17.309972763061523,32.39999771118164,19.219999313354492,2023-01-24
2023-01-25 00:00:00+00:00,20.609333038330078,27.825998306274414,15.675999641418457,16.676977157592773,30.23999786376953,22.309999465942383,2023-01-25
2023-01-26 00:00:00+00:00,20.4010009765625,27.775999069213867,15.026000022888184,16.454008102416992,28.440000534057617,22.5,2023-01-26
2023-01-27 00:00:00+00:00,20.544748306274414,28.275999069213867,14.026000022888184,14.417987823486328,28.440000534057617,22.700000762939453,2023-01-27
2023-01-28 00:00:00+00:00,19.961416244506836,27.875999450683594,13.526000022888184,16.595178604125977,34.91999816894531,23.280000686645508,2023-01-28
2023-01-29 00:00:00+00:00,21.146833419799805,27.72599983215332,14.12600040435791,22.79684066772461,44.63999557495117,22.8799991607666,2023-01-29
2023-01-30 00:00:00+00:00,21.661415100097656,27.17599868774414,17.025999069213867,15.038350105285645,30.599998474121094,16.610000610351562,2023-01-30
2023-01-31 00:00:00+00:00,21.717666625976562,29.075998306274414,15.72599983215332,19.73443603515625,39.599998474121094,21.3799991607666,2023-01-31
2023-02-01 00:00:00+00:00,22.07600212097168,28.42599868774414,15.87600040435791,20.523157119750977,41.03999710083008,22.43000030517578,2023-02-01
2023-02-02 00:00:00+00:00,21.9947509765625,29.025999069213867,16.47599983215332,25.9649600982666,47.519996643066406,19.790000915527344,2023-02-02
2023-02-03 00:00:00+00:00,21.655166625976562,26.575998306274414,16.42599868774414,23.219301223754883,44.279998779296875,14.210000038146973,2023-02-03
2023-02-04 00:00:00+00:00,22.519750595092773,29.17599868774414,16.525999069213867,20.620805740356445,39.959999084472656,22.100000381469727,2023-02-04
2023-02-05 00:00:00+00:00,22.51141357421875,30.075998306274414,15.87600040435791,16.41852569580078,34.20000076293945,23.489999771118164,2023-02-05
2023-02-06 00:00:00+00:00,22.25516700744629,29.375999450683594,16.125999450683594,15.15852165222168,32.03999710083008,22.989999771118164,2023-02-06
2023-02-07 00:00:00+00:00,22.76141929626465,29.72599983215332,15.97599983215332,12.324414253234863,20.51999855041504,23.290000915527344,2023-02-07
2023-02-08 00:00:00+00:00,23.409332275390625,30.92599868774414,16.97599983215332,15.876774787902832,32.03999710083008,23.68000030517578,2023-02-08
2023-02-09 00:00:00+00:00,22.95308494567871,30.275999069213867,16.375999450683594,15.876774787902832,34.560001373291016,23.920000076293945,2023-02-09
2023-02-10 00:00:00+00:00,22.598915100097656,30.17599868774414,15.62600040435791,18.21827507019043,37.79999923706055,24.149999618530273,2023-02-10
2023-02-11 00:00:00+00:00,22.55516815185547,30.275999069213867,14.826000213623047,15.617528915405273,33.839996337890625,24.479999542236328,2023-02-11
2023-02-12 00:00:00+00:00,22.88433265686035,30.97599983215332,16.075998306274414,17.727943420410156,37.07999801635742,24.350000381469727,2023-02-12
2023-02-13 00:00:00+00:00,22.936416625976562,30.525999069213867,15.925999641418457,21.129884719848633,41.39999771118164,24.59000015258789,2023-02-13
2023-02-14 00:00:00+00:00,22.426000595092773,30.525999069213867,15.026000022888184,14.007655143737793,31.68000030517578,25.110000610351562,2023-02-14
2023-02-15 00:00:00+00:00,22.62183380126953,30.625999450683594,14.72599983215332,16.923830032348633,35.63999938964844,25.209999084472656,2023-02-15
2023-02-16 00:00:00+00:00,22.738500595092773,30.525999069213867,15.576000213623047,19.523155212402344,38.880001068115234,25.15999984741211,2023-02-16
2023-02-17 00:00:00+00:00,22.69266700744629,30.375999450683594,15.47599983215332,18.10409927368164,37.439998626708984,25.229999542236328,2023-02-17
2023-02-18 00:00:00+00:00,22.646833419799805,30.22599983215332,14.776000022888184,13.891522407531738,31.68000030517578,24.969999313354492,2023-02-18
2023-02-19 00:00:00+00:00,22.63224983215332,29.875999450683594,15.37600040435791,14.471820831298828,28.079999923706055,24.75,2023-02-19
2023-02-20 00:00:00+00:00,22.96141815185547,29.97599983215332,16.42599868774414,16.57564353942871,28.799999237060547,24.850000381469727,2023-02-20
2023-02-21 00:00:00+00:00,23.430166244506836,31.075998306274414,16.875999450683594,14.471820831298828,32.39999771118164,25.290000915527344,2023-02-21
2023-02-22 00:00:00+00:00,23.35933494567871,31.125999450683594,15.776000022888184,15.696165084838867,34.560001373291016,25.459999084472656,2023-02-22
2023-02-23 00:00:00+00:00,22.4655818939209,30.97599983215332,14.62600040435791,20.2753849029541,41.03999710083008,26.18000030517578,2023-02-23
2023-02-24 00:00:00+00:00,22.59058380126953,31.42599868774414,14.175999641418457,16.862455368041992,35.63999938964844,26.3700008392334,2023-02-24
2023-02-25 00:00:00+00:00,23.761415481567383,31.67599868774414,15.425999641418457,21.1298828125,41.39999771118164,26.040000915527344,2023-02-25
2023-02-26 00:00:00+00:00,22.696836471557617,30.525999069213867,14.276000022888184,21.322214126586914,42.119998931884766,26.09000015258789,2023-02-26
2023-02-27 00:00:00+00:00,21.69683265686035,29.875999450683594,13.925999641418457,20.957443237304688,41.76000213623047,26.200000762939453,2023-02-27
2023-02-28 00:00:00+00:00,22.815584182739258,30.72599983215332,14.276000022888184,21.971799850463867,41.76000213623047,22.889999389648438,2023-02-28
2023-03-01 00:00:00+00:00,23.315582275390625,30.025999069213867,15.87600040435791,20.4186954498291,41.39999771118164,20.450000762939453,2023-03-01
2023-03-02 00:00:00+00:00,22.184335708618164,30.075998306274414,14.97599983215332,24.216522216796875,47.15999984741211,25.969999313354492,2023-03-02
2023-03-03 00:00:00+00:00,23.14058494567871,30.97599983215332,14.97599983215332,26.758922576904297,51.119998931884766,26.170000076293945,2023-03-03
2023-03-04 00:00:00+00:00,23.59891700744629,30.97599983215332,16.17599868774414,25.919998168945312,49.31999969482422,26.010000228881836,2023-03-04
2023-03-05 00:00:00+00:00,23.896827697753906,31.325998306274414,16.825998306274414,21.077686309814453,42.119998931884766,25.850000381469727,2023-03-05
2023-03-06 00:00:00+00:00,23.819747924804688,31.22599983215332,16.075998306274414,23.0849552154541,45.36000061035156,26.110000610351562,2023-03-06
2023-03-07 00:00:00+00:00,23.798919677734375,30.97599983215332,16.275999069213867,23.411073684692383,44.63999557495117,23.25,2023-03-07
2023-03-08 00:00:00+00:00,23.31766700744629,30.825998306274414,16.025999069213867,22.06597328186035,43.560001373291016,25.56999969482422,2023-03-08
2023-03-09 00:00:00+00:00,23.473913192749023,30.47599983215332,16.075998306274414,20.172853469848633,38.15999984741211,24.190000534057617,2023-03-09
2023-03-10 00:00:00+00:00,23.06974983215332,30.42599868774414,16.22599983215332,19.803272247314453,40.31999969482422,24.790000915527344,2023-03-10
2023-03-11 00:00:00+00:00,23.711416244506836,31.375999450683594,15.675999641418457,22.08652114868164,43.91999816894531,26.520000457763672,2023-03-11
2023-03-12 00:00:00+00:00,23.6843318939209,31.22599983215332,15.326000213623047,19.245697021484375,36.71999740600586,25.6200008392334,2023-03-12
2023-03-13 00:00:00+00:00,24.83641815185547,31.775999069213867,17.525999069213867,16.56391143798828,34.20000076293945,24.829999923706055,2023-03-13
2023-03-14 00:00:00+00:00,25.67807960510254,32.72600173950195,18.625999450683594,18.5146427154541,34.560001373291016,24.329999923706055,2023-03-14
2023-03-15 00:00:00+00:00,25.60725212097168,32.57600021362305,18.275999069213867,17.102840423583984,29.15999984741211,22.530000686645508,2023-03-15
2023-03-16 00:00:00+00:00,24.146835327148438,30.67599868774414,19.22599983215332,12.64107608795166,28.799999237060547,20.799999237060547,2023-03-16
2023-03-17 00:00:00+00:00,22.867666244506836,29.42599868774414,18.92599868774414,20.2753849029541,35.279998779296875,21.799999237060547,2023-03-17
2023-03-18 00:00:00+00:00,22.94266700744629,30.025999069213867,17.67599868774414,16.70415496826172,33.839996337890625,22.670000076293945,2023-03-18
2023-03-19 00:00:00+00:00,23.00724983215332,30.42599868774414,17.025999069213867,17.298738479614258,37.07999801635742,22.540000915527344,2023-03-19
2023-03-20 00:00:00+00:00,23.87183380126953,31.42599868774414,17.97599983215332,21.575986862182617,42.47999954223633,24.65999984741211,2023-03-20
2023-03-21 00:00:00+00:00,24.06141471862793,31.375999450683594,18.075998306274414,11.874544143676758,27.35999870300293,26.670000076293945,2023-03-21
2023-03-22 00:00:00+00:00,25.140581130981445,31.67599868774414,18.67599868774414,10.233122825622559,20.51999855041504,24.3700008392334,2023-03-22
2023-03-23 00:00:00+00:00,26.207246780395508,33.625999450683594,19.275999069213867,14.145755767822266,26.280000686645508,24.770000457763672,2023-03-23
2023-03-24 00:00:00+00:00,26.188501358032227,33.0260009765625,20.22599983215332,13.5706148147583,27.0,23.84000015258789,2023-03-24
2023-03-25 00:00:00+00:00,24.73433494567871,30.825998306274414,19.625999450683594,14.386493682861328,37.439998626708984,20.899999618530273,2023-03-25
2023-03-26 00:00:00+00:00,25.73016929626465,30.97599983215332,20.17599868774414,12.015588760375977,23.759998321533203,22.040000915527344,2023-03-26
2023-03-27 00:00:00+00:00,27.0280818939209,35.5260009765625,20.375999450683594,18.416383743286133,32.39999771118164,24.1200008392334,2023-03-27
2023-03-28 00:00:00+00:00,27.205167770385742,34.72600173950195,20.42599868774414,12.889809608459473,23.399999618530273,25.860000610351562,2023-03-28
2023-03-29 00:00:00+00:00,25.717668533325195,32.32600021362305,20.92599868774414,12.239999771118164,29.15999984741211,21.399999618530273,2023-03-29
2023-03-30 00:00:00+00:00,25.419748306274414,32.176002502441406,19.775999069213867,18.67147445678711,32.03999710083008,18.979999542236328,2023-03-30
2023-03-31 00:00:00+00:00,26.0572509765625,31.42599868774414,20.42599868774414,14.480772972106934,26.639999389648438,22.260000228881836,2023-03-31
2023-04-01 00:00:00+00:00,24.88016700744629,29.72599983215332,20.125999450683594,14.973576545715332,30.96000099182129,18.719999313354492,2023-04-01
2023-04-02 00:00:00+00:00,26.311418533325195,33.7760009765625,19.72599983215332,12.261157989501953,28.440000534057617,24.270000457763672,2023-04-02
2023-04-03 00:00:00+00:00,26.315582275390625,32.926002502441406,20.075998306274414,15.62997055053711,28.799999237060547,23.399999618530273,2023-04-03
2023-04-04 00:00:00+00:00,24.238500595092773,31.125999450683594,19.67599868774414,16.343366622924805,34.20000076293945,17.280000686645508,2023-04-04
2023-04-05 00:00:00+00:00,26.07808494567871,32.47600173950195,19.075998306274414,14.00302791595459,23.399999618530273,23.6200008392334,2023-04-05
2023-04-06 00:00:00+00:00,25.923917770385742,31.22599983215332,20.325998306274414,14.372974395751953,26.639999389648438,23.030000686645508,2023-04-06
2023-04-07 00:00:00+00:00,25.61558723449707,32.125999450683594,19.47599983215332,16.808570861816406,33.47999954223633,26.239999771118164,2023-04-07
2023-04-08 00:00:00+00:00,25.380165100097656,32.176002502441406,18.525999069213867,19.852294921875,38.880001068115234,26.75,2023-04-08
2023-04-09 00:00:00+00:00,25.442670822143555,32.426002502441406,18.275999069213867,13.5706148147583,29.15999984741211,26.8799991607666,2023-04-09
2023-04-10 00:00:00+00:00,26.309335708618164,32.926002502441406,19.125999450683594,21.09612274169922,37.79999923706055,26.290000915527344,2023-04-10
2023-04-11 00:00:00+00:00,26.269752502441406,33.625999450683594,18.775999069213867,14.5610990524292,32.76000213623047,27.489999771118164,2023-04-11
2023-04-12 00:00:00+00:00,26.54266357421875,34.676002502441406,18.575998306274414,19.245697021484375,38.519996643066406,27.6299991607666,2023-04-12
2023-04-13 00:00:00+00:00,27.580167770385742,35.125999450683594,19.275999069213867,20.51999855041504,41.03999710083008,27.399999618530273,2023-04-13
2023-04-14 00:00:00+00:00,27.255170822143555,35.22600173950195,19.67599868774414,21.707731246948242,39.599998474121094,27.059999465942383,2023-04-14
2023-04-15 00:00:00+00:00,26.975997924804688,34.0260009765625,20.075998306274414,18.775300979614258,36.71999740600586,24.40999984741211,2023-04-15
2023-04-16 00:00:00+00:00,27.06141471862793,34.2760009765625,19.525999069213867,14.973575592041016,33.119998931884766,27.59000015258789,2023-04-16
2023-04-17 00:00:00+00:00,27.353086471557617,34.625999450683594,19.525999069213867,17.11420440673828,35.63999938964844,27.389999389648438,2023-04-17
2023-04-18 00:00:00+00:00,28.00516700744629,34.926002502441406,20.525999069213867,16.96589469909668,36.0,27.350000381469727,2023-04-18
2023-04-19 00:00:00+00:00,28.082250595092773,35.5260009765625,20.625999450683594,15.815435409545898,33.119998931884766,27.100000381469727,2023-04-19
2023-04-20 00:00:00+00:00,28.271835327148438,34.926002502441406,20.775999069213867,10.390226364135742,27.0,25.65999984741211,2023-04-20
2023-04-21 00:00:00+00:00,27.961416244506836,33.875999450683594,21.375999450683594,8.766572952270508,24.479999542236328,24.489999771118164,2023-04-21
2023-04-22 00:00:00+00:00,27.215585708618164,33.375999450683594,21.075998306274414,11.304228782653809,20.15999984741211,23.639999389648438,2023-04-22
2023-04-23 00:00:00+00:00,27.00516700744629,33.32600021362305,21.375999450683594,13.378250122070312,28.440000534057617,22.719999313354492,2023-04-23
2023-04-24 00:00:00+00:00,27.305166244506836,33.82600021362305,21.525999069213867,17.61058807373047,31.319997787475586,24.149999618530273,2023-04-24
2023-04-25 00:00:00+00:00,26.02391815185547,32.125999450683594,21.075998306274414,13.896186828613281,28.799999237060547,21.1200008392334,2023-04-25
2023-04-26 00:00:00+00:00,26.361413955688477,33.176002502441406,21.075998306274414,14.417987823486328,36.36000061035156,23.93000030517578,2023-04-26
2023-04-27 00:00:00+00:00,26.967668533325195,33.676002502441406,21.275999069213867,16.41852569580078,32.76000213623047,25.469999313354492,2023-04-27
2023-04-28 00:00:00+00:00,26.865583419799805,32.7760009765625,20.92599868774414,16.641971588134766,36.0,24.299999237060547,2023-04-28
2023-04-29 00:00:00+00:00,24.92183494567871,31.775999069213867,20.875999450683594,18.161277770996094,40.68000030517578,21.229999542236328,2023-04-29
2023-04-30 00:00:00+00:00,24.355165481567383,31.875999450683594,19.47599983215332,11.384198188781738,28.440000534057617,19.040000915527344,2023-04-30
2023-05-01 00:00:00+00:00,23.530168533325195,29.525999069213867,19.42599868774414,13.708391189575195,29.51999855041504,20.8700008392334,2023-05-01
2023-05-02 00:00:00+00:00,23.728086471557617,29.575998306274414,19.775999069213867,10.703569412231445,20.15999984741211,19.489999771118164,2023-05-02
2023-05-03 00:00:00+00:00,23.055166244506836,26.97599983215332,19.825998306274414,14.578887939453125,27.35999870300293,10.460000038146973,2023-05-03
2023-05-04 00:00:00+00:00,24.034332275390625,28.625999450683594,19.97599983215332,18.388212203979492,32.39999771118164,20.799999237060547,2023-05-04
2023-05-05 00:00:00+00:00,23.7114200592041,27.72599983215332,20.42599868774414,9.422101020812988,20.880001068115234,11.489999771118164,2023-05-05
2023-05-06 00:00:00+00:00,23.730165481567383,29.775999069213867,20.075998306274414,13.10419750213623,25.919998168945312,19.559999465942383,2023-05-06
2023-05-07 00:00:00+00:00,23.35516357421875,26.125999450683594,20.92599868774414,14.764389991760254,29.51999855041504,9.8100004196167,2023-05-07
2023-05-08 00:00:00+00:00,23.49266815185547,29.325998306274414,19.125999450683594,9.585739135742188,28.440000534057617,18.709999084472656,2023-05-08
2023-05-09 00:00:00+00:00,24.6843318939209,31.025999069213867,19.42599868774414,13.089353561401367,30.599998474121094,24.920000076293945,2023-05-09
2023-05-10 00:00:00+00:00,25.965578079223633,32.0260009765625,20.22599983215332,11.753875732421875,25.919998168945312,25.440000534057617,2023-05-10
2023-05-11 00:00:00+00:00,25.303083419799805,32.625999450683594,20.825998306274414,12.015588760375977,44.279998779296875,23.200000762939453,2023-05-11
2023-05-12 00:00:00+00:00,26.188501358032227,31.775999069213867,20.97599983215332,16.548255920410156,27.0,23.790000915527344,2023-05-12
2023-05-13 00:00:00+00:00,25.196836471557617,30.875999450683594,20.47599983215332,18.05750846862793,35.63999938964844,22.290000915527344,2023-05-13
2023-05-14 00:00:00+00:00,26.278085708618164,32.426002502441406,21.17599868774414,19.245697021484375,37.79999923706055,24.579999923706055,2023-05-14
2023-05-15 00:00:00+00:00,25.98433494567871,32.97600173950195,19.775999069213867,16.422470092773438,31.319997787475586,25.290000915527344,2023-05-15
2023-05-16 00:00:00+00:00,27.103086471557617,32.97600173950195,20.525999069213867,11.879999160766602,27.0,25.139999389648438,2023-05-16
2023-05-17 00:00:00+00:00,27.10725212097168,32.625999450683594,21.575998306274414,11.04326057434082,25.19999885559082,23.889999389648438,2023-05-17
2023-05-18 00:00:00+00:00,27.798921585083008,34.176002502441406,21.525999069213867,12.313894271850586,22.68000030517578,23.979999542236328,2023-05-18
2023-05-19 00:00:00+00:00,27.63850212097168,34.22600173950195,21.17599868774414,19.336389541625977,32.03999710083008,24.65999984741211,2023-05-19
2023-05-20 00:00:00+00:00,26.74683380126953,33.32600021362305,21.72599983215332,12.758432388305664,28.440000534057617,21.829999923706055,2023-05-20
2023-05-21 00:00:00+00:00,24.38224983215332,31.575998306274414,20.42599868774414,13.089353561401367,27.0,20.440000534057617,2023-05-21
2023-05-22 00:00:00+00:00,25.007246017456055,31.575998306274414,20.375999450683594,11.384199142456055,26.280000686645508,22.309999465942383,2023-05-22
2023-05-23 00:00:00+00:00,25.71558380126953,32.375999450683594,19.825998306274414,11.298495292663574,27.0,22.350000381469727,2023-05-23
2023-05-24 00:00:00+00:00,25.27808380126953,31.775999069213867,20.875999450683594,14.512063980102539,39.959999084472656,21.729999542236328,2023-05-24
2023-05-25 00:00:00+00:00,25.238500595092773,31.325998306274414,20.775999069213867,18.204042434692383,35.63999938964844,23.59000015258789,2023-05-25
2023-05-26 00:00:00+00:00,25.16766357421875,31.275999069213867,20.47599983215332,15.941944122314453,30.23999786376953,24.020000457763672,2023-05-26
2023-05-27 00:00:00+00:00,25.75933265686035,31.375999450683594,20.825998306274414,12.41347599029541,27.719999313354492,23.6200008392334,2023-05-27
2023-05-28 00:00:00+00:00,26.382253646850586,32.32600021362305,21.075998306274414,11.50311279296875,26.639999389648438,23.049999237060547,2023-05-28
2023-05-29 00:00:00+00:00,26.646833419799805,32.625999450683594,21.42599868774414,13.5706148147583,36.0,22.059999465942383,2023-05-29
2023-05-30 00:00:00+00:00,23.984331130981445,30.025999069213867,21.22599983215332,16.548255920410156,32.39999771118164,18.790000915527344,2023-05-30
2023-05-31 00:00:00+00:00,24.405168533325195,30.625999450683594,20.72599983215332,9.904906272888184,23.399999618530273,21.940000534057617,2023-05-31
2023-06-01 00:00:00+00:00,25.221832275390625,30.97599983215332,21.125999450683594,10.948972702026367,25.19999885559082,23.389999389648438,2023-06-01
2023-06-02 00:00:00+00:00,25.180166244506836,30.275999069213867,20.825998306274414,18.289274215698242,35.63999938964844,21.450000762939453,2023-06-02
2023-06-03 00:00:00+00:00,25.85308265686035,31.575998306274414,20.92599868774414,16.873979568481445,29.51999855041504,24.309999465942383,2023-06-03
2023-06-04 00:00:00+00:00,25.02182960510254,30.025999069213867,20.97599983215332,18.448022842407227,37.07999801635742,23.280000686645508,2023-06-04
2023-06-05 00:00:00+00:00,25.688501358032227,30.775999069213867,20.97599983215332,17.0725040435791,32.76000213623047,22.549999237060547,2023-06-05
2023-06-06 00:00:00+00:00,26.178083419799805,31.275999069213867,21.22599983215332,19.13764762878418,36.0,24.309999465942383,2023-06-06
2023-06-07 00:00:00+00:00,26.04058265686035,31.575998306274414,20.97599983215332,16.51690101623535,33.119998931884766,24.299999237060547,2023-06-07
2023-06-08 00:00:00+00:00,25.909334182739258,31.625999450683594,20.575998306274414,17.33989715576172,35.279998779296875,23.770000457763672,2023-06-08
2023-06-09 00:00:00+00:00,24.880165100097656,31.375999450683594,20.125999450683594,20.291357040405273,39.959999084472656,22.219999313354492,2023-06-09
2023-06-10 00:00:00+00:00,24.64891815185547,30.825998306274414,20.575998306274414,25.9324951171875,50.03999710083008,23.25,2023-06-10
2023-06-11 00:00:00+00:00,24.936416625976562,30.825998306274414,20.325998306274414,23.051246643066406,43.560001373291016,21.270000457763672,2023-06-11
2023-06-12 00:00:00+00:00,24.650999069213867,30.47599983215332,20.375999450683594,18.998313903808594,38.519996643066406,19.829999923706055,2023-06-12
2023-06-13 00:00:00+00:00,24.45308494567871,30.825998306274414,19.97599983215332,19.079999923706055,37.439998626708984,23.860000610351562,2023-06-13
2023-06-14 00:00:00+00:00,24.765586853027344,30.67599868774414,19.92599868774414,20.991426467895508,40.31999969482422,23.65999984741211,2023-06-14
2023-06-15 00:00:00+00:00,25.705167770385742,31.625999450683594,20.17599868774414,17.727943420410156,34.560001373291016,24.790000915527344,2023-06-15
2023-06-16 00:00:00+00:00,25.890581130981445,32.0260009765625,19.92599868774414,19.523155212402344,36.0,25.34000015258789,2023-06-16
2023-06-17 00:00:00+00:00,25.4343318939209,31.375999450683594,20.22599983215332,17.81181526184082,35.279998779296875,22.020000457763672,2023-06-17
2023-06-18 00:00:00+00:00,24.801000595092773,30.825998306274414,21.075998306274414,22.206485748291016,41.39999771118164,16.420000076293945,2023-06-18
2023-06-19 00:00:00+00:00,24.08641815185547,28.375999450683594,20.525999069213867,18.118410110473633,33.119998931884766,10.760000228881836,2023-06-19
2023-06-20 00:00:00+00:00,22.686416625976562,26.275999069213867,20.325998306274414,14.75999927520752,27.35999870300293,7.510000228881836,2023-06-20
2023-06-21 00:00:00+00:00,23.957252502441406,29.375999450683594,20.775999069213867,12.496718406677246,33.119998931884766,16.75,2023-06-21
2023-06-22 00:00:00+00:00,23.575998306274414,29.075998306274414,20.325998306274414,17.87355613708496,34.560001373291016,15.579999923706055,2023-06-22
2023-06-23 00:00:00+00:00,23.790578842163086,28.92599868774414,20.325998306274414,18.64369010925293,37.439998626708984,19.1299991607666,2023-06-23
2023-06-24 00:00:00+00:00,23.24266815185547,28.125999450683594,19.325998306274414,23.377836227416992,44.279998779296875,15.350000381469727,2023-06-24
2023-06-25 00:00:00+00:00,23.60099983215332,29.075998306274414,19.575998306274414,19.809812545776367,36.36000061035156,18.09000015258789,2023-06-25
2023-06-26 00:00:00+00:00,23.536415100097656,28.72599983215332,19.42599868774414,21.971799850463867,40.31999969482422,17.5,2023-06-26
2023-06-27 00:00:00+00:00,23.20932960510254,28.775999069213867,19.825998306274414,23.675302505493164,43.19999694824219,18.8700008392334,2023-06-27
2023-06-28 00:00:00+00:00,23.730165481567383,28.875999450683594,19.525999069213867,23.675302505493164,45.0,18.540000915527344,2023-06-28
2023-06-29 00:00:00+00:00,23.563501358032227,28.72599983215332,19.92599868774414,27.021591186523438,48.959999084472656,19.010000228881836,2023-06-29
2023-06-30 00:00:00+00:00,24.188499450683594,29.825998306274414,19.825998306274414,24.575109481811523,45.36000061035156,21.270000457763672,2023-06-30
2023-07-01 00:00:00+00:00,24.71766471862793,29.325998306274414,20.375999450683594,19.440000534057617,37.79999923706055,19.18000030517578,2023-07-01
2023-07-02 00:00:00+00:00,23.719751358032227,28.875999450683594,20.325998306274414,21.971799850463867,42.839996337890625,16.59000015258789,2023-07-02
2023-07-03 00:00:00+00:00,23.094749450683594,28.92599868774414,19.97599983215332,23.584808349609375,48.959999084472656,17.100000381469727,2023-07-03
2023-07-04 00:00:00+00:00,22.15516471862793,26.42599868774414,20.075998306274414,26.758922576904297,48.23999786376953,13.75,2023-07-04
2023-07-05 00:00:00+00:00,21.767667770385742,26.525999069213867,19.625999450683594,31.526214599609375,58.31999969482422,14.029999732971191,2023-07-05
2023-07-06 00:00:00+00:00,21.336416244506836,25.17599868774414,19.42599868774414,26.932714462280273,53.63999557495117,9.430000305175781,2023-07-06
2023-07-07 00:00:00+00:00,22.471834182739258,26.67599868774414,19.92599868774414,28.03611946105957,51.119998931884766,16.729999542236328,2023-07-07
2023-07-08 00:00:00+00:00,22.396833419799805,26.92599868774414,19.92599868774414,24.6934814453125,46.439998626708984,14.880000114440918,2023-07-08
2023-07-09 00:00:00+00:00,22.886415481567383,27.92599868774414,19.625999450683594,20.54840087890625,38.880001068115234,14.75,2023-07-09
2023-07-10 00:00:00+00:00,22.6510009765625,26.375999450683594,19.97599983215332,18.709611892700195,37.439998626708984,10.630000114440918,2023-07-10
2023-07-11 00:00:00+00:00,22.29266929626465,26.025999069213867,19.375999450683594,18.363529205322266,36.0,14.359999656677246,2023-07-11
2023-07-12 00:00:00+00:00,22.986417770385742,27.97599983215332,19.575998306274414,17.581125259399414,34.560001373291016,18.65999984741211,2023-07-12
2023-07-13 00:00:00+00:00,21.950998306274414,25.42599868774414,19.825998306274414,21.1298828125,40.68000030517578,15.40999984741211,2023-07-13
2023-07-14 00:00:00+00:00,22.605165481567383,27.47599983215332,19.325998306274414,22.705699920654297,43.560001373291016,16.09000015258789,2023-07-14
2023-07-15 00:00:00+00:00,23.378084182739258,28.075998306274414,19.625999450683594,23.584808349609375,44.279998779296875,19.459999084472656,2023-07-15
2023-07-16 00:00:00+00:00,23.284332275390625,27.67599868774414,19.525999069213867,18.59844970703125,35.63999938964844,17.389999389648438,2023-07-16
2023-07-17 00:00:00+00:00,23.394750595092773,27.525999069213867,20.17599868774414,23.219301223754883,42.119998931884766,16.420000076293945,2023-07-17
2023-07-18 00:00:00+00:00,23.623916625976562,27.92599868774414,20.42599868774414,31.03525733947754,56.880001068115234,22.760000228881836,2023-07-18
2023-07-19 00:00:00+00:00,22.83641815185547,26.625999450683594,20.375999450683594,32.407997131347656,58.31999969482422,14.34000015258789,2023-07-19
2023-07-20 00:00:00+00:00,23.065584182739258,27.22599983215332,20.125999450683594,39.345542907714844,69.83999633789062,18.09000015258789,2023-07-20
2023-07-21 00:00:00+00:00,23.17183494567871,27.575998306274414,20.575998306274414,34.56187438964844,60.839996337890625,14.460000038146973,2023-07-21
2023-07-22 00:00:00+00:00,22.301002502441406,25.625999450683594,20.325998306274414,31.421213150024414,59.39999771118164,12.460000038146973,2023-07-22
2023-07-23 00:00:00+00:00,22.061418533325195,26.025999069213867,19.775999069213867,31.394393920898438,57.959999084472656,14.170000076293945,2023-07-23
2023-07-24 00:00:00+00:00,21.615583419799805,25.67599868774414,19.825998306274414,29.98607635498047,56.519996643066406,12.460000038146973,2023-07-24
2023-07-25 00:00:00+00:00,21.115585327148438,23.375999450683594,19.325998306274414,25.76453399658203,45.71999740600586,7.690000057220459,2023-07-25
2023-07-26 00:00:00+00:00,20.88016700744629,23.22599983215332,19.625999450683594,25.623300552368164,45.71999740600586,8.050000190734863,2023-07-26
2023-07-27 00:00:00+00:00,22.23016929626465,27.125999450683594,18.97599983215332,28.227306365966797,55.07999801635742,17.8700008392334,2023-07-27
2023-07-28 00:00:00+00:00,22.896833419799805,28.17599868774414,19.575998306274414,29.301876068115234,51.839996337890625,18.399999618530273,2023-07-28
2023-07-29 00:00:00+00:00,22.82391929626465,27.775999069213867,18.575998306274414,28.236486434936523,50.7599983215332,21.399999618530273,2023-07-29
2023-07-30 00:00:00+00:00,23.14891815185547,27.97599983215332,19.17599868774414,26.758922576904297,48.959999084472656,21.1299991607666,2023-07-30
2023-07-31 00:00:00+00:00,23.54683494567871,28.72599983215332,19.72599983215332,23.535301208496094,45.0,21.420000076293945,2023-07-31
2023-08-01 00:00:00+00:00,23.51558494567871,28.22599983215332,19.92599868774414,27.238941192626953,51.47999954223633,21.290000915527344,2023-08-01
2023-08-02 00:00:00+00:00,23.269752502441406,27.97599983215332,19.47599983215332,29.53974723815918,52.560001373291016,19.260000228881836,2023-08-02
2023-08-03 00:00:00+00:00,23.3697452545166,27.97599983215332,19.125999450683594,28.808998107910156,50.39999771118164,20.799999237060547,2023-08-03
2023-08-04 00:00:00+00:00,23.29266929626465,28.625999450683594,19.375999450683594,26.678890228271484,48.599998474121094,21.90999984741211,2023-08-04
2023-08-05 00:00:00+00:00,23.817665100097656,28.67599868774414,19.42599868774414,23.499481201171875,41.76000213623047,21.020000457763672,2023-08-05
2023-08-06 00:00:00+00:00,23.99266242980957,28.825998306274414,19.525999069213867,17.10662841796875,34.560001373291016,21.829999923706055,2023-08-06
2023-08-07 00:00:00+00:00,23.828086853027344,29.025999069213867,19.17599868774414,18.486621856689453,34.91999816894531,19.579999923706055,2023-08-07
2023-08-08 00:00:00+00:00,23.3697509765625,28.875999450683594,19.22599983215332,17.518356323242188,34.20000076293945,20.420000076293945,2023-08-08
2023-08-09 00:00:00+00:00,23.96141815185547,29.075998306274414,19.875999450683594,14.986553192138672,31.68000030517578,21.149999618530273,2023-08-09
2023-08-10 00:00:00+00:00,24.065584182739258,28.72599983215332,20.275999069213867,13.708390235900879,28.440000534057617,21.09000015258789,2023-08-10
2023-08-11 00:00:00+00:00,24.34891700744629,28.375999450683594,20.22599983215332,15.003839492797852,30.599998474121094,20.15999984741211,2023-08-11
2023-08-12 00:00:00+00:00,24.642662048339844,29.72599983215332,19.625999450683594,18.17197608947754,36.71999740600586,24.06999969482422,2023-08-12
2023-08-13 00:00:00+00:00,24.41141700744629,29.325998306274414,19.775999069213867,15.807238578796387,30.96000099182129,24.260000228881836,2023-08-13
2023-08-14 00:00:00+00:00,24.269750595092773,29.17599868774414,19.025999069213867,15.034041404724121,30.96000099182129,23.350000381469727,2023-08-14
2023-08-15 00:00:00+00:00,24.1530818939209,29.42599868774414,19.125999450683594,14.458381652832031,30.23999786376953,24.65999984741211,2023-08-15
2023-08-16 00:00:00+00:00,25.019746780395508,30.825998306274414,19.825998306274414,15.484185218811035,31.319997787475586,25.84000015258789,2023-08-16
2023-08-17 00:00:00+00:00,24.63433265686035,30.67599868774414,19.775999069213867,20.570463180541992,41.76000213623047,24.920000076293945,2023-08-17
2023-08-18 00:00:00+00:00,24.29058074951172,30.075998306274414,19.92599868774414,22.96393585205078,43.91999816894531,21.09000015258789,2023-08-18
2023-08-19 00:00:00+00:00,22.865583419799805,28.92599868774414,19.375999450683594,25.20256996154785,47.15999984741211,19.56999969482422,2023-08-19
2023-08-20 00:00:00+00:00,24.41975212097168,30.025999069213867,19.42599868774414,19.296133041381836,38.15999984741211,23.760000228881836,2023-08-20
2023-08-21 00:00:00+00:00,24.911415100097656,30.47599983215332,19.875999450683594,15.778515815734863,31.319997787475586,25.280000686645508,2023-08-21
2023-08-22 00:00:00+00:00,24.91974639892578,30.72599983215332,20.375999450683594,12.096214294433594,25.919998168945312,24.010000228881836,2023-08-22
2023-08-23 00:00:00+00:00,25.134336471557617,30.575998306274414,20.025999069213867,11.72075080871582,27.0,24.540000915527344,2023-08-23
2023-08-24 00:00:00+00:00,24.767667770385742,30.525999069213867,20.025999069213867,13.3637113571167,29.15999984741211,24.56999969482422,2023-08-24
2023-08-25 00:00:00+00:00,24.938501358032227,30.97599983215332,19.72599983215332,13.854154586791992,29.15999984741211,25.3799991607666,2023-08-25
2023-08-26 00:00:00+00:00,24.534334182739258,30.97599983215332,20.47599983215332,16.17998695373535,30.96000099182129,23.899999618530273,2023-08-26
2023-08-27 00:00:00+00:00,25.138498306274414,30.575998306274414,20.47599983215332,11.885453224182129,27.719999313354492,21.299999237060547,2023-08-27
2023-08-28 00:00:00+00:00,25.698915481567383,31.375999450683594,20.825998306274414,15.192682266235352,33.119998931884766,25.729999542236328,2023-08-28
2023-08-29 00:00:00+00:00,25.15308380126953,31.025999069213867,19.97599983215332,16.055355072021484,35.279998779296875,23.3700008392334,2023-08-29
2023-08-30 00:00:00+00:00,24.9010009765625,31.375999450683594,19.875999450683594,15.46324634552002,33.839996337890625,25.18000030517578,2023-08-30
2023-08-31 00:00:00+00:00,23.836416244506836,28.775999069213867,19.97599983215332,11.18320083618164,23.03999900817871,18.860000610351562,2023-08-31
2023-09-01 00:00:00+00:00,24.357254028320312,30.22599983215332,20.22599983215332,13.684735298156738,25.559999465942383,23.0,2023-09-01
2023-09-02 00:00:00+00:00,23.459333419799805,29.17599868774414,19.97599983215332,19.602651596069336,33.839996337890625,20.760000228881836,2023-09-02
2023-09-03 00:00:00+00:00,23.74683380126953,28.275999069213867,20.275999069213867,15.815435409545898,32.76000213623047,19.020000457763672,2023-09-03
2023-09-04 00:00:00+00:00,22.66141700744629,26.875999450683594,19.97599983215332,26.639999389648438,48.599998474121094,16.209999084472656,2023-09-04
2023-09-05 00:00:00+00:00,22.22391700744629,25.825998306274414,19.525999069213867,20.150354385375977,37.79999923706055,9.15999984741211,2023-09-05
2023-09-06 00:00:00+00:00,23.26141357421875,28.17599868774414,20.525999069213867,19.87839126586914,36.36000061035156,18.549999237060547,2023-09-06
2023-09-07 00:00:00+00:00,23.313499450683594,28.72599983215332,20.275999069213867,19.45332908630371,39.599998474121094,18.040000915527344,2023-09-07
2023-09-08 00:00:00+00:00,23.2780818939209,28.125999450683594,19.72599983215332,23.8634090423584,46.79999923706055,18.760000228881836,2023-09-08
2023-09-09 00:00:00+00:00,23.66975212097168,29.025999069213867,19.47599983215332,21.746503829956055,41.03999710083008,19.559999465942383,2023-09-09
2023-09-10 00:00:00+00:00,23.73433494567871,28.625999450683594,19.575998306274414,23.44150161743164,41.39999771118164,19.420000076293945,2023-09-10
2023-09-11 00:00:00+00:00,23.548917770385742,27.575998306274414,20.025999069213867,20.4186954498291,38.880001068115234,18.059999465942383,2023-09-11
2023-09-12 00:00:00+00:00,23.453086853027344,28.825998306274414,19.17599868774414,22.53956413269043,42.839996337890625,21.18000030517578,2023-09-12
2023-09-13 00:00:00+00:00,23.013498306274414,28.92599868774414,19.125999450683594,21.659915924072266,38.880001068115234,21.790000915527344,2023-09-13
2023-09-14 00:00:00+00:00,23.051002502441406,28.775999069213867,19.375999450683594,19.917469024658203,38.880001068115234,19.209999084472656,2023-09-14
2023-09-15 00:00:00+00:00,23.1530818939209,28.775999069213867,20.025999069213867,22.2647705078125,43.91999816894531,18.440000534057617,2023-09-15
2023-09-16 00:00:00+00:00,23.60308265686035,28.575998306274414,19.92599868774414,25.364036560058594,48.23999786376953,17.799999237060547,2023-09-16
2023-09-17 00:00:00+00:00,22.311418533325195,26.825998306274414,19.47599983215332,18.782203674316406,41.03999710083008,15.470000267028809,2023-09-17
2023-09-18 00:00:00+00:00,22.815584182739258,28.825998306274414,19.72599983215332,25.772077560424805,44.63999557495117,19.360000610351562,2023-09-18
2023-09-19 00:00:00+00:00,23.459333419799805,28.72599983215332,19.125999450683594,17.280000686645508,33.839996337890625,23.479999542236328,2023-09-19
2023-09-20 00:00:00+00:00,23.419748306274414,28.72599983215332,19.375999450683594,17.78268814086914,33.47999954223633,21.40999984741211,2023-09-20
2023-09-21 00:00:00+00:00,23.248916625976562,27.025999069213867,19.575998306274414,11.72075080871582,24.119998931884766,14.630000114440918,2023-09-21
2023-09-22 00:00:00+00:00,23.1822509765625,28.625999450683594,19.775999069213867,16.263872146606445,44.63999557495117,22.110000610351562,2023-09-22
2023-09-23 00:00:00+00:00,23.60933494567871,29.025999069213867,19.92599868774414,12.768586158752441,27.35999870300293,22.579999923706055,2023-09-23
2023-09-24 00:00:00+00:00,23.00933265686035,27.075998306274414,19.525999069213867,18.448022842407227,35.279998779296875,16.290000915527344,2023-09-24
2023-09-25 00:00:00+00:00,22.876001358032227,26.92599868774414,19.47599983215332,19.64228057861328,35.279998779296875,18.079999923706055,2023-09-25
2023-09-26 00:00:00+00:00,23.332246780395508,28.42599868774414,19.72599983215332,14.917211532592773,29.51999855041504,21.709999084472656,2023-09-26
2023-09-27 00:00:00+00:00,22.91766357421875,27.92599868774414,19.025999069213867,18.37411117553711,35.279998779296875,20.290000915527344,2023-09-27
2023-09-28 00:00:00+00:00,22.067670822143555,27.125999450683594,19.67599868774414,19.694992065429688,37.07999801635742,16.3799991607666,2023-09-28
2023-09-29 00:00:00+00:00,22.342666625976562,27.525999069213867,19.47599983215332,24.023088455200195,45.36000061035156,15.829999923706055,2023-09-29
2023-09-30 00:00:00+00:00,23.20308494567871,28.17599868774414,20.025999069213867,25.66120719909668,48.599998474121094,21.149999618530273,2023-09-30
2023-10-01 00:00:00+00:00,22.93849754333496,27.525999069213867,19.825998306274414,26.57668113708496,48.959999084472656,14.960000038146973,2023-10-01
2023-10-02 00:00:00+00:00,23.47808074951172,28.075998306274414,19.125999450683594,23.051246643066406,43.19999694824219,22.139999389648438,2023-10-02
2023-10-03 00:00:00+00:00,23.209335327148438,28.17599868774414,19.025999069213867,13.55150032043457,29.51999855041504,23.260000228881836,2023-10-03
2023-10-04 00:00:00+00:00,23.588502883911133,28.17599868774414,19.075998306274414,13.049689292907715,24.119998931884766,22.290000915527344,2023-10-04
2023-10-05 00:00:00+00:00,23.69891929626465,27.47599983215332,19.825998306274414,9.686609268188477,19.799999237060547,21.959999084472656,2023-10-05
2023-10-06 00:00:00+00:00,24.60099983215332,29.525999069213867,20.025999069213867,9.726663589477539,18.719999313354492,21.889999389648438,2023-10-06
2023-10-07 00:00:00+00:00,24.28641700744629,29.275999069213867,20.275999069213867,11.17740535736084,20.880001068115234,22.43000030517578,2023-10-07
2023-10-08 00:00:00+00:00,23.705169677734375,29.72599983215332,19.22599983215332,11.988594055175781,23.399999618530273,19.8799991607666,2023-10-08
2023-10-09 00:00:00+00:00,22.798913955688477,27.825998306274414,19.47599983215332,12.245292663574219,25.559999465942383,16.56999969482422,2023-10-09
2023-10-10 00:00:00+00:00,23.39891815185547,28.67599868774414,19.775999069213867,9.178235054016113,24.119998931884766,19.899999618530273,2023-10-10
2023-10-11 00:00:00+00:00,24.094751358032227,29.22599983215332,19.92599868774414,10.002559661865234,23.759998321533203,21.860000610351562,2023-10-11
2023-10-12 00:00:00+00:00,24.015581130981445,29.97599983215332,18.575998306274414,13.708391189575195,28.079999923706055,23.329999923706055,2023-10-12
2023-10-13 00:00:00+00:00,23.378084182739258,29.375999450683594,18.47599983215332,14.480772972106934,29.51999855041504,24.84000015258789,2023-10-13
2023-10-14 00:00:00+00:00,23.900999069213867,29.22599983215332,18.42599868774414,12.605141639709473,28.440000534057617,23.84000015258789,2023-10-14
2023-10-15 00:00:00+00:00,24.35725212097168,30.72599983215332,19.22599983215332,16.17197608947754,33.119998931884766,21.18000030517578,2023-10-15
2023-10-16 00:00:00+00:00,24.24683380126953,29.97599983215332,20.47599983215332,19.134260177612305,36.36000061035156,21.15999984741211,2023-10-16
2023-10-17 00:00:00+00:00,24.448915481567383,29.97599983215332,19.125999450683594,15.463244438171387,28.440000534057617,22.5,2023-10-17
2023-10-18 00:00:00+00:00,24.082250595092773,30.375999450683594,17.575998306274414,16.65753936767578,34.20000076293945,23.190000534057617,2023-10-18
2023-10-19 00:00:00+00:00,24.21558380126953,30.775999069213867,18.025999069213867,16.87013816833496,34.20000076293945,23.850000381469727,2023-10-19
2023-10-20 00:00:00+00:00,24.932249069213867,31.075998306274414,18.92599868774414,17.418195724487305,35.63999938964844,23.790000915527344,2023-10-20
2023-10-21 00:00:00+00:00,24.846834182739258,31.42599868774414,19.075998306274414,20.00835609436035,38.880001068115234,22.829999923706055,2023-10-21
2023-10-22 00:00:00+00:00,24.811416625976562,31.625999450683594,18.325998306274414,13.830748558044434,29.51999855041504,22.309999465942383,2023-10-22
2023-10-23 00:00:00+00:00,23.73017120361328,30.375999450683594,16.97599983215332,13.722564697265625,30.23999786376953,24.170000076293945,2023-10-23
2023-10-24 00:00:00+00:00,23.4968318939209,29.875999450683594,17.575998306274414,14.471820831298828,24.479999542236328,24.520000457763672,2023-10-24
2023-10-25 00:00:00+00:00,23.423919677734375,29.97599983215332,16.67599868774414,12.144330978393555,25.19999885559082,24.1200008392334,2023-10-25
2023-10-26 00:00:00+00:00,24.144750595092773,30.025999069213867,16.525999069213867,13.79791259765625,25.919998168945312,23.829999923706055,2023-10-26
2023-10-27 00:00:00+00:00,24.671831130981445,30.72599983215332,18.575998306274414,15.379205703735352,32.03999710083008,22.290000915527344,2023-10-27
2023-10-28 00:00:00+00:00,24.857248306274414,30.875999450683594,20.22599983215332,15.905319213867188,31.319997787475586,21.329999923706055,2023-10-28
2023-10-29 00:00:00+00:00,23.426002502441406,29.47599983215332,19.67599868774414,16.954431533813477,36.71999740600586,20.209999084472656,2023-10-29
2023-10-30 00:00:00+00:00,23.217666625976562,28.72599983215332,19.47599983215332,18.532133102416992,39.959999084472656,18.299999237060547,2023-10-30
2023-10-31 00:00:00+00:00,22.76141929626465,28.775999069213867,18.875999450683594,16.93531036376953,32.76000213623047,17.0,2023-10-31
2023-11-01 00:00:00+00:00,23.536415100097656,29.375999450683594,18.525999069213867,13.684735298156738,28.799999237060547,18.139999389648438,2023-11-01
2023-11-02 00:00:00+00:00,23.528078079223633,29.575998306274414,18.375999450683594,17.76081085205078,36.71999740600586,18.110000610351562,2023-11-02
2023-11-03 00:00:00+00:00,23.57183265686035,29.97599983215332,20.22599983215332,17.78268814086914,37.439998626708984,20.479999542236328,2023-11-03
2023-11-04 00:00:00+00:00,22.4947509765625,28.025999069213867,19.325998306274414,19.039199829101562,34.91999816894531,15.359999656677246,2023-11-04
2023-11-05 00:00:00+00:00,22.29474639892578,27.825998306274414,18.97599983215332,13.084402084350586,26.280000686645508,14.319999694824219,2023-11-05
2023-11-06 00:00:00+00:00,22.3697509765625,27.775999069213867,19.025999069213867,9.359999656677246,30.23999786376953,18.579999923706055,2023-11-06
2023-11-07 00:00:00+00:00,22.236417770385742,27.075998306274414,18.875999450683594,16.327497482299805,28.440000534057617,14.789999961853027,2023-11-07
2023-11-08 00:00:00+00:00,22.394752502441406,27.42599868774414,19.625999450683594,13.5706148147583,26.639999389648438,18.3700008392334,2023-11-08
2023-11-09 00:00:00+00:00,22.198915481567383,27.17599868774414,19.575998306274414,17.317459106445312,37.439998626708984,16.200000762939453,2023-11-09
2023-11-10 00:00:00+00:00,22.501001358032227,27.275999069213867,16.97599983215332,18.416383743286133,33.839996337890625,17.969999313354492,2023-11-10
2023-11-11 00:00:00+00:00,21.6822509765625,28.075998306274414,16.17599868774414,18.51114273071289,35.63999938964844,22.43000030517578,2023-11-11
2023-11-12 00:00:00+00:00,21.286413192749023,27.625999450683594,15.87600040435791,21.313093185424805,40.68000030517578,22.059999465942383,2023-11-12
2023-11-13 00:00:00+00:00,21.842666625976562,27.17599868774414,15.97599983215332,21.413190841674805,40.31999969482422,22.020000457763672,2023-11-13
2023-11-14 00:00:00+00:00,20.948915481567383,24.125999450683594,18.42599868774414,19.134260177612305,35.279998779296875,8.9399995803833,2023-11-14
2023-11-15 00:00:00+00:00,22.019750595092773,27.42599868774414,18.22599983215332,15.62997055053711,31.319997787475586,16.6200008392334,2023-11-15
2023-11-16 00:00:00+00:00,23.373918533325195,28.775999069213867,18.375999450683594,14.973576545715332,30.599998474121094,17.90999984741211,2023-11-16
2023-11-17 00:00:00+00:00,23.5593318939209,29.72599983215332,18.97599983215332,15.716793060302734,32.76000213623047,19.09000015258789,2023-11-17
2023-11-18 00:00:00+00:00,23.311416625976562,29.42599868774414,17.67599868774414,16.243940353393555,32.39999771118164,21.709999084472656,2023-11-18
2023-11-19 00:00:00+00:00,22.73433494567871,29.22599983215332,17.275999069213867,19.353139877319336,37.79999923706055,19.8700008392334,2023-11-19
2023-11-20 00:00:00+00:00,22.51141357421875,28.72599983215332,17.375999450683594,18.875125885009766,37.79999923706055,17.709999084472656,2023-11-20
2023-11-21 00:00:00+00:00,22.917665481567383,28.42599868774414,18.97599983215332,19.681827545166016,37.439998626708984,17.540000915527344,2023-11-21
2023-11-22 00:00:00+00:00,23.017663955688477,28.22599983215332,19.825998306274414,14.044614791870117,34.560001373291016,14.800000190734863,2023-11-22
2023-11-23 00:00:00+00:00,22.034334182739258,27.125999450683594,19.625999450683594,16.70415496826172,34.20000076293945,14.460000038146973,2023-11-23
2023-11-24 00:00:00+00:00,22.190582275390625,27.17599868774414,19.47599983215332,18.532133102416992,34.91999816894531,15.800000190734863,2023-11-24
2023-11-25 00:00:00+00:00,22.33641815185547,27.47599983215332,18.875999450683594,21.959999084472656,41.39999771118164,17.260000228881836,2023-11-25
2023-11-26 00:00:00+00:00,22.225997924804688,26.775999069213867,18.72599983215332,23.762725830078125,44.279998779296875,16.399999618530273,2023-11-26
2023-11-27 00:00:00+00:00,22.305166244506836,26.47599983215332,19.42599868774414,19.25579261779785,36.71999740600586,15.800000190734863,2023-11-27
2023-11-28 00:00:00+00:00,22.713499069213867,27.67599868774414,19.375999450683594,16.263872146606445,31.68000030517578,17.540000915527344,2023-11-28
2023-11-29 00:00:00+00:00,22.548917770385742,28.22599983215332,19.625999450683594,19.82943344116211,38.15999984741211,16.799999237060547,2023-11-29
2023-11-30 00:00:00+00:00,22.29475212097168,27.875999450683594,18.47599983215332,19.930477142333984,37.07999801635742,17.489999771118164,2023-11-30
2023-12-01 00:00:00+00:00,22.013504028320312,28.025999069213867,17.775999069213867,17.076297760009766,32.76000213623047,16.020000457763672,2023-12-01
2023-12-02 00:00:00+00:00,22.37183380126953,28.22599983215332,17.375999450683594,21.611995697021484,39.599998474121094,17.420000076293945,2023-12-02
2023-12-03 00:00:00+00:00,22.023916244506836,26.47599983215332,19.625999450683594,25.570138931274414,47.519996643066406,12.899999618530273,2023-12-03
2023-12-04 00:00:00+00:00,21.338499069213867,24.025999069213867,18.72599983215332,27.009597778320312,48.23999786376953,6.429999828338623,2023-12-04
2023-12-05 00:00:00+00:00,22.6510009765625,28.525999069213867,17.72599983215332,18.356470108032227,34.91999816894531,15.720000267028809,2023-12-05
2023-12-06 00:00:00+00:00,22.848913192749023,28.42599868774414,17.075998306274414,13.905508995056152,24.119998931884766,20.68000030517578,2023-12-06
2023-12-07 00:00:00+00:00,23.303083419799805,28.875999450683594,18.42599868774414,13.207633972167969,22.68000030517578,17.770000457763672,2023-12-07
2023-12-08 00:00:00+00:00,23.01141929626465,28.375999450683594,19.825998306274414,13.979870796203613,28.440000534057617,14.609999656677246,2023-12-08
2023-12-09 00:00:00+00:00,22.78641700744629,27.125999450683594,19.625999450683594,14.44044303894043,28.079999923706055,15.789999961853027,2023-12-09
2023-12-10 00:00:00+00:00,22.892667770385742,28.275999069213867,18.92599868774414,14.869351387023926,30.599998474121094,16.030000686645508,2023-12-10
2023-12-11 00:00:00+00:00,22.48433494567871,27.775999069213867,18.22599983215332,14.5610990524292,29.8799991607666,16.06999969482422,2023-12-11
2023-12-12 00:00:00+00:00,21.863502502441406,28.125999450683594,16.72599983215332,15.188414573669434,27.719999313354492,19.59000015258789,2023-12-12
2023-12-13 00:00:00+00:00,21.01558494567871,26.575998306274414,16.325998306274414,16.981164932250977,33.47999954223633,20.780000686645508,2023-12-13
2023-12-14 00:00:00+00:00,21.034334182739258,26.22599983215332,16.625999450683594,18.345876693725586,34.91999816894531,19.299999237060547,2023-12-14
2023-12-15 00:00:00+00:00,22.280166625976562,28.375999450683594,16.42599868774414,16.343366622924805,29.8799991607666,17.739999771118164,2023-12-15
2023-12-16 00:00:00+00:00,22.305166244506836,28.625999450683594,18.375999450683594,19.523155212402344,39.23999786376953,16.6200008392334,2023-12-16
2023-12-17 00:00:00+00:00,21.48225212097168,26.525999069213867,18.275999069213867,21.542922973632812,40.31999969482422,11.760000228881836,2023-12-17
2023-12-18 00:00:00+00:00,21.503082275390625,26.575998306274414,17.92599868774414,21.566974639892578,39.599998474121094,16.209999084472656,2023-12-18
2023-12-19 00:00:00+00:00,21.017667770385742,26.97599983215332,17.22599983215332,17.87355613708496,36.0,18.079999923706055,2023-12-19
2023-12-20 00:00:00+00:00,21.094751358032227,26.97599983215332,16.97599983215332,16.923828125,33.47999954223633,15.569999694824219,2023-12-20
2023-12-21 00:00:00+00:00,21.986417770385742,28.525999069213867,16.92599868774414,14.241629600524902,29.15999984741211,19.850000381469727,2023-12-21
2023-12-22 00:00:00+00:00,22.10099983215332,28.47599983215332,16.375999450683594,14.039999961853027,27.35999870300293,20.450000762939453,2023-12-22
2023-12-23 00:00:00+00:00,20.50933265686035,28.325998306274414,14.276000022888184,13.849475860595703,27.35999870300293,20.81999969482422,2023-12-23
2023-12-24 00:00:00+00:00,21.48433494567871,28.875999450683594,14.026000022888184,17.873554229736328,31.68000030517578,20.229999542236328,2023-12-24
2023-12-25 00:00:00+00:00,21.803085327148438,28.525999069213867,16.525999069213867,20.54840087890625,39.23999786376953,19.440000534057617,2023-12-25
2023-12-26 00:00:00+00:00,20.515581130981445,27.97599983215332,14.47599983215332,19.06300926208496,37.439998626708984,21.719999313354492,2023-12-26
2023-12-27 00:00:00+00:00,20.775997161865234,28.17599868774414,14.925999641418457,19.930477142333984,39.23999786376953,21.530000686645508,2023-12-27
2023-12-28 00:00:00+00:00,21.190582275390625,27.97599983215332,15.425999641418457,18.94024085998535,37.07999801635742,19.940000534057617,2023-12-28
2023-12-29 00:00:00+00:00,21.548917770385742,27.875999450683594,16.625999450683594,20.19211769104004,39.23999786376953,19.1200008392334,2023-12-29
2023-12-30 00:00:00+00:00,21.425996780395508,27.825998306274414,16.775999069213867,16.299694061279297,31.319997787475586,20.739999771118164,2023-12-30
2023-12-31 00:00:00+00:00,21.186418533325195,27.92599868774414,16.625999450683594,16.39482879638672,31.68000030517578,20.969999313354492,2023-12-31
2024-01-01 00:00:00+00:00,22.125999450683594,28.42599868774414,16.875999450683594,19.052810668945312,32.39999771118164,20.84000015258789,2024-01-01
2024-01-02 00:00:00+00:00,21.792665481567383,27.575998306274414,16.92599868774414,18.356470108032227,30.599998474121094,17.920000076293945,2024-01-02
2024-01-03 00:00:00+00:00,21.642667770385742,27.375999450683594,16.42599868774414,16.946786880493164,29.15999984741211,18.0,2024-01-03
2024-01-04 00:00:00+00:00,21.542665481567383,25.47599983215332,18.575998306274414,17.654685974121094,32.03999710083008,9.770000457763672,2024-01-04
2024-01-05 00:00:00+00:00,22.525999069213867,26.97599983215332,18.625999450683594,16.17197608947754,27.719999313354492,16.809999465942383,2024-01-05
2024-01-06 00:00:00+00:00,22.573915481567383,28.72599983215332,17.72599983215332,17.313716888427734,31.68000030517578,19.0,2024-01-06
2024-01-07 00:00:00+00:00,22.123916625976562,27.825998306274414,17.025999069213867,19.493261337280273,36.0,19.6299991607666,2024-01-07
2024-01-08 00:00:00+00:00,20.42183494567871,23.525999069213867,18.875999450683594,21.218631744384766,37.79999923706055,5.480000019073486,2024-01-08
2024-01-09 00:00:00+00:00,21.365583419799805,26.575998306274414,17.22599983215332,25.277023315429688,45.0,16.829999923706055,2024-01-09
2024-01-10 00:00:00+00:00,20.940584182739258,24.97599983215332,17.125999450683594,19.130874633789062,36.71999740600586,11.399999618530273,2024-01-10
2024-01-11 00:00:00+00:00,21.111417770385742,27.825998306274414,15.576000213623047,17.69867706298828,34.91999816894531,20.469999313354492,2024-01-11
2024-01-12 00:00:00+00:00,20.89891815185547,27.325998306274414,15.576000213623047,23.44150161743164,44.279998779296875,21.329999923706055,2024-01-12
2024-01-13 00:00:00+00:00,21.43016815185547,28.47599983215332,15.826000213623047,15.188414573669434,32.39999771118164,19.479999542236328,2024-01-13
2024-01-14 00:00:00+00:00,21.617666244506836,28.42599868774414,15.87600040435791,16.548255920410156,34.20000076293945,21.260000228881836,2024-01-14
2024-01-15 00:00:00+00:00,21.50933265686035,28.17599868774414,15.576000213623047,15.546833038330078,28.079999923706055,21.850000381469727,2024-01-15
2024-01-16 00:00:00+00:00,21.5260009765625,28.275999069213867,15.675999641418457,13.527571678161621,23.03999900817871,21.90999984741211,2024-01-16
2024-01-17 00:00:00+00:00,21.8385009765625,28.375999450683594,15.87600040435791,16.450069427490234,27.35999870300293,21.940000534057617,2024-01-17
2024-01-18 00:00:00+00:00,22.35933494567871,28.92599868774414,16.625999450683594,14.68958854675293,24.84000015258789,21.389999389648438,2024-01-18
2024-01-19 00:00:00+00:00,22.780166625976562,29.42599868774414,16.97599983215332,18.720001220703125,32.03999710083008,21.110000610351562,2024-01-19
2024-01-20 00:00:00+00:00,22.471832275390625,29.17599868774414,16.575998306274414,18.05750846862793,33.119998931884766,20.239999771118164,2024-01-20
2024-01-21 00:00:00+00:00,22.9635009765625,29.22599983215332,17.025999069213867,15.294703483581543,29.15999984741211,22.030000686645508,2024-01-21
2024-01-22 00:00:00+00:00,23.019746780395508,29.22599983215332,17.025999069213867,18.331741333007812,30.599998474121094,21.969999313354492,2024-01-22
2024-01-23 00:00:00+00:00,22.676002502441406,29.125999450683594,16.97599983215332,16.61079216003418,28.079999923706055,22.190000534057617,2024-01-23
2024-01-24 00:00:00+00:00,23.111417770385742,29.72599983215332,17.325998306274414,15.408671379089355,26.280000686645508,21.040000915527344,2024-01-24
2024-01-25 00:00:00+00:00,23.019750595092773,28.575998306274414,16.875999450683594,17.533145904541016,29.51999855041504,17.84000015258789,2024-01-25
2024-01-26 00:00:00+00:00,21.753080368041992,28.275999069213867,16.275999069213867,19.06300926208496,37.79999923706055,22.799999237060547,2024-01-26
2024-01-27 00:00:00+00:00,21.64058494567871,28.375999450683594,16.17599868774414,18.356470108032227,37.439998626708984,22.68000030517578,2024-01-27
2024-01-28 00:00:00+00:00,21.65516471862793,28.42599868774414,15.97599983215332,16.750640869140625,33.119998931884766,21.5,2024-01-28
2024-01-29 00:00:00+00:00,21.44474983215332,28.22599983215332,15.47599983215332,15.13713264465332,28.440000534057617,23.010000228881836,2024-01-29
2024-01-30 00:00:00+00:00,22.032249450683594,29.22599983215332,15.12600040435791,16.243940353393555,27.719999313354492,22.860000610351562,2024-01-30
2024-01-31 00:00:00+00:00,23.19683265686035,29.575998306274414,17.375999450683594,14.904172897338867,24.84000015258789,22.75,2024-01-31
2024-02-01 00:00:00+00:00,23.509336471557617,30.025999069213867,18.375999450683594,13.891522407531738,25.19999885559082,22.829999923706055,2024-02-01
2024-02-02 00:00:00+00:00,23.971834182739258,30.575998306274414,18.92599868774414,14.98222827911377,25.559999465942383,21.780000686645508,2024-02-02
2024-02-03 00:00:00+00:00,24.234331130981445,30.42599868774414,18.325998306274414,19.4699764251709,33.119998931884766,19.81999969482422,2024-02-03
2024-02-04 00:00:00+00:00,23.07183074951172,29.67599868774414,17.075998306274414,16.56391143798828,35.279998779296875,23.059999465942383,2024-02-04
2024-02-05 00:00:00+00:00,23.04058074951172,30.625999450683594,16.075998306274414,15.391839981079102,31.319997787475586,23.56999969482422,2024-02-05
2024-02-06 00:00:00+00:00,23.72808265686035,32.176002502441406,15.776000022888184,18.59844970703125,37.79999923706055,23.75,2024-02-06
2024-02-07 00:00:00+00:00,24.5593318939209,32.57600021362305,16.775999069213867,18.59844970703125,37.439998626708984,23.940000534057617,2024-02-07
2024-02-08 00:00:00+00:00,24.91349983215332,32.926002502441406,17.025999069213867,17.727943420410156,36.71999740600586,24.040000915527344,2024-02-08
2024-02-09 00:00:00+00:00,24.488496780395508,32.2760009765625,17.075998306274414,17.819089889526367,33.47999954223633,23.90999984741211,2024-02-09
2024-02-10 00:00:00+00:00,23.35308074951172,30.825998306274414,17.075998306274414,19.469974517822266,37.79999923706055,23.8799991607666,2024-02-10
2024-02-11 00:00:00+00:00,22.94474983215332,30.47599983215332,16.125999450683594,18.59844970703125,38.15999984741211,23.940000534057617,2024-02-11
2024-02-12 00:00:00+00:00,22.78641700744629,30.825998306274414,15.826000213623047,18.356470108032227,37.79999923706055,24.540000915527344,2024-02-12
2024-02-13 00:00:00+00:00,23.54683494567871,30.67599868774414,17.325998306274414,17.373497009277344,33.119998931884766,24.190000534057617,2024-02-13
2024-02-14 00:00:00+00:00,23.867666244506836,30.72599983215332,17.625999450683594,18.161277770996094,34.20000076293945,23.260000228881836,2024-02-14
2024-02-15 00:00:00+00:00,23.27391815185547,30.775999069213867,16.775999069213867,18.356470108032227,37.439998626708984,24.450000762939453,2024-02-15
2024-02-16 00:00:00+00:00,23.123916625976562,29.825998306274414,16.67599868774414,20.721118927001953,40.31999969482422,24.190000534057617,2024-02-16
2024-02-17 00:00:00+00:00,24.194747924804688,31.325998306274414,17.075998306274414,19.48328399658203,33.119998931884766,24.690000534057617,2024-02-17
2024-02-18 00:00:00+00:00,24.848915100097656,32.125999450683594,17.575998306274414,20.037485122680664,34.91999816894531,24.610000610351562,2024-02-18
2024-02-19 00:00:00+00:00,24.41975212097168,31.025999069213867,17.275999069213867,18.97100830078125,32.39999771118164,23.969999313354492,2024-02-19
2024-02-20 00:00:00+00:00,25.5905818939209,31.625999450683594,18.825998306274414,15.34968376159668,25.559999465942383,24.559999465942383,2024-02-20
2024-02-21 00:00:00+00:00,25.661415100097656,32.07600021362305,19.72599983215332,11.246759414672852,27.719999313354492,23.219999313354492,2024-02-21
2024-02-22 00:00:00+00:00,25.786413192749023,32.426002502441406,19.375999450683594,11.874544143676758,24.84000015258789,24.329999923706055,2024-02-22
2024-02-23 00:00:00+00:00,25.82600212097168,32.72600173950195,18.47599983215332,15.986593246459961,26.639999389648438,25.010000228881836,2024-02-23
2024-02-24 00:00:00+00:00,25.598915100097656,31.775999069213867,19.47599983215332,16.099689483642578,27.35999870300293,20.389999389648438,2024-02-24
2024-02-25 00:00:00+00:00,25.248916625976562,32.125999450683594,18.22599983215332,21.829776763916016,36.71999740600586,24.040000915527344,2024-02-25
2024-02-26 00:00:00+00:00,23.91766929626465,31.22599983215332,17.825998306274414,22.12755584716797,42.839996337890625,24.309999465942383,2024-02-26
2024-02-27 00:00:00+00:00,24.226003646850586,31.125999450683594,17.67599868774414,18.998315811157227,35.279998779296875,24.639999389648438,2024-02-27
2024-02-28 00:00:00+00:00,24.750999450683594,32.625999450683594,17.22599983215332,18.07902717590332,35.279998779296875,25.84000015258789,2024-02-28
2024-02-29 00:00:00+00:00,24.484331130981445,32.22600173950195,16.375999450683594,19.852294921875,39.959999084472656,26.0,2024-02-29
2024-03-01 00:00:00+00:00,24.711416244506836,32.375999450683594,16.72599983215332,18.94708251953125,38.880001068115234,25.59000015258789,2024-03-01
2024-03-02 00:00:00+00:00,25.240585327148438,32.5260009765625,17.575998306274414,18.89914321899414,38.880001068115234,25.209999084472656,2024-03-02
2024-03-03 00:00:00+00:00,25.5593318939209,32.72600173950195,18.375999450683594,17.0725040435791,29.8799991607666,25.3700008392334,2024-03-03
2024-03-04 00:00:00+00:00,26.688499450683594,34.426002502441406,18.92599868774414,17.388408660888672,28.799999237060547,25.5,2024-03-04
2024-03-05 00:00:00+00:00,26.90308380126953,34.2760009765625,18.875999450683594,20.80849838256836,36.0,25.700000762939453,2024-03-05
2024-03-06 00:00:00+00:00,27.155166625976562,34.5260009765625,19.97599983215332,19.969457626342773,33.47999954223633,23.889999389648438,2024-03-06
2024-03-07 00:00:00+00:00,27.323915481567383,34.47600173950195,19.92599868774414,15.46324634552002,26.280000686645508,25.530000686645508,2024-03-07
2024-03-08 00:00:00+00:00,27.09266471862793,33.57600021362305,20.825998306274414,14.812589645385742,28.799999237060547,21.920000076293945,2024-03-08
2024-03-09 00:00:00+00:00,27.88224983215332,33.426002502441406,20.47599983215332,17.884428024291992,35.279998779296875,19.8700008392334,2024-03-09
2024-03-10 00:00:00+00:00,27.44266700744629,33.2760009765625,21.92599868774414,22.476226806640625,38.519996643066406,18.06999969482422,2024-03-10
2024-03-11 00:00:00+00:00,27.075998306274414,33.875999450683594,20.775999069213867,19.64228057861328,35.63999938964844,21.809999465942383,2024-03-11
2024-03-12 00:00:00+00:00,27.519750595092773,34.176002502441406,20.275999069213867,16.831684112548828,29.15999984741211,25.510000228881836,2024-03-12
2024-03-13 00:00:00+00:00,28.036415100097656,34.57600021362305,21.72599983215332,16.808570861816406,31.68000030517578,21.81999969482422,2024-03-13
2024-03-14 00:00:00+00:00,28.111417770385742,34.125999450683594,21.72599983215332,15.79083251953125,30.96000099182129,24.510000228881836,2024-03-14
2024-03-15 00:00:00+00:00,28.607248306274414,34.7760009765625,21.825998306274414,19.64228057861328,33.119998931884766,20.8799991607666,2024-03-15
2024-03-16 00:00:00+00:00,28.113496780395508,35.5260009765625,21.17599868774414,17.782686233520508,34.560001373291016,25.079999923706055,2024-03-16
2024-03-17 00:00:00+00:00,27.25516700744629,34.57600021362305,20.575998306274414,19.376562118530273,34.20000076293945,24.450000762939453,2024-03-17
2024-03-18 00:00:00+00:00,27.35308265686035,34.82600021362305,20.025999069213867,15.62997055053711,31.68000030517578,24.290000915527344,2024-03-18
2024-03-19 00:00:00+00:00,27.161415100097656,34.426002502441406,20.575998306274414,20.3168888092041,36.36000061035156,24.239999771118164,2024-03-19
2024-03-20 00:00:00+00:00,27.219749450683594,35.22600173950195,20.17599868774414,18.837322235107422,33.119998931884766,25.43000030517578,2024-03-20
2024-03-21 00:00:00+00:00,25.830167770385742,32.676002502441406,19.97599983215332,19.592731475830078,33.119998931884766,22.280000686645508,2024-03-21
2024-03-22 00:00:00+00:00,26.85308265686035,34.125999450683594,19.92599868774414,15.003839492797852,29.15999984741211,25.110000610351562,2024-03-22
2024-03-23 00:00:00+00:00,27.365585327148438,34.57600021362305,19.42599868774414,18.806337356567383,34.20000076293945,26.420000076293945,2024-03-23
2024-03-24 00:00:00+00:00,27.46558380126953,35.0260009765625,19.67599868774414,17.227418899536133,36.0,26.770000457763672,2024-03-24
2024-03-25 00:00:00+00:00,27.711416244506836,35.5260009765625,19.275999069213867,19.966211318969727,38.15999984741211,25.68000030517578,2024-03-25
2024-03-26 00:00:00+00:00,27.33433723449707,35.47600173950195,19.525999069213867,19.930479049682617,39.959999084472656,26.780000686645508,2024-03-26
2024-03-27 00:00:00+00:00,26.940584182739258,34.97600173950195,18.875999450683594,19.493261337280273,40.31999969482422,27.170000076293945,2024-03-27
2024-03-28 00:00:00+00:00,27.97808265686035,35.2760009765625,19.825998306274414,16.343366622924805,34.91999816894531,26.760000228881836,2024-03-28
2024-03-29 00:00:00+00:00,28.41558265686035,35.97600173950195,20.72599983215332,18.806337356567383,39.599998474121094,26.260000228881836,2024-03-29
2024-03-30 00:00:00+00:00,28.159332275390625,35.72600173950195,20.625999450683594,20.211362838745117,39.23999786376953,27.020000457763672,2024-03-30
2024-03-31 00:00:00+00:00,27.488500595092773,35.47600173950195,20.17599868774414,15.188414573669434,32.39999771118164,26.93000030517578,2024-03-31
2024-04-01 00:00:00+00:00,28.49683380126953,36.07600021362305,20.42599868774414,13.479582786560059,24.84000015258789,26.6299991607666,2024-04-01
2024-04-02 00:00:00+00:00,29.221830368041992,36.82600021362305,21.875999450683594,17.90253448486328,30.96000099182129,26.399999618530273,2024-04-02
2024-04-03 00:00:00+00:00,29.048917770385742,36.676002502441406,21.72599983215332,18.07902717590332,34.91999816894531,27.0,2024-04-03
2024-04-04 00:00:00+00:00,29.015586853027344,36.47600173950195,22.025999069213867,14.685175895690918,33.839996337890625,27.350000381469727,2024-04-04
2024-04-05 00:00:00+00:00,29.453081130981445,37.5260009765625,22.275999069213867,19.959718704223633,39.23999786376953,26.90999984741211,2024-04-05
2024-04-06 00:00:00+00:00,29.9947509765625,37.426002502441406,21.42599868774414,20.478906631469727,42.119998931884766,26.989999771118164,2024-04-06
2024-04-07 00:00:00+00:00,29.486413955688477,37.07600021362305,21.775999069213867,17.884428024291992,36.0,27.18000030517578,2024-04-07
2024-04-08 00:00:00+00:00,29.226003646850586,37.0260009765625,21.625999450683594,20.3168888092041,36.71999740600586,27.329999923706055,2024-04-08
2024-04-09 00:00:00+00:00,28.26558494567871,35.375999450683594,21.22599983215332,17.917007446289062,34.560001373291016,27.229999542236328,2024-04-09
2024-04-10 00:00:00+00:00,28.303085327148438,35.57600021362305,20.72599983215332,18.837322235107422,34.91999816894531,27.34000015258789,2024-04-10
2024-04-11 00:00:00+00:00,28.478086471557617,35.72600173950195,20.575998306274414,22.26767921447754,38.880001068115234,27.010000228881836,2024-04-11
2024-04-12 00:00:00+00:00,27.603078842163086,34.72600173950195,21.875999450683594,21.37078285217285,37.07999801635742,22.809999465942383,2024-04-12
2024-04-13 00:00:00+00:00,27.932252883911133,34.97600173950195,21.375999450683594,27.1412296295166,46.439998626708984,25.049999237060547,2024-04-13
2024-04-14 00:00:00+00:00,27.988500595092773,35.32600021362305,20.72599983215332,19.11054229736328,38.519996643066406,26.8700008392334,2024-04-14
2024-04-15 00:00:00+00:00,28.290586471557617,35.97600173950195,20.625999450683594,20.59879493713379,39.23999786376953,27.200000762939453,2024-04-15
2024-04-16 00:00:00+00:00,28.96141815185547,36.2760009765625,19.92599868774414,18.584510803222656,36.36000061035156,27.040000915527344,2024-04-16
2024-04-17 00:00:00+00:00,29.84891700744629,37.57600021362305,22.67599868774414,15.986593246459961,31.319997787475586,25.610000610351562,2024-04-17
2024-04-18 00:00:00+00:00,30.76350212097168,37.7760009765625,22.875999450683594,17.11420440673828,32.39999771118164,24.350000381469727,2024-04-18
2024-04-19 00:00:00+00:00,31.063499450683594,38.07600021362305,24.075998306274414,16.279802322387695,34.560001373291016,25.3700008392334,2024-04-19
2024-04-20 00:00:00+00:00,30.001001358032227,37.22600173950195,23.775999069213867,16.559999465942383,34.20000076293945,22.950000762939453,2024-04-20
2024-04-21 00:00:00+00:00,30.30933952331543,37.125999450683594,22.875999450683594,16.750640869140625,35.279998779296875,25.3700008392334,2024-04-21
2024-04-22 00:00:00+00:00,30.034334182739258,37.72600173950195,22.92599868774414,20.172853469848633,37.79999923706055,26.18000030517578,2024-04-22
2024-04-23 00:00:00+00:00,29.89058494567871,37.2760009765625,22.17599868774414,18.875125885009766,38.880001068115234,27.290000915527344,2024-04-23
2024-04-24 00:00:00+00:00,30.055166244506836,36.875999450683594,21.97599983215332,19.008544921875,39.959999084472656,27.270000457763672,2024-04-24
2024-04-25 00:00:00+00:00,30.15308380126953,37.5260009765625,22.625999450683594,25.305208206176758,43.91999816894531,25.360000610351562,2024-04-25
2024-04-26 00:00:00+00:00,30.18433380126953,37.22600173950195,21.92599868774414,22.424270629882812,39.599998474121094,26.690000534057617,2024-04-26
2024-04-27 00:00:00+00:00,29.857248306274414,37.72600173950195,21.42599868774414,18.86138916015625,38.15999984741211,27.389999389648438,2024-04-27
2024-04-28 00:00:00+00:00,30.653085708618164,38.625999450683594,22.325998306274414,18.356470108032227,37.439998626708984,27.170000076293945,2024-04-28
2024-04-29 00:00:00+00:00,30.46141815185547,37.97600173950195,23.72599983215332,16.93531036376953,36.36000061035156,26.739999771118164,2024-04-29
2024-04-30 00:00:00+00:00,30.85725212097168,38.57600021362305,23.72599983215332,15.89309310913086,34.560001373291016,26.65999984741211,2024-04-30
2024-05-01 00:00:00+00:00,31.80100440979004,39.47600173950195,23.22599983215332,16.311613082885742,31.319997787475586,25.420000076293945,2024-05-01
2024-05-02 00:00:00+00:00,31.271833419799805,37.875999450683594,24.67599868774414,18.10409927368164,35.279998779296875,23.860000610351562,2024-05-02
2024-05-03 00:00:00+00:00,28.88016700744629,37.5260009765625,23.375999450683594,19.386592864990234,38.15999984741211,20.860000610351562,2024-05-03
2024-05-04 00:00:00+00:00,29.594749450683594,37.875999450683594,23.17599868774414,18.161277770996094,42.47999954223633,21.81999969482422,2024-05-04
2024-05-05 00:00:00+00:00,30.13641929626465,37.676002502441406,23.22599983215332,17.388408660888672,33.47999954223633,22.639999389648438,2024-05-05
2024-05-06 00:00:00+00:00,30.50933265686035,39.32600021362305,23.275999069213867,12.879752159118652,32.76000213623047,22.950000762939453,2024-05-06
2024-05-07 00:00:00+00:00,28.715578079223633,35.926002502441406,21.72599983215332,18.214717864990234,37.79999923706055,22.770000457763672,2024-05-07
2024-05-08 00:00:00+00:00,27.857248306274414,33.97600173950195,21.525999069213867,14.007655143737793,25.559999465942383,21.3799991607666,2024-05-08
2024-05-09 00:00:00+00:00,27.055166244506836,32.7760009765625,22.525999069213867,16.263872146606445,30.96000099182129,21.18000030517578,2024-05-09
2024-05-10 00:00:00+00:00,26.532255172729492,32.97600173950195,21.97599983215332,16.981164932250977,34.560001373291016,22.200000762939453,2024-05-10
2024-05-11 00:00:00+00:00,27.488502502441406,34.0260009765625,21.67599868774414,16.74677276611328,33.119998931884766,24.030000686645508,2024-05-11
2024-05-12 00:00:00+00:00,26.086416244506836,31.825998306274414,20.97599983215332,18.075441360473633,36.36000061035156,21.729999542236328,2024-05-12
2024-05-13 00:00:00+00:00,26.307249069213867,32.676002502441406,20.825998306274414,15.509273529052734,29.8799991607666,24.43000030517578,2024-05-13
2024-05-14 00:00:00+00:00,24.99891471862793,29.22599983215332,21.575998306274414,10.245779991149902,25.919998168945312,15.529999732971191,2024-05-14
2024-05-15 00:00:00+00:00,26.088499069213867,32.22600173950195,21.17599868774414,18.67147445678711,32.76000213623047,24.75,2024-05-15
2024-05-16 00:00:00+00:00,24.325998306274414,27.17599868774414,20.92599868774414,13.3637113571167,24.479999542236328,11.829999923706055,2024-05-16
2024-05-17 00:00:00+00:00,24.24266815185547,29.325998306274414,21.275999069213867,14.345897674560547,33.119998931884766,16.329999923706055,2024-05-17
2024-05-18 00:00:00+00:00,24.0593318939209,29.275999069213867,21.125999450683594,17.81181526184082,33.47999954223633,15.9399995803833,2024-05-18
2024-05-19 00:00:00+00:00,24.5593318939209,29.275999069213867,21.47599983215332,6.119999885559082,21.599998474121094,16.520000457763672,2024-05-19
2024-05-20 00:00:00+00:00,23.58641242980957,27.575998306274414,21.125999450683594,17.90253448486328,35.63999938964844,13.859999656677246,2024-05-20
2024-05-21 00:00:00+00:00,24.32600212097168,29.775999069213867,21.22599983215332,17.727943420410156,36.0,17.420000076293945,2024-05-21
2024-05-22 00:00:00+00:00,24.838499069213867,29.825998306274414,20.92599868774414,19.272613525390625,40.68000030517578,18.549999237060547,2024-05-22
2024-05-23 00:00:00+00:00,26.07808494567871,31.525999069213867,20.47599983215332,15.6837739944458,29.15999984741211,22.059999465942383,2024-05-23
2024-05-24 00:00:00+00:00,24.680166244506836,29.825998306274414,21.775999069213867,16.039201736450195,34.91999816894531,13.34000015258789,2024-05-24
2024-05-25 00:00:00+00:00,25.080163955688477,29.67599868774414,21.775999069213867,21.897945404052734,41.03999710083008,15.59000015258789,2024-05-25
2024-05-26 00:00:00+00:00,24.594749450683594,29.17599868774414,20.875999450683594,27.210378646850586,49.68000030517578,19.739999771118164,2024-05-26
2024-05-27 00:00:00+00:00,25.66349983215332,30.575998306274414,20.67599868774414,23.80359649658203,44.279998779296875,23.940000534057617,2024-05-27
2024-05-28 00:00:00+00:00,25.596834182739258,32.22600173950195,20.67599868774414,21.746501922607422,41.39999771118164,25.09000015258789,2024-05-28
2024-05-29 00:00:00+00:00,26.49266815185547,32.125999450683594,20.47599983215332,22.322900772094727,39.23999786376953,24.479999542236328,2024-05-29
2024-05-30 00:00:00+00:00,26.034332275390625,32.176002502441406,21.42599868774414,17.057313919067383,37.07999801635742,23.459999084472656,2024-05-30
2024-05-31 00:00:00+00:00,26.60933494567871,32.176002502441406,21.625999450683594,17.713315963745117,34.560001373291016,20.350000381469727,2024-05-31
2024-06-01 00:00:00+00:00,25.54266929626465,32.22600173950195,22.375999450683594,14.799459457397461,33.119998931884766,20.479999542236328,2024-06-01
2024-06-02 00:00:00+00:00,25.423917770385742,30.92599868774414,22.325998306274414,11.770402908325195,32.03999710083008,22.31999969482422,2024-06-02
2024-06-03 00:00:00+00:00,24.592666625976562,28.42599868774414,21.42599868774414,13.044723510742188,27.35999870300293,17.190000534057617,2024-06-03
2024-06-04 00:00:00+00:00,24.594749450683594,29.42599868774414,21.325998306274414,13.397611618041992,27.35999870300293,18.5,2024-06-04
2024-06-05 00:00:00+00:00,23.844751358032227,27.625999450683594,20.92599868774414,10.966712951660156,27.35999870300293,15.4399995803833,2024-06-05
2024-06-06 00:00:00+00:00,23.575998306274414,28.125999450683594,21.375999450683594,20.746122360229492,36.71999740600586,12.359999656677246,2024-06-06
2024-06-07 00:00:00+00:00,23.278085708618164,27.125999450683594,20.67599868774414,21.868331909179688,42.47999954223633,17.31999969482422,2024-06-07
2024-06-08 00:00:00+00:00,23.7155818939209,28.825998306274414,20.72599983215332,22.702844619750977,46.79999923706055,21.209999084472656,2024-06-08
2024-06-09 00:00:00+00:00,23.555166244506836,27.125999450683594,20.525999069213867,28.339569091796875,54.0,17.860000610351562,2024-06-09
2024-06-10 00:00:00+00:00,23.79266929626465,27.575998306274414,20.775999069213867,28.410364151000977,53.63999557495117,19.93000030517578,2024-06-10
2024-06-11 00:00:00+00:00,23.5593318939209,28.825998306274414,20.67599868774414,26.758922576904297,51.119998931884766,17.219999313354492,2024-06-11
2024-06-12 00:00:00+00:00,22.888498306274414,27.72599983215332,20.025999069213867,24.187068939208984,46.07999801635742,15.289999961853027,2024-06-12
2024-06-13 00:00:00+00:00,23.203086853027344,28.67599868774414,20.275999069213867,23.499481201171875,45.36000061035156,19.09000015258789,2024-06-13
2024-06-14 00:00:00+00:00,23.84474754333496,28.625999450683594,19.575998306274414,21.129884719848633,40.31999969482422,18.93000030517578,2024-06-14
2024-06-15 00:00:00+00:00,24.315582275390625,29.875999450683594,19.42599868774414,17.727943420410156,34.20000076293945,24.09000015258789,2024-06-15
2024-06-16 00:00:00+00:00,23.94891929626465,29.275999069213867,19.625999450683594,20.61766242980957,39.599998474121094,21.90999984741211,2024-06-16
2024-06-17 00:00:00+00:00,24.29058265686035,29.825998306274414,20.325998306274414,17.208602905273438,33.839996337890625,21.489999771118164,2024-06-17
2024-06-18 00:00:00+00:00,23.68433380126953,29.22599983215332,20.325998306274414,22.206485748291016,43.560001373291016,20.079999923706055,2024-06-18
2024-06-19 00:00:00+00:00,23.401002883911133,29.17599868774414,20.17599868774414,19.44333267211914,39.599998474121094,16.309999465942383,2024-06-19
2024-06-20 00:00:00+00:00,23.423919677734375,28.275999069213867,19.72599983215332,22.35481071472168,44.63999557495117,15.960000038146973,2024-06-20
2024-06-21 00:00:00+00:00,23.25933265686035,28.825998306274414,19.92599868774414,23.04281234741211,45.36000061035156,17.940000534057617,2024-06-21
2024-06-22 00:00:00+00:00,23.6822509765625,27.97599983215332,20.125999450683594,20.721118927001953,38.519996643066406,18.030000686645508,2024-06-22
2024-06-23 00:00:00+00:00,23.990583419799805,28.325998306274414,20.325998306274414,22.881956100463867,44.279998779296875,19.3700008392334,2024-06-23
2024-06-24 00:00:00+00:00,23.64058494567871,29.775999069213867,20.47599983215332,24.795612335205078,48.599998474121094,19.209999084472656,2024-06-24
2024-06-25 00:00:00+00:00,23.60516929626465,27.375999450683594,20.92599868774414,29.957971572875977,53.279998779296875,13.869999885559082,2024-06-25
2024-06-26 00:00:00+00:00,23.394750595092773,27.97599983215332,20.775999069213867,31.722925186157227,57.599998474121094,16.760000228881836,2024-06-26
2024-06-27 00:00:00+00:00,22.35308074951172,25.67599868774414,20.325998306274414,32.91982650756836,57.959999084472656,7.670000076293945,2024-06-27
2024-06-28 00:00:00+00:00,23.821836471557617,29.125999450683594,19.825998306274414,25.842384338378906,47.519996643066406,19.0,2024-06-28
2024-06-29 00:00:00+00:00,23.980165481567383,29.775999069213867,20.22599983215332,21.422269821166992,38.880001068115234,17.790000915527344,2024-06-29
2024-06-30 00:00:00+00:00,23.50933265686035,28.375999450683594,20.275999069213867,19.813087463378906,38.880001068115234,14.210000038146973,2024-06-30
2024-07-01 00:00:00+00:00,22.89058494567871,27.625999450683594,20.125999450683594,22.2647705078125,47.880001068115234,15.109999656677246,2024-07-01
2024-07-02 00:00:00+00:00,24.051000595092773,29.42599868774414,19.97599983215332,26.661882400512695,48.599998474121094,14.789999961853027,2024-07-02
2024-07-03 00:00:00+00:00,23.238502502441406,29.325998306274414,20.025999069213867,22.206485748291016,44.279998779296875,18.40999984741211,2024-07-03
2024-07-04 00:00:00+00:00,22.546831130981445,26.825998306274414,20.22599983215332,19.70815086364746,42.47999954223633,9.600000381469727,2024-07-04
2024-07-05 00:00:00+00:00,23.155166625976562,29.775999069213867,20.17599868774414,20.721118927001953,41.76000213623047,17.010000228881836,2024-07-05
2024-07-06 00:00:00+00:00,22.628082275390625,26.575998306274414,19.97599983215332,27.333934783935547,50.39999771118164,11.420000076293945,2024-07-06
2024-07-07 00:00:00+00:00,23.455169677734375,28.67599868774414,20.42599868774414,26.88214111328125,48.599998474121094,16.469999313354492,2024-07-07
2024-07-08 00:00:00+00:00,23.150999069213867,27.875999450683594,20.125999450683594,22.197729110717773,41.03999710083008,15.739999771118164,2024-07-08
2024-07-09 00:00:00+00:00,23.330167770385742,28.72599983215332,19.67599868774414,23.795427322387695,49.68000030517578,18.610000610351562,2024-07-09
2024-07-10 00:00:00+00:00,23.47391700744629,29.325998306274414,19.42599868774414,20.633371353149414,38.880001068115234,21.31999969482422,2024-07-10
2024-07-11 00:00:00+00:00,23.11766815185547,26.92599868774414,19.775999069213867,19.11054229736328,36.71999740600586,13.170000076293945,2024-07-11
2024-07-12 00:00:00+00:00,22.96558380126953,29.17599868774414,19.72599983215332,22.96393585205078,44.63999557495117,19.610000610351562,2024-07-12
2024-07-13 00:00:00+00:00,22.72808265686035,25.825998306274414,20.47599983215332,27.238941192626953,48.23999786376953,9.720000267028809,2024-07-13
2024-07-14 00:00:00+00:00,22.44683265686035,26.525999069213867,20.525999069213867,27.778379440307617,50.03999710083008,8.8100004196167,2024-07-14
2024-07-15 00:00:00+00:00,21.7155818939209,26.375999450683594,20.275999069213867,27.15555191040039,59.7599983215332,10.4399995803833,2024-07-15
2024-07-16 00:00:00+00:00,21.798913955688477,24.375999450683594,20.125999450683594,29.72344398498535,58.31999969482422,11.649999618530273,2024-07-16
2024-07-17 00:00:00+00:00,22.138498306274414,25.775999069213867,19.97599983215332,30.376829147338867,56.15999984741211,9.329999923706055,2024-07-17
2024-07-18 00:00:00+00:00,22.11766815185547,25.97599983215332,20.47599983215332,33.28004455566406,64.43999481201172,9.890000343322754,2024-07-18
2024-07-19 00:00:00+00:00,21.00724983215332,22.325998306274414,19.775999069213867,27.466371536254883,48.959999084472656,8.010000228881836,2024-07-19
2024-07-20 00:00:00+00:00,22.190584182739258,25.17599868774414,20.17599868774414,32.136932373046875,56.880001068115234,9.199999809265137,2024-07-20
2024-07-21 00:00:00+00:00,22.884336471557617,27.22599983215332,20.47599983215332,32.99847412109375,59.7599983215332,14.84000015258789,2024-07-21
2024-07-22 00:00:00+00:00,23.1843318939209,27.67599868774414,20.575998306274414,32.83113479614258,57.599998474121094,17.399999618530273,2024-07-22
2024-07-23 00:00:00+00:00,23.284332275390625,27.22599983215332,20.72599983215332,29.9146785736084,54.0,16.25,2024-07-23
2024-07-24 00:00:00+00:00,23.163497924804688,27.17599868774414,20.575998306274414,30.54701042175293,54.0,16.739999771118164,2024-07-24
2024-07-25 00:00:00+00:00,22.97391700744629,26.875999450683594,20.72599983215332,36.11501693725586,62.63999557495117,18.299999237060547,2024-07-25
2024-07-26 00:00:00+00:00,23.14058494567871,26.825998306274414,20.97599983215332,35.09769058227539,61.92000198364258,16.389999389648438,2024-07-26
2024-07-27 00:00:00+00:00,23.155166625976562,27.42599868774414,20.625999450683594,34.72647476196289,62.63999557495117,17.3799991607666,2024-07-27
2024-07-28 00:00:00+00:00,22.88224983215332,27.275999069213867,20.325998306274414,34.20000076293945,64.43999481201172,17.229999542236328,2024-07-28
2024-07-29 00:00:00+00:00,23.37599754333496,28.375999450683594,20.625999450683594,30.124065399169922,56.880001068115234,18.700000762939453,2024-07-29
2024-07-30 00:00:00+00:00,21.078081130981445,22.825998306274414,20.075998306274414,24.675106048583984,43.91999816894531,6.920000076293945,2024-07-30
2024-07-31 00:00:00+00:00,22.10308265686035,26.325998306274414,20.125999450683594,21.791152954101562,41.76000213623047,14.199999809265137,2024-07-31
2024-08-01 00:00:00+00:00,22.467666625976562,27.875999450683594,20.325998306274414,26.319421768188477,47.15999984741211,17.81999969482422,2024-08-01
2024-08-02 00:00:00+00:00,22.530168533325195,26.775999069213867,19.67599868774414,25.9324951171875,50.03999710083008,14.930000305175781,2024-08-02
2024-08-03 00:00:00+00:00,22.29475212097168,27.42599868774414,19.47599983215332,25.623300552368164,45.71999740600586,16.260000228881836,2024-08-03
2024-08-04 00:00:00+00:00,23.134336471557617,28.17599868774414,19.17599868774414,21.749481201171875,41.76000213623047,22.450000762939453,2024-08-04
2024-08-05 00:00:00+00:00,22.930166244506836,27.72599983215332,19.125999450683594,15.58430004119873,30.23999786376953,17.09000015258789,2024-08-05
2024-08-06 00:00:00+00:00,22.3093318939209,25.375999450683594,20.375999450683594,15.328560829162598,29.15999984741211,12.819999694824219,2024-08-06
2024-08-07 00:00:00+00:00,21.79474639892578,24.97599983215332,19.525999069213867,17.163354873657227,34.560001373291016,11.850000381469727,2024-08-07
2024-08-08 00:00:00+00:00,22.473915100097656,27.125999450683594,19.575998306274414,17.388408660888672,33.119998931884766,17.68000030517578,2024-08-08
2024-08-09 00:00:00+00:00,23.26558494567871,27.97599983215332,19.72599983215332,18.21827507019043,35.63999938964844,18.600000381469727,2024-08-09
2024-08-10 00:00:00+00:00,22.92807960510254,26.575998306274414,20.325998306274414,16.56391143798828,31.68000030517578,14.8100004196167,2024-08-10
2024-08-11 00:00:00+00:00,23.57183265686035,27.875999450683594,20.22599983215332,14.825706481933594,29.51999855041504,19.700000762939453,2024-08-11
2024-08-12 00:00:00+00:00,24.011415481567383,28.875999450683594,20.275999069213867,13.722564697265625,27.35999870300293,21.860000610351562,2024-08-12
2024-08-13 00:00:00+00:00,23.81766700744629,28.67599868774414,20.275999069213867,11.50311279296875,24.119998931884766,21.399999618530273,2024-08-13
2024-08-14 00:00:00+00:00,24.740583419799805,28.525999069213867,21.22599983215332,11.212135314941406,22.319997787475586,22.729999542236328,2024-08-14
2024-08-15 00:00:00+00:00,24.575998306274414,28.775999069213867,20.97599983215332,11.090103149414062,21.599998474121094,22.81999969482422,2024-08-15
2024-08-16 00:00:00+00:00,23.66558265686035,28.67599868774414,19.775999069213867,11.609650611877441,22.68000030517578,18.18000030517578,2024-08-16
2024-08-17 00:00:00+00:00,23.79266357421875,28.875999450683594,19.47599983215332,11.090103149414062,23.759998321533203,20.780000686645508,2024-08-17
2024-08-18 00:00:00+00:00,24.409334182739258,29.025999069213867,19.17599868774414,7.56856632232666,17.639999389648438,21.860000610351562,2024-08-18
2024-08-19 00:00:00+00:00,23.359331130981445,27.97599983215332,19.92599868774414,8.43506908416748,22.319997787475586,18.920000076293945,2024-08-19
2024-08-20 00:00:00+00:00,23.671831130981445,28.72599983215332,20.275999069213867,15.141413688659668,25.919998168945312,21.020000457763672,2024-08-20
2024-08-21 00:00:00+00:00,23.128082275390625,27.42599868774414,20.025999069213867,20.767974853515625,44.279998779296875,19.81999969482422,2024-08-21
2024-08-22 00:00:00+00:00,23.103086471557617,27.42599868774414,19.22599983215332,26.67403221130371,47.15999984741211,18.959999084472656,2024-08-22
2024-08-23 00:00:00+00:00,23.200998306274414,27.375999450683594,19.075998306274414,22.17144012451172,40.68000030517578,18.489999771118164,2024-08-23
